paper_id,lemma
1,aut0010.1177/13623613261431309autismbarnicot
1,research-article2026
1,autism
1,overlappe
1,differentiating
1,vol.
1,clinical
1,feature
1,autism
1,guideline
1,personality
1,disorder
1,sagepub.com/journals-permission
1,journals.sagepub.com/home/aut
1,woman
1,people
1,assign
1,female
1,birth
1,cross
1,-sectional
1,study
1,kirsten
1,barnicot1
1,elissa
1,thompson1
1,sally
1,turner1
1,mandy2
1,rose
1,mccabe1
1,eloise
1,stark
1,jennie
1,parker
1,abstract
1,previous
1,research
1,suggest
1,potential
1,phenotypic
1,similarity
1,autism
1,borderline
1,personality
1,disorder
1,bpd
1,aim
1,identify
1,overlappe
1,differentiat
1,characteristic
1,diagnostic
1,woman
1,people
1,assign
1,female
1,birth
1,pafab
1,woman
1,pafab
1,autism
1,diagnosis
1,bpd
1,diagnosis
1,subclinical
1,trait
1,comparator
1,diagnosis
1,complete
1,range
1,report
1,questionnaire
1,emotional
1,reactivity
1,emotional
1,dysregulation
1,identity
1,disruption
1,difficulty
1,rejection
1,sensitivity
1,significantly
1,characteristic
1,bpd
1,diagnose
1,participant
1,identity
1,disruption
1,represent
1,biggest
1,difference
1,autistic
1,participant
1,confidence
1,interval
1,autistic
1,participant
1,score
1,significantly
1,highly
1,measure
1,sensory
1,processing
1,social
1,cognition
1,behaviour
1,preference
1,sameness
1,repetitive
1,motor
1,behaviour
1,sensory
1,processing
1,represent
1,biggest
1,difference
1,bpd
1,diagnose
1,participant
1,difference
1,social
1,cognition
1,social
1,camouflaging
1,identity
1,disruption
1,impulsivity
1,cope
1,correctly
1,classify
1,participant
1,curve
1,auc
1,comparison
1,measure
1,score
1,previous
1,research
1,suggest
1,complex
1,phenotypic
1,similarity
1,autistic
1,individual
1,bpd
1,align
1,characteristic
1,population
1,vice
1,versa
1,lay
1,abstract
1,autism
1,similar
1,borderline
1,personality
1,disorder
1,bpd
1,lead
1,diagnostic
1,experience
1,difficulty
1,regulate
1,emotion
1,improve
1,diagnosis
1,understand
1,similarity
1,difference
1,autism
1,bpd
1,adult
1,woman
1,people
1,assign
1,female
1,birth
1,pafab
1,people
1,complete
1,questionnaire
1,woman
1,pafab
1,autism
1,diagnosis
1,meet
1,diagnostic
1,criteria
1,bpd
1,woman
1,pafab
1,diagnose
1,meet
1,diagnostic
1,criteria
1,bpd
1,autistic
1,questionnaire
1,participant
1,experience
1,emotion
1,interact
1,relate
1,people
1,experience
1,identity
1,concept
1,react
1,sensory
1,input
1,sound
1,smell
1,repetitive
1,movement
1,preference
1,sticking
1,familiar
1,difference
1,expect
1,autistic
1,people
1,people
1,meet
1,diagnostic
1,criteria
1,bpd
1,autistic
1,people
1,describe
1,sensitive
1,sensory
1,input
1,describe
1,mask
1,social
1,interaction
1,describe
1,challenge
1,understand
1,social
1,behaviour
1,nonautistic
1,people
1,compare
1,people
1,meet
1,diagnostic
1,criteria
1,bpd
1,people
1,meet
1,diagnostic
1,criteria
1,bpd
1,describe
1,difficulty
1,emotion
1,regulation
1,sense
1,'know
1,city
1,george
1,university
1,london
1,university
1,college
1,london
1,kirsten
1,barnicot
1,department
1,population
1,health
1,policy
1,city
1,university
1,oxford
1,george
1,university
1,"london,1"
1,myddelton
1,street
1,london
1,ec1r
1,email
1,kirsten.barnicot@citystgeorges.ac.uk
1,barnicot
1,behave
1,impulsively
1,difficult
1,compare
1,autistic
1,people
1,clinicians
1,people
1,bpd
1,diagnosis
1,autistic
1,finding
1,understand
1,difference
1,diagnose
1,lot
1,difference
1,autistic
1,people
1,experience
1,similarity
1,bpd
1,non-autistic
1,people
1,vice
1,versa
1,keyword
1,autism
1,co-occurr
1,condition
1,diagnosis
1,health
1,service
1,mental
1,illness
1,sensory
1,profile
1,social
1,cognition
1,social
1,interaction
1,statistical
1,modelling
1,introduction
1,exist
1,study
1,assess
1,key
1,domain
1,potentially
1,differential
1,diagnosis
1,personality
1,disorder
1,bpd
1,sensory
1,processing
1,rejection
1,sensitivity
1,frequent
1,diagnose
1,prior
1,adult
1,autism
1,diagnosis
1,scree
1,bpd
1,diagnose
1,participant
1,check
1,commonly
1,perceived
1,misdiagnosis
1,report
1,undiagnosed
1,autism
1,autistic
1,people
1,kentrou
1,recognise
1,critiautistic
1,participant
1,significant
1,feature
1,bpd
1,cal
1,stance
1,diagnostic
1,construct
1,watt
1,increase
1,apparent
1,similarity
1,diagnostic
1,refer
1,people
1,diagnose
1,meeting
1,diaggroup
1,establish
1,phenotypic
1,similarity
1,nostic
1,criterion
1,bpd
1,people
1,difference
1,exclude
1,individual
1,'have
1,bpd
1,miss
1,autism
1,prevadiagnostic
1,meet
1,diagnostic
1,crilent
1,bpd
1,diagnose
1,woman
1,people
1,assign
1,teria
1,diagnosis
1,inclusion
1,female
1,birth
1,pafab
1,sex
1,individual
1,subclinical
1,trait
1,ence
1,biase
1,result
1,underdiagnosis
1,autism
1,diagnosis
1,overlap
1,identify
1,previous
1,study
1,overdiagnosis
1,bpd
1,braamhorst
1,lai
1,baron
1,cohen
1,clinicians
1,share
1,characteristic
1,autism
1,bpd
1,contribute
1,misdiagnosis
1,include
1,emotional
1,aim
1,hypotheses
1,dysregulation
1,alexithymia
1,identity
1,disruption
1,ave
1,aim
1,identify
1,overlappe
1,differentiat
1,clini
1,gordon
1,lai
1,cal
1,feature
1,characteristic
1,autistic
1,woman
1,pafab
1,baron
1,cohen
1,mcquaid
1,strang
1,jack
1,sarr
1,woman
1,pafab
1,meeting
1,diagnostic
1,criterion
1,bpd
1,peoet
1,al.
1,research
1,conduct
1,separately
1,diagple
1,subclinical
1,trait
1,diagnosis
1,nostic
1,suggest
1,experience
1,level
1,hypothesise
1,characteristic
1,population
1,carpenter
1,trull
1,hull
1,kinnaird
1,difference
1,relate
1,sensory
1,processing
1,social
1,mcquaid
1,strang
1,jack
1,camouflage
1,social
1,cognition
1,social
1,awareness
1,ritzl
1,roberts
1,samson
1,social
1,communication
1,social
1,avoidance
1,weiner
1,emotional
1,dystime
1,repetitive
1,motor
1,behaviour
1,preferregulation
1,identity
1,disruption
1,core
1,diagnostic
1,criteence
1,sameness
1,characteristic
1,ria
1,bpd
1,contrast
1,emotional
1,overwhelm
1,autistic
1,autistic
1,people
1,people
1,meet
1,diagnostic
1,people
1,relate
1,primarily
1,distressing
1,effect
1,criterion
1,bpd
1,hypotheses
1,base
1,sensory
1,overload
1,social
1,demand
1,manage
1,unprethese
1,characteristic
1,diagnostic
1,criterion
1,dictability
1,identity
1,disruption
1,result
1,social
1,autism
1,previously
1,characteristic
1,camouflaging
1,autistic
1,characteristic
1,mcquaid
1,strang
1,jack
1,heighten
1,trauma
1,exposure
1,autis
1,people
1,meet
1,diagnostic
1,criteria
1,bpd
1,tic
1,people
1,complica
1,factor
1,cazalis
1,identify
1,clinician
1,liv
1,experience
1,trauma
1,strongly
1,associ
1,advisory
1,panel
1,potentially
1,differentiat
1,autism
1,develop
1,coping
1,strategy
1,internal
1,bpd
1,cumin
1,gordon
1,experience
1,characteristic
1,bpd
1,porter
1,sarr
1,al.
1,study
1,directly
1,compare
1,autism
1,bpd
1,diagnostic2
1,distress
1,difficulty
1,cop
1,similarity
1,aspect
1,social
1,emo
1,rejection
1,sensitivity
1,characteristic
1,tional
1,cognitive
1,functioning
1,dudas
1,people
1,meet
1,diagnostic
1,criteria
1,bpd
1,duijker
1,insua
1,-summerhays
1,lópez
1,autistic
1,people
1,cumin
1,gordon
1,finding
1,add
1,contention
1,sarr
1,al.
1,hypotheses
1,autism
1,bpd
1,phenotypically
1,similar
1,base
1,characteristic
1,closely
1,relate
1,autism
1,diagnostic
1,criterion
1,bpd
1,fear
1,abandon
1,study
1,team
1,neurodiversity
1,-affirm
1,approach
1,ment
1,previously
1,characteristic
1,autistic
1,trait
1,critical
1,stance
1,regard
1,bpd
1,diagautistic
1,people
1,identify
1,clinician
1,core
1,nostic
1,construct.
1,understand
1,attachment
1,related
1,difficulty
1,underlie
1,bpd
1,potentially
1,differentiate
1,inclusion
1,criteria
1,bpd
1,autism
1,gordon
1,sarr
1,inclusion
1,exclusion
1,criterion
1,assess
1,par
1,emotional
1,reactivity
1,emotional
1,dysregulation
1,ticipant
1,report
1,alexithymia
1,identity
1,disruption
1,experience
1,participant
1,follow
1,childhood
1,trauma
1,differentiate
1,diagnostic
1,hypotheses
1,characteristic
1,identify
1,clini
1,assign
1,female
1,birth
1,afab
1,identify
1,cian
1,lived
1,experience
1,advisory
1,panel
1,woman
1,include
1,afab
1,people
1,previous
1,empirical
1,study
1,characteris
1,gender
1,identity
1,-binary
1,inditic
1,autistic
1,bpd
1,diagnose
1,people
1,vidual
1,tran
1,male
1,include
1,cisgender
1,female
1,identify
1,carpenter
1,trull
1,cazalis
1,hull
1,woman
1,sex
1,assign
1,al.
1,kinnaird
1,lai
1,baronbirth
1,people
1,assign
1,male
1,birth
1,amab
1,cohen
1,mcquaid
1,strang
1,jack
1,include
1,identify
1,woman
1,al.
1,include
1,cisgender
1,woman
1,roberts
1,samson
1,gender
1,diverse
1,individual
1,diagnose
1,weiner
1,autism
1,life
1,receive
1,psychiatric
1,diagnose
1,prior
1,autism
1,diagnosis
1,potential
1,difference
1,intense
1,intermore
1,diagnose
1,bpd
1,cisgenest
1,difference
1,non-verbal
1,communication
1,autism
1,der
1,braamhorst
1,emptiness
1,idealisation
1,devaluation
1,dissociation
1,graham
1,-holmes
1,kentrou
1,bpd
1,discuss
1,extant
1,literature
1,mcquaid
1,ratto
1,posserud
1,evaluate
1,study
1,rodriguez
1,seijas
1,method
1,difficulty
1,differential
1,diagnosis
1,autism
1,bpd
1,design
1,prevalent
1,cisgender
1,exclude
1,cross-sectional
1,survey
1,report
1,questionsex
1,difference
1,socio-communicative
1,naire
1,compare
1,clinical
1,feature
1,autistic
1,participant
1,repetitive
1,motor
1,behaviour
1,domain
1,autism
1,participant
1,meeting
1,diagnostic
1,criterion
1,bpd
1,finding
1,cisgender
1,autistic
1,screen
1,measure
1,eliminate
1,undiagnosed
1,comor
1,generalise
1,cisgender
1,autistic
1,woman
1,bidity
1,diagnostic
1,include
1,indi
1,gender
1,diverse
1,wilson
1,vidual
1,subclinical
1,trait
1,diagnosis.3
1,resident
1,united
1,kingdom
1,autistic
1,participant
1,additionally
1,require
1,participatory
1,methods
1,meet
1,follow
1,criterion
1,study
1,autistic
1,researcher
1,experience
1,bpd
1,diagnosis
1,co-design
1,autis
1,current
1,diagnosis
1,autism
1,spectrum
1,disorder
1,tic
1,researcher
1,co-design
1,research
1,question
1,diagnose
1,personality
1,study
1,design
1,measure
1,selection
1,recruitment
1,data
1,collec
1,disorder
1,tion
1,analysis
1,interpretation
1,dissemination
1,meet
1,diagnostic
1,criterion
1,bpd
1,ings
1,panel
1,people
1,lived
1,experience
1,autism
1,score
1,below7
1,mclean
1,bpd
1,diagnosis
1,panel
1,mental
1,health
1,clini
1,screen
1,instrument
1,personality
1,cian
1,advise
1,aspect
1,study
1,design
1,methodol
1,disorder
1,msi
1,bpd
1,item
1,ogy
1,autistic
1,people
1,involved
1,project
1,co-design
1,measure
1,corresponds
1,diagnostic
1,woman
1,people
1,assign
1,female
1,birth
1,criterion
1,bpd
1,diagnosis
1,cut
1,score
1,autistic
1,individual
1,study
1,experience
1,positionality
1,clinical
1,bpd
1,characteristic
1,provide
1,study
1,autistic
1,researchers
1,combination
1,sensitivity
1,specificexperience
1,bpd
1,diagnosis
1,experience
1,inform
1,ity
1,distinguishing
1,psychiatic
1,patient
1,barnicot
1,versus
1,meet
1,diagnostic
1,criterion
1,research
1,website
1,scottish
1,woman
1,autistic
1,bpd
1,zanarini
1,network
1,participant
1,meet
1,diagnostic
1,criteria
1,bpd
1,procedure
1,require
1,meet
1,follow
1,criterion
1,clinical
1,staff
1,study
1,advert
1,direct
1,potential
1,partici
1,current
1,diagnosis
1,bpd
1,pants
1,qualtric
1,host
1,website
1,score
1,msi
1,bpd
1,zanarini
1,inform
1,consent
1,complete
1,eligibility
1,check
1,suret
1,al.
1,cut
1,score
1,choose
1,opto
1,vey
1,algorithm
1,automatically
1,provide
1,eligible
1,particimise
1,sensitivity
1,expense
1,specificity
1,pants
1,study
1,questionnaire
1,complete
1,zanarini
1,stage
1,potential
1,participant
1,choose
1,endorsement
1,bpd
1,criterion
1,fluctuate
1,complete
1,inform
1,consent
1,eligibility
1,check
1,questime
1,zanarini
1,al.
1,tionnaire
1,person
1,phone
1,video
1,call
1,diagnose
1,autism
1,spectrum
1,research
1,team
1,staff
1,disorder
1,autistic
1,nhs
1,r&d
1,team
1,participant
1,complete
1,quesor
1,possibly
1,autistic
1,refer
1,autism
1,tionnaire
1,send
1,voucher
1,assessament
1,meet
1,diagnostic
1,criterion
1,autism
1,measure
1,scoring
1,ritvo
1,autism
1,asperger
1,diagnostic
1,scale
1,revise
1,raad
1,total
1,subscale
1,score
1,measure
1,construct
1,eriksson
1,autism
1,line
1,hypotheses
1,measure
1,spectrum
1,quotient
1,allison
1,plet
1,participant
1,compare
1,clinical
1,feature
1,enable
1,participation
1,individual
1,diagnostic
1,subclinical
1,autistic
1,trait
1,cut
1,raad
1,recommend
1,usual
1,adult
1,repetitive
1,behaviours
1,questionnaire2
1,cut
1,offer
1,combination
1,arbq
1,subscale
1,assess
1,repetitive
1,motor
1,sensitivity
1,specificity
1,psychiatric
1,popula
1,behaviour
1,insistence
1,sameness
1,barrett
1,tion
1,eriksson
1,pants
1,raads
1,score
1,over23
1,participate
1,adverse
1,childhood
1,experiences
1,international
1,score
1,questionnaire
1,ace
1,world
1,health
1,organisation
1,optional
1,questionnaire
1,assess
1,childhood
1,experience
1,parental
1,car
1,exclusion
1,criteria
1,egiver
1,emotional
1,abuse
1,parental
1,caregiver
1,physical
1,exclude
1,participant
1,abuse
1,sexual
1,assault
1,bullying
1,detail
1,operationalise
1,variable
1,diagnose
1,schizophrenia
1,spectrum
1,disorder
1,supplementary
1,information
1,box1
1,moderate
1,severe
1,learn
1,difficulty
1,camouflage
1,autistic
1,traits
1,questionnaire
1,cat
1,assess
1,strategy
1,compensate
1,mask
1,autistic
1,characteristic
1,hull
1,sample
1,size
1,calculation
1,difficulties
1,emotion
1,regulation
1,scale
1,ders
1,aim
1,autistic
1,people
1,people
1,meet
1,subscale
1,assess
1,non-acceptance
1,emotional
1,diagnostic
1,criteria
1,bpd
1,enable
1,detect
1,clini
1,response
1,difficulty
1,goal
1,direct
1,behaviour
1,cally
1,difference
1,medium
1,effect
1,size
1,impulse
1,control
1,difficulty
1,limit
1,emod
1,power
1,alpha
1,tion
1,regulation
1,strategy
1,lack
1,emotional
1,awareness
1,lack
1,emotional
1,clarity
1,gratz
1,roemer
1,recruitment
1,emotional
1,reactivity
1,scale
1,assess
1,emotional
1,participant
1,recruit
1,january2023
1,reactivity
1,nock
1,july2023
1,staff
1,adult
1,autism
1,personality
1,disorder
1,experience
1,time
1,scale
1,etas
1,subscale
1,research
1,development
1,r&d
1,service
1,assess
1,escape
1,diffi
1,trusts
1,north
1,west
1,north
1,east
1,midlands
1,culty
1,cop
1,intolerable
1,distress
1,south
1,east
1,region
1,england
1,identify
1,potentially
1,eligi
1,vardy
1,ble
1,service
1,users
1,research
1,r&d
1,team
1,advertise
1,glasgow
1,sensory
1,questionnaire
1,gsq
1,assess
1,study
1,flyer
1,nhs
1,waiting
1,social
1,hyper
1,hypo
1,sensory
1,sensitivity
1,robertson
1,media
1,national
1,institute
1,health
1,research
1,simmons
1,autism
1,inventory
1,interpersonal
1,personality
1,confounding
1,variable
1,clinical
1,demographic
1,charac
1,disorder
1,scale
1,interpersonal
1,sensitivity
1,teristic
1,frequency
1,diagnostic
1,scale
1,iip
1,-pd
1,assess
1,rejection
1,sensitivity
1,affect
1,perform
1,model
1,kim
1,pilkonis
1,predict
1,membership
1,-concept
1,identity
1,measure
1,scim
1,assess
1,identity
1,difficulty
1,kaufman
1,result
1,social
1,responsiveness
1,scale
1,version2
1,adult
1,report
1,srs
1,asr
1,subscale
1,assess
1,social
1,description
1,sample
1,cognition
1,social
1,awareness
1,social
1,communication
1,total
1,individual
1,consent
1,participate
1,meet
1,social
1,motivation
1,constantino
1,gruber
1,eligibility
1,criterion
1,complete
1,compulsory
1,study
1,measure
1,comprise
1,autistic
1,individual
1,individual
1,meet
1,diagnostic
1,criteria
1,bpd
1,measure
1,score
1,difference
1,potential
1,participant
1,difficulty
1,compare
1,population
1,norm
1,measure
1,meet
1,eligibility
1,criterion
1,participant
1,meet
1,elihave
1,evidence
1,reliability
1,construct
1,validity
1,gibility
1,criterion
1,complete
1,compulsory
1,study
1,concurrent
1,convergent
1,validity
1,barrett
1,bölte
1,measure
1,exclude
1,detail
1,borge
1,gratz
1,roemer
1,hallion
1,supplementary
1,information
1,hull
1,kaufman
1,kerrparticipant
1,characteristic
1,summarise
1,table
1,gaffney
1,kim
1,pilkonis
1,detail
1,supplementary
1,meinck
1,al.
1,nock
1,al.
1,information
1,meet
1,diagnostic
1,robertson
1,simmons
1,stern
1,criterion
1,bpd
1,score
1,msi
1,bpd
1,vardy
1,internal
1,consistency
1,measure
1,autistic
1,participant
1,score
1,sample
1,acceptable
1,iip
1,alpha
1,measure
1,subclinical
1,bpd
1,trait
1,arbq
1,alpha
1,excellent
1,meas
1,similarly
1,bpd
1,diagnose
1,participant
1,alpha
1,range
1,raad
1,score
1,cut
1,recommend
1,cut
1,-off
1,offer
1,speci
1,analysis
1,ficity
1,psychiatric
1,population
1,score
1,raad
1,stata
1,version
1,identify
1,subclinical
1,autistic
1,trait
1,remove
1,bot
1,response
1,publish
1,criterion
1,storozuk
1,indicator
1,supplementary
1,highly
1,meet
1,diagnostic
1,criterion
1,information
1,box
1,measure
1,distribution
1,autism
1,assess
1,sktest
1,command
1,evaluate
1,skewness
1,kurtosis
1,cohen
1,effect
1,size
1,independent
1,sam
1,difference
1,diagnostic
1,ple
1,-test
1,calculate
1,compare
1,score
1,autistic
1,participant
1,participant
1,meeting
1,diagnostic
1,criterion
1,difference
1,autistic
1,participant
1,parfor
1,bpd
1,non-normally
1,distribute
1,variable
1,sensitivticipant
1,meeting
1,criterion
1,bpd
1,ity
1,analysis
1,mann
1,whitney
1,test
1,effect
1,size
1,score
1,comparison
1,conduct
1,stepwise
1,hypothesise
1,effect
1,size
1,follow
1,binary
1,logistic
1,regression
1,conduct
1,predict
1,feature
1,significantly
1,characteristic
1,autistic
1,membership
1,dependent
1,variable
1,autistic
1,bpd
1,participant
1,meeting
1,criterion
1,bpd
1,sen
1,questionnaire
1,total
1,subscale
1,score
1,sigsory
1,processing
1,difference
1,social
1,cognition
1,difference
1,nificantly
1,add
1,model
1,preference
1,sameness
1,repetitive
1,motor
1,behaviour
1,social
1,cohen
1,effect
1,size
1,camouflage
1,difference
1,social
1,awareness
1,difference
1,significantly
1,predict
1,membership
1,social
1,communication
1,time
1,low
1,improve
1,model
1,fit
1,remove
1,model
1,social
1,motivation
1,hypothesise
1,distress
1,difficulty
1,compare
1,likelihood
1,ratio
1,test
1,coping
1,rejection
1,sensitivity
1,curve
1,auc
1,analysis
1,derive
1,model
1,cantly
1,characteristic
1,people
1,meet
1,diagnostic
1,receiver
1,operate
1,characteristic
1,curve
1,roc
1,criteria
1,bpd
1,autistic
1,people
1,contrary
1,model
1,sensitivity
1,specificity
1,positive
1,likelihood
1,hypothesis
1,emotional
1,reactivity
1,emotional
1,dysregulation
1,ratio
1,negative
1,likelihood
1,ratio
1,percentage
1,identity
1,disturbance
1,significantly
1,charcase
1,correctly
1,classify
1,calculate
1,observaacteristic
1,people
1,meet
1,diagnostic
1,criteria
1,bpd
1,tion
1,classify
1,positive
1,predict
1,probability
1,identity
1,disturbance
1,represent
1,biggest
1,differwa
1,sensitivity
1,analyse
1,undertaken
1,ence
1,autistic
1,participant
1,hypothesise
1,emoto
1,ascertain
1,childhood
1,trauma
1,potentially
1,tional
1,clarity
1,subscale
1,der
1,equally
1,impaired
1,barnicot
1,key
1,participant
1,characteristics
1,autistic
1,participant
1,participant
1,meet
1,diagnostic
1,criteria
1,bpd
1,sex
1,birth
1,assign
1,female
1,birth49
1,assign
1,male
1,birth2
1,gender
1,identity
1,cisgender
1,female37
1,transgender
1,a14
1,age
1,to3421
1,to4413
1,to642
1,ethnicity
1,white
1,british
1,black
1,minority
1,ethnic
1,postgraduate
1,education
1,yes24
1,no27
1,mental
1,health
1,service
1,unsure40
1,adhd
1,diagnosis
1,raad
1,raad
1,raad
1,raad
1,msi
1,bpd
1,msi
1,-bpd
1,msi
1,bpd
1,msi
1,-bpd
1,parental
1,emotional
1,abuse12
1,c34
1,parental
1,physical
1,e23
1,childhood
1,sexual
1,assault13
1,bullying
1,c16
1,includes
1,transgender
1,female
1,-binary
1,agender
1,gender
1,fluid
1,reject
1,gender
1,construct
1,detailed
1,breakdown
1,supplementary
1,information
1,detailed
1,breakdown
1,supplementary
1,information
1,class
1,=49
1,combination
1,characteristics
1,effect
1,size
1,majority
1,idento
1,fied
1,difference
1,moderate
1,prediction
1,diagnostic
1,sensitivity
1,analysis
1,mann
1,whitney
1,test
1,non-parametric
1,data
1,summary
1,model
1,fit
1,statistic
1,forward
1,entry
1,difference
1,remain
1,statistically
1,significant
1,binary
1,logistic
1,regression
1,model
1,predict
1,membership
1,difference
1,score
1,group1
1,autistic
1,participant
1,group2
1,meeting
1,ranking
1,cohen
1,effect
1,size
1,supplementary
1,nostic
1,criterion
1,bpd
1,enter
1,effect
1,size
1,information
1,table
1,supplementary
1,information
1,table3
1,autism
1,glasgow
1,gsq
1,scale
1,time
1,experience
1,etas
1,scale
1,reactivity
1,version
1,emotional
1,scale
1,responsiveness
1,ers
1,groups.
1,scale
1,regulation
1,diagnostic
1,social
1,bpd
1,bpd
1,bpd
1,emotion
1,srs
1,scale
1,disorder
1,behaviour
1,difficulties
1,personality
1,autism
1,autism
1,autism
1,repetitive
1,der
1,disorder
1,disorder
1,borderline
1,personality
1,personality
1,distress
1,bpd
1,borderline
1,autism
1,criterion
1,distress
1,strategy
1,diagnostic
1,bpd
1,interpersonal
1,distress
1,questionnaire
1,regulation
1,meeting
1,behaviour
1,difference
1,participant
1,diagnostic
1,inventory
1,camouflaging
1,emotion
1,awareness
1,behaviour
1,participant
1,emotion
1,difficulties
1,goal
1,direct
1,behaviour
1,difference
1,difficulty
1,reactivity
1,sensitivity
1,sameness
1,clarity
1,autistic
1,iip
1,communication
1,distress
1,accessing
1,similarity
1,motor
1,emotional
1,emotional
1,control
1,non-acceptance
1,repetitive
1,motivation
1,escape
1,social
1,awareness
1,emotional
1,characteristic
1,questionnaire
1,interpersonal
1,cognition
1,identity
1,characteristic
1,sensory
1,characteristic
1,cope
1,insistence
1,repetitive
1,intolerable
1,difficulties
1,difficulty
1,impulse
1,adult
1,total
1,total
1,lack
1,lack
1,social
1,social
1,social
1,social
1,total
1,measure
1,cat
1,table
1,equally
1,sensory
1,arbq
1,arbq
1,iip
1,ders
1,ders
1,ders
1,ders
1,ders
1,ders
1,arbq
1,etas
1,scim
1,etas
1,etas
1,gsq
1,ers
1,srs
1,srs
1,srs
1,srs
1,barnicot
1,classification
1,supplementary
1,information
1,variance
1,inflation
1,factor
1,low
1,step
1,range
1,table
1,models
1,detail
1,process
1,select
1,optimal
1,model
1,supplementary
1,information
1,box3
1,table4
1,discussion
1,total
1,concept
1,identity
1,difficulty
1,scim
1,score
1,robust
1,comprehensive
1,comparison
1,enter
1,improve
1,explanatory
1,power
1,diagnostic
1,difference
1,null
1,model
1,supplementary
1,information
1,table3
1,expect
1,autism
1,bpd
1,difference
1,model
1,correctly
1,classify
1,participant
1,apparent
1,include
1,individual
1,etas
1,intolerable
1,distress
1,gsq
1,subclinical
1,trait
1,comparator
1,diagnosis
1,align
1,total
1,sensory
1,sensitivity
1,score
1,initially
1,significant
1,diagnostic
1,construct
1,additions
1,model
1,non-significant
1,srs
1,social
1,cognition
1,subscale
1,score
1,add
1,supplementary
1,model
1,supplementary
1,table
1,interpretation
1,findings
1,comparison
1,remove
1,final
1,model
1,offer
1,research
1,parsimonious
1,fit
1,data
1,consist
1,follow
1,variable
1,significantly
1,inde
1,comparison
1,population
1,contextualpendently
1,predict
1,membership
1,scim
1,identity
1,dis
1,ise
1,finding
1,understand
1,parturbance
1,total
1,odd
1,ratio
1,confidence
1,ticipant
1,score
1,measure
1,compare
1,score
1,interval
1,ders
1,impulse
1,con
1,population
1,non-clinical
1,sample
1,con
1,trol
1,srs
1,social
1,ducte
1,literature
1,search
1,identify
1,largest
1,study
1,study
1,measure
1,populacognition
1,tion
1,sample
1,comparison
1,sample
1,score
1,etas
1,cope
1,population
1,sample
1,table3.
1,cat
1,social
1,camouflaging
1,total
1,model
1,characteristic
1,typically
1,associate
1,bpd
1,modan
1,auc
1,sensitivity
1,erate
1,difference
1,suggest
1,heighten
1,emotional
1,specificity
1,positive
1,likelihood
1,ratio
1,reactivity
1,dysregulation
1,identity
1,difficulty
1,difficulty
1,negative
1,likelihood
1,ratio
1,rejection
1,sensitivity
1,bpd
1,partici
1,differentiating
1,group1
1,group2
1,pants
1,compare
1,autistic
1,participant
1,comcorrectly
1,classify
1,participant
1,supplementary
1,parison
1,sample
1,score
1,previous
1,research
1,information
1,table3
1,model
1,measure
1,suggest
1,autistic
1,individual
1,experience
1,increase
1,difficulty
1,assessment
1,confounder
1,pare
1,population
1,table
1,previous
1,research
1,similar
1,pattern
1,heighten
1,emotional
1,dysregu
1,table
1,childhood
1,experience
1,parental
1,carlation
1,autistic
1,adult
1,compare
1,non-clinical
1,samples
1,emotional
1,abuse
1,parental
1,physical
1,abuse
1,heighten
1,emotional
1,dysregulation
1,sexual
1,assault
1,bullying
1,common
1,diagnostic
1,bpd
1,diagnose
1,people
1,bemmouna
1,mild
1,bullying
1,experience
1,level
1,identity
1,disruption
1,autistic
1,sample
1,significantly
1,common
1,meet
1,diagnostic
1,relate
1,effect
1,social
1,camouflaging
1,mild
1,level
1,criterion
1,bpd
1,parental
1,caregiver
1,emotional
1,abuse
1,rejection
1,sensitive
1,dysphoria
1,distress
1,difficulty
1,parental
1,physical
1,abuse
1,coping
1,stem
1,experience
1,childhood
1,sexual
1,assault
1,social
1,rejection
1,alienation
1,loneliness
1,ave
1,hull
1,bully
1,non-cisgender
1,mcquaid
1,strang
1,jack
1,postgraduate
1,education
1,co-occurr
1,attention
1,-deficit
1,autism
1,diagnosis
1,reduce
1,emotional
1,dishyperactivity
1,disorder
1,adhd
1,diagnose
1,substantially
1,tress
1,increase
1,identity
1,consolidation
1,gray
1,prevalent
1,autism
1,kiehl
1,al.
1,potentially
1,undiagnosed
1,autistic
1,individu
1,bpd
1,mental
1,health
1,seral
1,experience
1,severe
1,difficulty
1,postvice
1,substantially
1,prevalent
1,bpd
1,diagnosis
1,sample
1,table
1,add
1,model
1,characteristic
1,lack
1,emotional
1,clarity
1,sole
1,variable
1,predict
1,membership
1,supplementary
1,differentiate
1,diagnostic
1,contradict
1,information
1,table3
1,model
1,variable
1,indesome
1,clinician
1,views
1,diagnose
1,people
1,pendent
1,predictor
1,parental
1,caregiver
1,physical
1,difficulty
1,identify
1,emotion
1,autistic
1,abuse
1,people
1,cumin
1,al.
1,alexithymia
1,relate
1,model
1,include
1,variable
1,result
1,reduce
1,sensitrauma
1,link
1,dissociation
1,people
1,meet
1,diagnostic
1,tivity
1,specificity
1,correct
1,autism
1,table3
1,comparison
1,sample
1,measure
1,scores
1,research
1,population
1,samples
1,autism
1,bpd
1,population
1,autism
1,bpd
1,population
1,measure
1,gsq
1,total
1,sensory
1,difference
1,benefit
1,class
1,rbq
1,repetitive
1,motor
1,behaviour
1,autism
1,bpd
1,population
1,cat
1,social
1,camouflaging
1,eta
1,escape
1,care
1,rbq
1,insistence
1,sameness
1,srs
1,social
1,awareness
1,srs
1,social
1,cognition
1,srs
1,social
1,communication
1,srs
1,social
1,motivation
1,bpd
1,autism
1,population
1,impulse
1,control
1,difficulty
1,distress
1,bpd
1,autism
1,population
1,ders
1,difficulty
1,emotion
1,regulation
1,strategy
1,distress
1,ders
1,difficulty
1,goal
1,direct
1,behaviour
1,distress
1,ders
1,lack
1,emotional
1,awareness
1,ders
1,non-acceptance
1,emotion
1,total
1,emotional
1,reactivity
1,eta
1,cope
1,intolerable
1,distress
1,iip
1,interpersonal
1,sensitivity
1,scim
1,total
1,identity
1,difficulty
1,bpd
1,autism
1,population
1,ders
1,lack
1,emotional
1,clarity
1,comparison
1,illustrative
1,identify
1,research
1,population
1,sample
1,design
1,sample
1,selection
1,research
1,barnard
1,brak
1,barrett
1,hull
1,lewis
1,pers.comm
1,borge
1,gratz
1,roemer
1,byrne
1,stern
1,kaufman
1,criterion
1,bpd
1,sensory
1,process
1,difference
1,measure
1,non-clinical
1,samples
1,suggest
1,peoautistic
1,people
1,kinnaird
1,ple
1,meet
1,diagnostic
1,criteria
1,bpd
1,experience
1,increase
1,difficulty
1,compare
1,characteristics
1,typically
1,associate
1,autism
1,population
1,table
1,mild
1,autism
1,align
1,moderate
1,difference
1,social
1,avoidance
1,social
1,difference
1,aspect
1,social
1,interaction
1,cognition
1,social
1,awareness
1,social
1,motivation
1,social
1,explain
1,social
1,anxiety
1,trauma
1,related
1,shame
1,difcamouflage
1,heighten
1,preference
1,sameness
1,ficulty
1,trust
1,people
1,meeting
1,diagnostic
1,criterion
1,autistic
1,participant
1,compare
1,partici
1,bpd
1,hull
1,al.
1,jørgensen
1,bøye
1,south
1,pants
1,meeting
1,diagnostic
1,criterion
1,bpd
1,identify
1,al.
1,degree
1,preference
1,sameness
1,social
1,difference
1,understand
1,relation
1,link
1,safety
1,seek
1,cognitive
1,rigidity
1,ble
1,empathy
1,autistic
1,non-autistic
1,follow
1,trauma
1,attar
1,individuals
1,experience
1,mutual
1,difficulty
1,understand
1,differentiating
1,autism
1,bpd
1,milton
1,comparison
1,identify
1,sample
1,score
1,previous
1,research
1,diagnosis
1,-align
1,difference
1,autistic
1,barnicot
1,bpd
1,diagnose
1,participant
1,tentative
1,comparison
1,administer
1,report
1,questionnaire
1,cliniour
1,finding
1,population
1,score
1,previous
1,cal
1,interview
1,assess
1,social
1,cognition
1,social
1,camouresearch
1,suggest
1,characteristic
1,flage
1,identity
1,difficulty
1,impulsivity
1,difficulty
1,extent
1,transdiagnostically
1,relative
1,coping
1,sensory
1,processing
1,repetitive
1,population
1,table
1,suggest
1,motor
1,behaviour
1,additional
1,measure
1,account
1,severity
1,extent
1,difficulty
1,guide
1,clinical
1,decision
1,onwards
1,referral
1,differential
1,diagnosis
1,fuller
1,personality
1,autism
1,diagnostic
1,assessments
1,exception
1,impulsivity
1,autistic
1,sample
1,aid
1,clinician
1,question
1,assess
1,score
1,similarly
1,population
1,sample
1,table
1,domain
1,study
1,supplementary
1,gratz
1,roemer
1,fits
1,views
1,autism
1,information
1,box4
1,difference
1,characterise
1,behavioural
1,-control
1,extent
1,transdiagnosdisinhibition
1,lynch
1,addition
1,bpd
1,sample
1,tically
1,suggest
1,account
1,scor
1,similarly
1,gsq
1,sensory
1,sensitivity
1,severity
1,extent
1,difficulty
1,maktionnaire
1,repetitive
1,motor
1,behaviour
1,rbq
1,differential
1,diagnosis
1,scale
1,population
1,sample
1,table
1,barnard
1,brak
1,future
1,research
1,identify
1,subset
1,al.
1,barrett
1,contradict
1,delphi
1,item
1,guide
1,referral
1,decisions
1,study
1,clinician
1,feel
1,encounter
1,sensory
1,dif
1,test
1,larger
1,samples
1,include
1,ference
1,people
1,bpd
1,sarr
1,matched
1,population
1,comparison
1,arm
1,sufficient
1,afab
1,amab
1,gender
1,diverse
1,individual
1,investigate
1,difference
1,sex
1,assign
1,birth
1,gen
1,strength
1,limitation
1,der
1,identity
1,diagnosntic
1,interview
1,estab
1,study
1,sample
1,draw
1,united
1,lish
1,meet
1,diagnostic
1,criterion
1,kingdom
1,represent
1,range
1,age
1,gender
1,condition
1,subgroup
1,people
1,bpd
1,diagnosis
1,diverse
1,sample
1,educate
1,level
1,autistic
1,trait
1,vice
1,versa
1,degree
1,level
1,ethnic
1,diversity
1,lack
1,include
1,understand
1,tromans
1,carefully
1,threshclinical
1,screening
1,measure
1,include
1,individual
1,subclinical
1,trait
1,comparator
1,diagnosis
1,acknowledgement
1,meet
1,diagnostic
1,criterion
1,participant
1,time
1,carry
1,diagnostic
1,interview
1,expertise
1,grateful
1,advice
1,feedback
1,represent
1,robust
1,method
1,establish
1,receive
1,lived
1,experience
1,advisory
1,panel
1,jenn
1,layton
1,exclude
1,participant
1,annable
1,barnes
1,eva
1,broeckelmann
1,eloise
1,curtis
1,peg
1,undiagnosed
1,comorbidity
1,screen
1,digitalis
1,sarah
1,labovitch
1,sheena
1,dean
1,clinician
1,reduce
1,sample
1,variance
1,relative
1,wider
1,sory
1,panel
1,mike
1,crawford
1,tennyson
1,lee
1,silvia
1,murguia
1,diagnostic
1,population
1,dissimi
1,rachael
1,line
1,richard
1,smith
1,richard
1,pender
1,harriet
1,fletcher
1,simon
1,graham
1,lar
1,accessibility
1,include
1,measure
1,autistic
1,people
1,threaten
1,term
1,language
1,orcid
1,ids
1,structure
1,ambiguous
1,imprecise
1,metaphorical
1,evaluate
1,nicolaidis
1,kirsten
1,barnicot
1,comparison
1,previous
1,research
1,measure
1,mandy
1,population
1,affect
1,difference
1,sample
1,characteristic
1,study
1,design
1,ethical
1,consideration
1,study
1,represent
1,comprehensive
1,assert
1,procedure
1,contribute
1,parison
1,diagnostic
1,date
1,potential
1,comply
1,ethical
1,standard
1,relevant
1,national
1,additional
1,difference
1,intense
1,institutional
1,committee
1,human
1,experimentation
1,difference
1,non-verbal
1,communication
1,autism
1,empti
1,helsinki
1,declaration
1,revise
1,in2013
1,procedure
1,ness
1,idealisation
1,devaluation
1,dissociation
1,bpd
1,involve
1,human
1,subject
1,patient
1,approve
1,west
1,evaluate
1,study
1,midlands
1,south
1,birmingham
1,national
1,health
1,service
1,nhs
1,research
1,ethics
1,committee
1,january
1,rec
1,ref.
1,iras
1,conclusion
1,previous
1,research
1,screen
1,measure
1,contributions
1,insufficient
1,differentiate
1,autism
1,kirsten
1,barnicot
1,conceptualisation
1,data
1,curation
1,formal
1,bpd
1,half
1,bpd
1,diagnose
1,individual
1,score
1,analysis
1,fund
1,acquisition
1,investigation
1,methodology
1,cut
1,duda
1,base
1,project
1,administration
1,validation
1,visualisation
1,writing
1,finding
1,woman
1,pafab
1,additionally
1,inal
1,draft
1,writing
1,review
1,editing
1,autism
1,elissa
1,thompson
1,conceptualisation
1,investigation
1,methodology
1,barnard
1,brak
1,watkins
1,richman
1,write
1,review
1,editing
1,examine
1,relation
1,report
1,asd
1,symp
1,sally
1,turner
1,conceptualisation
1,methodology
1,writing
1,review
1,tom
1,sensory
1,sensitivity
1,community
1,base
1,editing
1,sample
1,adult
1,developmental
1,neurorehabilitation
1,mandy
1,conceptualisation
1,funding
1,acquisition
1,metho
1,dology
1,writing
1,review
1,editing
1,barrett
1,uljarević
1,baker
1,richdale
1,rose
1,mccabe
1,conceptualisation
1,funding
1,acquisition
1,metho
1,jones
1,leekam
1,adult
1,repetitive
1,dology
1,writing
1,review
1,editing
1,behaviours
1,questionnaire
1,rbq
1,report
1,eloise
1,stark
1,conceptualisation
1,funding
1,acquisition
1,metho
1,measure
1,restrict
1,repetitive
1,behaviour
1,journal
1,dology
1,writing
1,review
1,editing
1,autism
1,developmental
1,disorders
1,jennie
1,parker
1,conceptualisation
1,data
1,curation
1,funding
1,bemmouna
1,lagzouli
1,weiner
1,biosocial
1,acquisition
1,investigation
1,methodology
1,writing
1,review
1,correlate
1,predictor
1,emotion
1,dysregulation
1,autisediting
1,tic
1,adult
1,compare
1,personality
1,disorder
1,nonclinical
1,control
1,molecular
1,autism
1,funding
1,bölte
1,report
1,social
1,responsiveness
1,scale
1,adult
1,srs
1,initial
1,result
1,german
1,cohort
1,journal
1,disclose
1,receipt
1,follow
1,financial
1,support
1,autism
1,developmental
1,disorders
1,research
1,authorship
1,publication
1,borge
1,otoni
1,lima
1,schelini
1,fund
1,grant
1,word
1,carry
1,social
1,responsibility
1,scale
1,srs
1,validity
1,evidence
1,mcpin
1,foundation
1,ref
1,research
1,award
1,base
1,internal
1,structure
1,psicologia
1,teoria
1,pesquisa
1,e39nspe
1,declaration
1,conflict
1,braamhorst
1,lobbestael
1,emons
1,arntz
1,witteman
1,bekker
1,sex
1,bia
1,declare
1,potential
1,conflict
1,classifying
1,borderline
1,narcissistic
1,personality
1,disorrespect
1,research
1,authorship
1,publication
1,der
1,journal
1,nervous
1,mental
1,disease
1,byrne
1,makol
1,keeley
1,los
1,reyes
1,data
1,availability
1,statement
1,psychometric
1,property
1,emotion
1,reactiv
1,pseudonymise
1,data
1,support
1,finding
1,study
1,ity
1,scale
1,community
1,screening
1,assessments
1,journal
1,reasona
1,psychopathology
1,behavioral
1,assessment
1,ble
1,request.740
1,carpenter
1,trull
1,component
1,emotion
1,inform
1,consent
1,dysregulation
1,personality
1,disorder
1,review
1,current
1,psychiatry
1,report
1,write
1,inform
1,consent
1,obtain
1,participant
1,cazalis
1,reyes
1,leduc
1,gourion
1,evidence
1,autistic
1,woman
1,victim
1,supplemental
1,material
1,sexual
1,violence
1,frontiers
1,behavioral
1,neuroscience
1,supplemental
1,material
1,chaim
1,almeida
1,vries
1,albertin
1,santana
2,healthcraddock
2,research-article2025
2,health
2,navigating
2,residual
2,vol.
2,diagnostic
2,category
2,guideline
2,live
2,experience
2,woman
2,sagepub.com/journals-permission
2,diagnose
2,autism
2,journals.sagepub.com/home/hea
2,adhd
2,adulthood
2,emma
2,craddock
2,birmingham
2,city
2,university
2,abstract
2,conceptualise
2,combine
2,autism
2,adhd
2,audhd
2,diagnosis
2,residual
2,category
2,formally
2,represent
2,diagnostic
2,system
2,address
2,critical
2,gap
2,neurodiversity
2,research
2,interpretative
2,phenomenological
2,analysis
2,email
2,interview
2,woman
2,diagnose
2,adulthood
2,examine
2,ambivalence
2,arise
2,inhabit
2,liminal
2,diagnostic
2,space
2,residuality
2,generate
2,conflict
2,feeling
2,autism
2,adhd
2,result
2,fragmented
2,identitie
2,shape
2,societal
2,narrative
2,interpersonal
2,perception
2,theme
2,include
2,contradiction
2,autism
2,adhd
2,separate
2,brain
2,complementary
2,relationship
2,coin
2,tension
2,neurodiversity
2,medicalisation
2,narrative
2,'autism
2,adhd
2,add
2,resolve
2,ambivalence
2,participant
2,seek
2,objective
2,understanding
2,condition
2,distinguished
2,neurodivergent
2,neurotypical
2,identity
2,collectively
2,narrative
2,reveal
2,fluid
2,dynamic
2,understanding
2,audhd
2,study
2,explore
2,liv
2,experience
2,adult
2,diagnose
2,autism
2,adhd
2,contribution
2,develop
2,audhd
2,phenomenology
2,analytical
2,framework
2,amplify
2,voice
2,woman
2,historically
2,marginalise
2,finding
2,underscore
2,integrate
2,diagnostic
2,process
2,tailor
2,support
2,foster
2,cohesive
2,identity
2,contribute
2,neurodiversity
2,literature
2,broadend
2,understanding
2,categorical
2,system
2,illuminate
2,complexity
2,navigat
2,residual
2,diagnostic
2,spaces
2,keyword
2,adulthood
2,adhd
2,ambivalence
2,autism
2,co-morbidity
2,diagnosis
2,gender
2,emma
2,craddock
2,academic
2,development
2,department
2,birmingham
2,city
2,university
2,seacole
2,building
2,city
2,south
2,campus
2,birmingham
2,b15
2,3tn
2,email
2,emma.craddock@bcu.ac.uk
2,health
2,introduction
2,daily
2,life
2,constant
2,battle
2,single
2,track
2,mind
2,myriad
2,jumble
2,brain
2,frustrated
2,lose
2,earbud
2,nth
2,time
2,adhd
2,regulate
2,autism
2,lot
2,time
2,feel
2,contradiction
2,meredith
2,delve
2,complex
2,narrative
2,meredith
2,live
2,combine
2,adult
2,diagnose
2,autism
2,attention
2,deficit
2,hyperactivity
2,disorder
2,adhd
2,describe
2,story
2,fit
2,category
2,star
2,bowker
2,autism
2,adhd
2,define
2,separately
2,edition
2,american
2,psychiatric
2,association
2,apa
2,diagnostic
2,statistical
2,manual
2,american
2,psychiatric
2,association
2,apa
2,depict
2,joint
2,diagnosis
2,autism
2,adhd
2,audhd
2,residual
2,category
2,interpretative
2,phenomenological
2,analysis
2,reveal
2,experience
2,inhabit
2,residual
2,category
2,ambivalence
2,woman
2,audhd
2,narrative
2,simultaneous
2,conflict
2,feeling
2,contradictory
2,complementary
2,interaction
2,autism
2,adhd
2,interplay
2,condition
2,identity
2,separate
2,validity
2,diagnostic
2,category
2,participant
2,ambivalence
2,reflect
2,tension
2,broader
2,societal
2,narrative
2,rationalise
2,autism
2,adhd
2,medical
2,neurodiversity
2,model
2,findings
2,challenge
2,inflexibility
2,current
2,diagnostic
2,system
2,highlight
2,nuance
2,integrate
2,approaches
2,assessment
2,post-diagnostic
2,support
2,reduce
2,ambivalence
2,foster
2,cohesive
2,identity
2,methodological
2,contribution
2,literature
2,re-story
2,neurodiversity
2,bertilsdotter
2,rosqvist
2,murray
2,autistic
2,phenomenology
2,milton
2,develop
2,audhd
2,phenomenology
2,centre
2,liv
2,experience
2,autistic
2,adhd
2,woman
2,apply
2,audhd
2,frame
2,adhd
2,autism
2,medical
2,model
2,neurodiversity
2,adhd
2,autism
2,spectrum
2,disorder
2,asd
2,define
2,dsm
2,neurodevelopmental
2,disorder
2,impacte
2,individual
2,childhood
2,apa
2,adhd
2,characterise
2,persistent
2,inattention
2,hyperactivity
2,impulsivity
2,autism
2,involve
2,challenge
2,social
2,interaction
2,communication
2,repetitive
2,behaviour
2,diagnosis
2,autism
2,require
2,learn
2,disability
2,cilia
2,vincenti
2,combine
2,diagnosis
2,autism
2,adhd
2,from2013
2,diagnose
2,adhd
2,autistic
2,significant
2,correlation
2,condition
2,hour
2,recognition
2,adhd
2,persistence
2,adulthood
2,recent
2,reflect
2,dsm
2,unstable
2,change
2,status
2,jutel
2,manual
2,fix
2,status
2,condition
2,confirm
2,medical
2,authority
2,provide
2,illusion
2,scientific
2,certainty
2,critique
2,dsm
2,highlight
2,cultural
2,relativism
2,disconnection
2,lived
2,experience
2,deficit
2,-focussed
2,definitions
2,jutel
2,construction
2,adhd
2,autism
2,medicalise
2,paradigm
2,gather
2,behavioural
2,symptom
2,diagnostic
2,craddock237
2,categorie
2,medicalisation
2,refer
2,process
2,define
2,understanding
2,treat
2,previously
2,nonmedical
2,issue
2,medical
2,term
2,conrad
2,zola
2,critic
2,argue
2,pathologise
2,naturally
2,occur
2,difference
2,individual
2,conrad
2,kokanovic
2,rafalovich
2,tekin
2,neurodiversity
2,paradigm
2,emerge
2,late
2,1990
2,challenge
2,medicalise
2,perspective
2,assert
2,diversity
2,inherent
2,humanity
2,milton
2,individual
2,neurological
2,difference
2,neurodivergent
2,structural
2,barriers
2,neurotypical
2,design
2,world
2,milton
2,share
2,community
2,knowledge
2,redefining
2,condition
2,reveal
2,limit
2,diagnostic
2,category
2,individual
2,subvert
2,reclaim
2,endeavours
2,autism
2,considerable
2,success
2,neurodiversity
2,movement
2,emerge
2,phenomenon
2,reconceptualise
2,adhd
2,neurological
2,difference
2,disorder
2,akin
2,critical
2,autism
2,studies
2,basten
2,bertilsdotter
2,rosqvist
2,huijg
2,disorder
2,adhd
2,treat
2,medication
2,epistemological
2,uncertainty
2,intrinsic
2,diagnostic
2,practice
2,concern
2,mental
2,disorder
2,neurodevelopmental
2,condition
2,fox
2,williams
2,calnan
2,adhd
2,history
2,uncertainty
2,clinician
2,patient
2,lack
2,objective
2,test
2,scepticism
2,validity
2,treatament
2,rafalovich
2,reflect
2,medicalise
2,dsm
2,narrative
2,neurodiversity
2,movement
2,characterisation
2,autism
2,difference
2,clinician
2,oscillating
2,narrative
2,dependent
2,context
2,solely
2,tie
2,medicalised
2,narrative
2,audh
2,residual
2,category
2,residual
2,category
2,remain
2,classification
2,system
2,establish
2,focusse
2,chronic
2,illness
2,star
2,bowker
2,outline
2,residual
2,category
2,emerge
2,silencing
2,effect
2,category
2,residual
2,embody
2,category
2,fall
2,crack
2,schema
2,autism
2,adhd
2,before2013
2,similarly
2,category
2,residual
2,overly
2,rigid
2,classification
2,structure
2,distinct
2,lived
2,experience
2,complicated
2,describe
2,strain
2,limit
2,categorisation
2,fluidity
2,knowledge
2,fitte
2,establish
2,system
2,bowker
2,star
2,term
2,torque
2,describe
2,tension
2,arise
2,disconnect
2,individual
2,experience
2,classification
2,system
2,harmful
2,beneficial
2,challenge
2,rigidity
2,classification
2,system
2,demonstrate
2,neurodiversity
2,movement
2,participant
2,experiences
2,seek
2,combine
2,diagnosis
2,autism
2,adhd
2,demonstrate
2,torque
2,diagnostic
2,journey
2,begin
2,question
2,possibility
2,diagnosis
2,questioning
2,trigger
2,close
2,relative
2,friend
2,diagnose
2,research
2,range
2,condition
2,pursuit
2,explanation
2,struggle
2,period
2,mark
2,uncertainty
2,complicate
2,presence
2,autism
2,adhd
2,participant
2,fit
2,neatly
2,category
2,health
2,add
2,meredith
2,gaps
2,square
2,autistic
2,chloe
2,story
2,juliette
2,comparable
2,bisexuality
2,residual
2,category
2,falling
2,homosexual
2,binary
2,taylor
2,bruckman
2,audhd
2,residual
2,category
2,exist
2,exist
2,definition
2,autism
2,adhd
2,contextualise
2,audhd
2,emerge
2,research
2,multiple
2,neurodivergence
2,research
2,begin
2,explore
2,experience
2,autistic
2,individual
2,diagnose
2,adulthood
2,kelly
2,lilley
2,adult
2,adhd
2,redshaw
2,mccormack
2,emerge
2,literature
2,include
2,research
2,neurodivergent
2,scholar
2,bertilsdotter
2,rosqvist
2,highlight
2,structural
2,barriers
2,alternative
2,neurodivergent
2,individual
2,include
2,audhders
2,education
2,progress
2,research
2,explicitly
2,focuss
2,audhd
2,remain
2,underdeveloped
2,limited
2,study
2,include
2,audhd
2,participant
2,chadwick
2,exploration
2,animal
2,-assisted
2,intervention
2,people
2,asd
2,adhd
2,diagnose
2,hedlund
2,jordal
2,research
2,life
2,experience
2,nurse
2,adhd
2,autism
2,study
2,distinguish
2,participant
2,relation
2,condition
2,contribution
2,focus
2,interaction
2,autism
2,adhd
2,audhd
2,leave
2,gap
2,knowledge
2,research
2,craddock
2,knowledge
2,explore
2,woman
2,liv
2,experience
2,combine
2,adhd
2,autism
2,diagnose
2,emerge
2,recognition
2,study
2,multiple
2,neurodivergence
2,evident
2,recent
2,initiative
2,national
2,institute
2,health
2,care
2,excellence
2,nice
2,guideline
2,adhd
2,instance
2,acknowledge
2,importance
2,co-occurring
2,neurodivergence
2,recommend
2,slower
2,medication
2,titration
2,individual
2,adhd
2,autism
2,significant
2,contribution
2,emerge
2,body
2,literature
2,interplay
2,neurodivergent
2,identitie
2,cent
2,liv
2,experience
2,woman
2,combine
2,autism
2,adhd
2,diagnose
2,theorise
2,audhd
2,residual
2,category
2,explore
2,research
2,question
2,late
2,diagnose
2,woman
2,autism
2,adhd
2,late
2,diagnose
2,woman
2,autism
2,sense
2,diagnose
2,experience
2,condition
2,methods
2,study
2,utilise
2,interpretative
2,phenomenological
2,analysis
2,ipa
2,focus
2,delve
2,deeply
2,subjective
2,experience
2,unveil
2,nuanced
2,meaning
2,individual
2,sense
2,process
2,smith
2,iterative
2,reflexive
2,ipa
2,craddock239
2,accentuate
2,uniqueness
2,participant
2,viewpoint
2,marginalise
2,voice
2,demonstrate
2,earlier
2,study
2,autistic
2,experience
2,howard
2,macleod
2,originally
2,root
2,philosophy
2,phenomenology
2,aim
2,study
2,consciousness
2,translate
2,essence
2,experience
2,heidegger
2,progress
2,phenomenology
2,interpretation
2,adopt
2,intersubjective
2,stance
2,smith
2,smith
2,ipa
2,build
2,heidegger
2,comprehend
2,experience
2,individual
2,worldview
2,attempt
2,derive
2,ipa
2,idiographic
2,delve
2,deeply
2,interpretative
2,recognise
2,double
2,hermeneutic
2,process
2,researcher
2,participant
2,smith
2,autistic
2,sensory
2,experience
2,integral
2,phenomenology
2,autism
2,acknowledge
2,dsm
2,apa
2,reflect
2,historical
2,prioritisation
2,observe
2,social
2,-communication
2,behavioural
2,trait
2,autistic
2,individual
2,liv
2,experience
2,murray
2,response
2,neurodivergent
2,researcher
2,develop
2,autistic
2,phenomenology
2,emphasise
2,internal
2,experience
2,generate
2,alternative
2,framework
2,monotropism
2,bottom
2,processing
2,highlight
2,autistic
2,individual
2,attention
2,process
2,sensory
2,information
2,milton
2,similarly
2,adhd
2,researcher
2,re-story
2,adhd
2,difference
2,intensity
2,variable
2,base
2,attention
2,basten
2,bertilsdotter
2,rosqvist
2,build
2,perspectife
2,research
2,methodological
2,contribution
2,development
2,audhd
2,phenomenology
2,centre
2,liv
2,experience
2,autistic
2,adhd
2,woman
2,sample
2,study
2,apply
2,purposive
2,sample
2,participant
2,recruit
2,platform
2,include
2,twitter
2,facebook
2,mail
2,list
2,selection
2,criterion
2,include
2,base
2,female
2,receive
2,adhd
2,autism
2,diagnose
2,adulthood
2,modestly
2,size
2,sample
2,align
2,ipa
2,principle
2,emphasise
2,data
2,richness
2,quantity
2,analysis
2,smith
2,participant
2,characteristic
2,participant
2,white
2,hold
2,phds
2,unemployed
2,employ
2,time
2,identify
2,class
2,middle
2,class
2,bisexual
2,heterosexual
2,fou
2,single
2,relationship
2,marry
2,child
2,participant
2,receive
2,month
2,study
2,diagnose
2,split
2,private
2,healthcare
2,reflect
2,barriers
2,nhs
2,individual
2,fall
2,establish
2,category
2,scheme
2,invisible
2,sic
2,myriad
2,fragment
2,star
2,bowker
2,examine
2,share
2,meaning
2,multiple
2,narrative
2,unify
2,experience
2,risk
2,fragment
2,individual
2,story
2,reconstruct
2,narrative
2,include
2,minimise
2,fragmentation
2,contextualise
2,finding
2,note
2,researcher
2,shape
2,offer
2,organised
2,compendium
2,participant
2,account
2,real
2,life
2,complexity
2,narrative
2,length
2,dependent
2,detail
2,participant
2,share
2,health
2,data
2,collection
2,semi-structured
2,email
2,interview
2,conduct
2,provide
2,participant
2,platform
2,freely
2,express
2,experience
2,participant
2,choose
2,receive
2,question
2,consecutively
2,flexible
2,inductive
2,exploration
2,tailored
2,questioning
2,non-participant
2,audhd
2,woman
2,collaboratively
2,develop
2,pilot
2,test
2,interview
2,guide
2,supplemental
2,material
2,cover
2,topic
2,related
2,woman
2,experience
2,co-occurring
2,adhd
2,autism
2,diagnostic
2,process
2,post-diagnostic
2,experience
2,identity
2,collaboration
2,structured
2,formal
2,advisory
2,reflect
2,adhd
2,inform
2,organic
2,approach
2,community
2,input
2,lead
2,refinement
2,question
2,wording
2,enhance
2,clarity
2,project
2,unfunded
2,financial
2,compensation
2,relationship
2,reciprocal
2,researcher
2,provide
2,feedback
2,academic
2,write
2,project
2,write
2,communication
2,facilitate
2,reflection
2,minimise
2,social
2,speak
2,barriers
2,research
2,autistic
2,marginalise
2,preferable
2,ayling
2,mewse
2,benford
2,standen
2,transcript
2,range
2,page
2,demonstrate
2,diverse
2,response
2,limitation
2,email
2,interview
2,necessity
2,additional
2,researcher
2,time
2,follow
2,data
2,analysis
2,ipa
2,require
2,analyse
2,transcript
2,individually
2,transcript
2,read
2,multiple
2,time
2,glean
2,initial
2,impression
2,detailed
2,exploratory
2,note
2,base
2,semantic
2,content
2,language
2,smith
2,gym
2,class
2,sui
2,adhd
2,brain
2,'my
2,adhd
2,brain
2,suggest
2,separate
2,note
2,condense
2,experiential
2,statement
2,capture
2,participant
2,word
2,researcher
2,interpretation
2,smith
2,deep
2,autistic
2,external
2,validation
2,connections
2,statement
2,map
2,form
2,participant-specific
2,personal
2,experiential
2,themes
2,pets
2,descriptive
2,title
2,life
2,honesty
2,bit
2,roller
2,coaster
2,pet
2,concentrate
2,individual
2,directly
2,relate
2,experience
2,sense
2,reflect
2,analytic
2,concept
2,transcript
2,smith
2,step
2,process
2,complete
2,transcript
2,experiential
2,themes
2,subtheme
2,develop
2,compare
2,pet
2,explore
2,separate
2,brain
2,contradiction
2,adhd
2,autism
2,autism
2,adhd
2,add
2,neurodiversity
2,medicalisation
2,narrative
2,coin
2,adhd
2,autism
2,similar
2,shifting
2,boundary
2,neurodivergent
2,neurotypical
2,striving
2,objective
2,understanding
2,dynamic
2,understanding
2,audhd
2,craddock
2,audhd
2,researcher
2,recognise
2,attias
2,note
2,neurological
2,lens
2,difference
2,separate
2,neurodivergence
2,shape
2,analysis
2,align
2,feminist
2,standpoint
2,epistemology
2,assert
2,marginalise
2,perspectife
2,generate
2,unique
2,situate
2,knowledge
2,collin
2,apply
2,audhd
2,frame
2,analysis
2,critique
2,neuroconventional
2,system
2,norm
2,contribute
2,neuro-diversification
2,sociology
2,schneid
2,raz
2,ethical
2,consideration
2,ethical
2,approval
2,obtain
2,birmingham
2,city
2,university
2,participant
2,provide
2,write
2,inform
2,consent
2,pseudonym
2,anonymity
2,resource
2,woman
2,adhd
2,autism
2,share
2,post-study
2,relationship
2,building
2,guide
2,feminist
2,ethic
2,care
2,share
2,information
2,role
2,motivation
2,research
2,personal
2,remain
2,minded
2,focuss
2,participant
2,viewpoint
2,resonate
2,-check
2,occur
2,email
2,interview
2,reflexive
2,journalling
2,discussion
2,nonparticipating
2,colleague
2,validate
2,interpretation
2,enhance
2,transparency
2,denzin
2,lincoln
2,lincoln
2,guba
2,participant
2,quotation
2,illustrate
2,support
2,subtheme
2,bolster
2,finding
2,authenticity
2,lincoln
2,guba
2,smith
2,finding
2,disseminat
2,public
2,event
2,academic
2,conference
2,resonate
2,audhd
2,woman
2,insider
2,researcher
2,white
2,audhd
2,woman
2,emotional
2,toll
2,manage
2,reflexive
2,journalling
2,deliberately
2,slow
2,scholarship
2,berg
2,seeber
2,resist
2,neoliberal
2,capitalist
2,logic
2,quicker
2,produce
2,embrace
2,crip
2,time
2,kafer
2,bend
2,clock
2,meet
2,disable
2,body
2,mind
2,bend
2,bodymind
2,fit
2,normative
2,timescale
2,pressure
2,involve
2,natural
2,rhythm
2,hyperfocus
2,productivity
2,follow
2,rest
2,percolation
2,time
2,craddock
2,forthcome
2,depth
2,exploration
2,approach
2,note
2,language
2,language
2,preference
2,individual
2,evolve
2,autistic
2,adhd
2,woman
2,audhd
2,grammatically
2,incorrect
2,reflect
2,community
2,preference
2,identity
2,language
2,integrate
2,condition
2,kenny
2,reconstruct
2,participant
2,narrative
2,juliette
2,juliette
2,return
2,live
2,england
2,mother
2,cat
2,experience
2,turbulent
2,abroad
2,unemployed
2,juliette
2,phd
2,social
2,sciences
2,professional
2,role
2,globally
2,enjoy
2,solo
2,travel
2,animal
2,nature
2,solitude
2,abstract
2,art
2,electronic
2,music
2,cake
2,health
2,grow
2,southern
2,england
2,middle
2,class
2,family
2,juliette
2,sensitive
2,creative
2,child
2,father
2,pass
2,childhood
2,northern
2,england
2,mother
2,europe
2,juliette
2,brother
2,suspect
2,autistic
2,anxiety
2,depression
2,begin
2,affect
2,age
2,exacerbate
2,father
2,illness
2,bully
2,school
2,juliette
2,seek
2,professional
2,anxiety
2,body
2,dysmorphia
2,support
2,inadequate
2,mental
2,breakdown
2,lead
2,misdiagnosis
2,bipolar
2,disorder
2,hospitalisation
2,mood
2,stabiliser
2,mid-20
2,follow
2,decade
2,mark
2,stress
2,fatigue
2,plan
2,office
2,period
2,introspection
2,follow
2,severe
2,anxiety
2,prompt
2,juliette
2,test
2,include
2,asd
2,screening
2,surprise
2,return
2,score
2,discovery
2,lead
2,research
2,late
2,diagnose
2,autistic
2,woman
2,youtube
2,resonate
2,clinical
2,psychologist
2,confirm
2,combine
2,asd
2,adhd
2,diagnosis
2,april
2,april
2,live
2,northern
2,england
2,teenage
2,son
2,daughter
2,april
2,employ
2,nhs
2,clinical
2,psychologist
2,pivotal
2,moment
2,support
2,healthcare
2,staff
2,recognise
2,tendency
2,prioritise
2,wellbeing
2,realisation
2,lead
2,shift
2,therapy
2,drain
2,assessment
2,manageable
2,independently
2,greatly
2,improve
2,april
2,life
2,gym
2,regularly
2,successfully
2,lose
2,weight
2,april
2,diagnose
2,adhd
2,autism
2,provide
2,insight
2,experience
2,bring
2,significant
2,positive
2,change
2,life
2,margaret
2,artist
2,margaret
2,teach
2,vocational
2,subject
2,foster
2,cat
2,perceive
2,positively
2,unusual
2,person
2,close
2,friend
2,struggle
2,follow
2,difficult
2,breakup
2,emotional
2,struggle
2,begin
2,healing
2,therapy
2,compassion
2,diagnose
2,adhd
2,autism
2,suspect
2,adhd
2,follow
2,niece
2,diagnosis
2,share
2,trait
2,month
2,diagnosis
2,margaret
2,learn
2,female
2,presentation
2,autism
2,feel
2,sense
2,understanding
2,comfort
2,explain
2,quirk
2,answer
2,stand
2,question
2,resistance
2,inadequate
2,support
2,lead
2,pursue
2,private
2,combine
2,adhd
2,autism
2,assessament
2,diagnosis
2,relief
2,understand
2,executive
2,function
2,challenge
2,practice
2,care
2,-stimulant
2,medication
2,manage
2,symptom
2,grow
2,emotionally
2,unavailable
2,parent
2,mask
2,heavily
2,life
2,maintain
2,difficult
2,relationship
2,mother
2,unsupportive
2,diagnosis
2,undergoing
2,counselling
2,period
2,positive
2,change
2,actively
2,implement
2,craddock
2,chloe
2,chloe
2,live
2,southern
2,england
2,term
2,partner
2,cat
2,partner
2,dyslexic
2,audhd
2,family
2,tightknit
2,close
2,friend
2,neurodivergent
2,identify
2,bisexual
2,genderqueer
2,assign
2,female
2,birth
2,afab
2,person
2,explore
2,gender
2,identity
2,embrace
2,geeky
2,identity
2,hobby
2,include
2,gardening
2,mediaeval
2,re-enactment
2,irish
2,dancing
2,fandom
2,chloe
2,phd
2,sciences
2,related
2,career
2,academically
2,gif
2,childhood
2,remain
2,undiagnosed
2,autism
2,adhd
2,pandemic
2,grow
2,girl
2,late
2,diagnosis
2,frustrating
2,surprise
2,chloe
2,history
2,include
2,mental
2,health
2,struggle
2,begin
2,talk
2,therapy
2,ptsd
2,trigger
2,identification
2,autistic
2,confirm
2,nhs
2,assessment
2,diagnosis
2,clarify
2,aspect
2,life
2,remain
2,gaps
2,prompt
2,exploration
2,adhd
2,obtain
2,private
2,diagnosis
2,explore
2,medication
2,chloe
2,describe
2,staunchly
2,leave
2,intersectional
2,feminist
2,social
2,justice
2,advocate
2,deeply
2,feel
2,british
2,class
2,root
2,amelia
2,amelia
2,middle
2,aged
2,woman
2,feel
2,outsider
2,age
2,sensitive
2,thoughtful
2,child
2,experience
2,period
2,struggle
2,physical
2,illness
2,lack
2,anxiety
2,plagu
2,childhood
2,teens
2,alcohol
2,socialise
2,feel
2,normal
2,occasion
2,unsafe
2,situation
2,life
2,rollercoaster
2,reach
2,crisis
2,decade
2,ago
2,follow
2,grandson
2,birth
2,peri-menopause
2,journey
2,daughter
2,suffer
2,severe
2,postnatal
2,depression
2,prompt
2,amelia
2,leave
2,support
2,daughter
2,leave
2,home
2,month
2,grandson
2,remain
2,amelia
2,notice
2,difficulty
2,socialising
2,noise
2,touch
2,sensitivity
2,dismiss
2,begin
2,extensive
2,research
2,obtain
2,private
2,autism
2,diagnosis
2,grandson
2,research
2,autism
2,adhd
2,deepen
2,identify
2,similarity
2,grandson
2,struggle
2,childhood
2,suspect
2,daughter
2,adhd
2,confirm
2,subsequently
2,autistic
2,feel
2,'at
2,home
2,facebook
2,woman
2,autism
2,eventually
2,pursue
2,private
2,assessment
2,doubt
2,diagnosis
2,confirm
2,autistic
2,reveal
2,adhd
2,processe
2,challenge
2,bring
2,clarity
2,answer
2,transform
2,perception
2,dispell
2,feel
2,failure
2,meredith
2,meredith
2,marry
2,child
2,age
2,public
2,sector
2,enjoy
2,nature
2,listen
2,audiobook
2,leisure
2,time
2,health
2,experience
2,significant
2,loss
2,mother
2,cancer
2,pregnant
2,child
2,care
2,elderly
2,father
2,journey
2,diagnosis
2,begin
2,follow
2,eldest
2,son
2,referral
2,autism
2,assessament
2,observe
2,similarity
2,son
2,meredith
2,explore
2,neurodivergence
2,friend
2,neurodivergent
2,support
2,experience
2,confirm
2,suspicions
2,wait
2,autism
2,assessment
2,meredith
2,neurodivergent
2,therapist
2,suggest
2,adhd
2,agree
2,review
2,criteria
2,complete
2,screening
2,questionnaire
2,wait
2,nhs
2,assessment
2,meredith
2,seek
2,private
2,diagnosis
2,meredith
2,son
2,receive
2,diagnose
2,embark
2,journey
2,finding
2,section
2,explore
2,late
2,-diagnosed
2,woman
2,navigate
2,experience
2,inhabit
2,residual
2,category
2,audhd
2,woman
2,narrative
2,reveal
2,underlying
2,ambivalence
2,reflect
2,tension
2,medical
2,neurodiversity
2,framework
2,participant
2,experience
2,dynamic
2,sha
2,internal
2,contradiction
2,societal
2,narrative
2,argue
2,audhd
2,residuality
2,impact
2,participant
2,identity
2,formation
2,sensemak
2,practice
2,ambivalence
2,identity
2,formation
2,separate
2,brain
2,participant
2,consistently
2,describe
2,fragmented
2,sense
2,pivot
2,characteristic
2,condition
2,contradictory
2,juliette
2,describe
2,manifest
2,day
2,day
2,struggle
2,create
2,frustration
2,autism
2,create
2,formality
2,structure
2,routines
2,repetition
2,solitude
2,intense
2,disrupt
2,adhd
2,chaotic
2,impulse
2,newness
2,variety
2,inconsistency
2,inattention
2,forever
2,start
2,routines
2,habit
2,autism
2,stick
2,lose
2,motivation
2,bored
2,adhd
2,participant
2,differentiate
2,adhd
2,autism
2,attribute
2,trait
2,condition
2,impose
2,reconcile
2,torque
2,arise
2,audhd
2,residuality
2,tension
2,reflect
2,previous
2,clinical
2,position
2,adhd
2,autism
2,mutually
2,exclusive
2,participant
2,portray
2,identity
2,divide
2,autistic
2,adhd
2,selve
2,difficult
2,articulate
2,audhd
2,experience
2,identity
2,holistic
2,feel
2,separate
2,brain
2,autistic
2,adhd
2,juliette
2,autism
2,adhd
2,hard
2,describe
2,trait
2,similar
2,conflict
2,feel
2,time
2,people
2,amelia
2,craddock
2,juliette
2,amelia
2,demonstrate
2,residuality
2,audhd
2,complexity
2,occupying
2,sense
2,account
2,highlight
2,fractured
2,sense
2,create
2,live
2,condition
2,struggle
2,form
2,unified
2,identity
2,manage
2,contradiction
2,diagnose
2,complementarity
2,fluidity
2,adhd
2,autism
2,coin
2,viewing
2,adhd
2,autism
2,contradictory
2,participant
2,describe
2,condition
2,complement
2,reflect
2,fluidity
2,experience
2,feel
2,autism
2,avoid
2,situation
2,adhd
2,drive
2,enjoy
2,april
2,surface
2,term
2,adhd
2,balance
2,autism
2,potentially
2,provide
2,flexibility
2,confidence
2,sensory
2,relief
2,juliette
2,time
2,feel
2,balance
2,conflict
2,dominate
2,nightmare
2,navigate
2,life
2,amelia
2,account
2,suggest
2,adhd
2,autism
2,coexist
2,enhance
2,participant
2,adaptability
2,resilience
2,depend
2,context
2,participant
2,experience
2,shift
2,balance
2,conflict
2,amelia
2,juliette
2,continue
2,trait
2,overlap
2,time
2,cancel
2,period
2,life
2,autistic
2,adhd
2,lead
2,amelia
2,feel
2,autistic
2,adhd
2,trait
2,conflict
2,tandem
2,condition
2,dominant
2,juliette
2,phrase
2,'at
2,time
2,demonstrate
2,dynamic
2,nature
2,condition
2,narrative
2,reify
2,autism
2,adhd
2,externally
2,exist
2,force
2,control
2,distance
2,condition
2,separate
2,entity
2,participant
2,sense
2,agency
2,occupy
2,drive
2,seat
2,individual
2,passenger
2,condition
2,perceive
2,positively
2,interact
2,time
2,cancel
2,effect
2,complicate
2,participant
2,path
2,diagnosis
2,produce
2,anxiety
2,struggle
2,deal
2,imposter
2,syndrome
2,autistic
2,adhd
2,warrant
2,diagnose
2,juliette
2,juliette
2,demonstrate
2,negative
2,impact
2,occupy
2,residual
2,category
2,experience
2,falling
2,category
2,belong
2,result
2,imposter
2,syndrome
2,feel
2,deserve
2,claim
2,position
2,illegitimate
2,april
2,express
2,concern
2,perceive
2,fraud
2,refer
2,imposter
2,syndrome
2,anxiety
2,heighten
2,fluctuating
2,invisible
2,nature
2,neurodivergence
2,harder
2,prove
2,health
2,invisibility
2,audhd
2,lead
2,question
2,validity
2,fear
2,disbelieve
2,invalidate
2,amelia
2,reluctance
2,disclose
2,diagnose
2,people
2,friend
2,vocal
2,feel
2,fear
2,disbelief
2,profound
2,woman
2,dismiss
2,life
2,relation
2,struggle
2,live
2,patriarchal
2,society
2,tend
2,woman
2,banet
2,weiser
2,higgins
2,gendered
2,dimension
2,emphasise
2,april
2,worry
2,public
2,perception
2,autism
2,shape
2,restrict
2,male
2,stereotype
2,lead
2,diagnosis
2,discredite
2,conform
2,narrow
2,fram
2,worry
2,prejudge
2,base
2,assign
2,autistic
2,people
2,stereotype
2,predominantly
2,male
2,trait
2,april
2,reveal
2,concern
2,limit
2,understanding
2,autism
2,lead
2,behaviour
2,narrowly
2,interpret
2,distorted
2,reductive
2,lens
2,skew
2,perception
2,risk
2,reduce
2,identity
2,negative
2,caricature
2,margaret
2,reinforce
2,april
2,apprehension
2,disclose
2,autism
2,diagnosis
2,stigma
2,risk
2,legitimacy
2,diagnosis
2,question
2,initially
2,autism
2,diagnosis
2,quieter
2,adhd
2,diagnosis
2,feel
2,judge
2,harshly
2,people
2,interestingly
2,margaret
2,april
2,feel
2,autism
2,diagnosis
2,stigmatised
2,contentious
2,adhd
2,diagnosis
2,participant
2,recall
2,negative
2,experience
2,disclose
2,autism
2,diagnosis
2,family
2,colleague
2,intersubjective
2,nature
2,identity
2,construction
2,assume
2,individual
2,negative
2,feeling
2,autism
2,diagnosis
2,adhd
2,reflec
2,response
2,follow
2,section
2,participant
2,readily
2,embrace
2,autism
2,identity
2,identify
2,strengt
2,related
2,adhd
2,perceive
2,negative
2,foil
2,autism
2,reflect
2,enduring
2,influence
2,neurodiversity
2,framing
2,influence
2,extend
2,widely
2,popular
2,culture
2,sense
2,frame
2,reference
2,hold
2,life
2,tension
2,neurodiversity
2,medical
2,models
2,autism
2,adhd
2,add
2,recurrent
2,theme
2,participant
2,narrative
2,tension
2,regard
2,autism
2,intrinsic
2,identity
2,consistent
2,neurodiversity
2,model
2,adhd
2,disruptive
2,add
2,echo
2,medical
2,model
2,craddock
2,oppose
2,adhd
2,margaret
2,adhd
2,feel
2,chaotic
2,disruptive
2,destabilise
2,force
2,juliette
2,fundamentally
2,autism
2,core
2,diagnosis
2,autistic
2,parcel
2,person
2,personality
2,april
2,distinction
2,reflect
2,neurodiversity
2,medicalisation
2,narrative
2,influence
2,participant
2,understanding
2,condition
2,dual
2,perspective
2,create
2,ambivalence
2,participant
2,relate
2,diagnose
2,highlight
2,inadequacy
2,rigid
2,diagnostic
2,category
2,juliette
2,question
2,validity
2,usefulness
2,framing
2,failure
2,grasp
2,reality
2,feel
2,autism
2,core
2,component
2,neurotype
2,adhd
2,feel
2,secondary
2,mutable
2,type
2,thinking
2,helpful
2,grounde
2,sort
2,objective
2,reality
2,conversely
2,concede
2,medical
2,model
2,provide
2,heuristic
2,explanation
2,reassurance
2,tangible
2,neurological
2,mechanism
2,underly
2,experience
2,concern
2,objective
2,truth
2,thread
2,participant
2,narrative
2,discuss
2,understandable
2,participant
2,fear
2,discredite
2,diagnose
2,status
2,autism
2,adhd
2,hide
2,disabilitie
2,require
2,disclosure
2,explanation
2,juliette
2,reflection
2,suggest
2,medical
2,model
2,offer
2,reassurance
2,clarity
2,ultimately
2,fail
2,capture
2,complexity
2,experience
2,attempt
2,resolve
2,ambivalence
2,neurodivergent
2,neurotypical
2,participant
2,distinguish
2,neurodivergent
2,neurotypical
2,settle
2,ambivalence
2,april
2,adhd
2,autism
2,neurodiverse
2,neurotypical
2,person
2,neurodivergent
2,provide
2,step
2,contradiction
2,adhd
2,autism
2,resolve
2,torque
2,emerge
2,audhd
2,residuality
2,chloe
2,combine
2,adhd
2,autism
2,condition
2,neurodivergent
2,umbrella
2,provide
2,share
2,identity
2,distinct
2,neurotypical
2,majority
2,live
2,action
2,role
2,play
2,table
2,top
2,role
2,play
2,game
2,wider
2,historical
2,re-enactment
2,community
2,significant
2,amount
2,overlap
2,absolutely
2,attract
2,person
2,geek
2,nerd
2,weirdo
2,realise
2,flavour
2,weirdness
2,autism
2,adhd
2,neurodivergence
2,combination
2,chloe
2,subvert
2,weirdness
2,positive
2,signal
2,neurodiversity
2,echoe
2,queer
2,flagge
2,choice
2,clothing
2,signal
2,person
2,identity
2,health
2,lgbtq
2,individual
2,intra-community
2,solidarity
2,medhurst
2,chloe
2,history
2,lgbtq
2,space
2,influence
2,similarly
2,margaret
2,associate
2,neurodivergence
2,magic
2,separate
2,neurotypical
2,neurodivergent
2,relieve
2,diagnosis
2,friend
2,muggle
2,muggle
2,muggle
2,term
2,j.k
2,rowling
2,harry
2,potter
2,boonks
2,describe
2,person
2,lack
2,magical
2,ability
2,ignorant
2,wizarding
2,world
2,margaret
2,chloe
2,neurodivergent
2,friend
2,family
2,enable
2,conceptualisation
2,neurodiversity
2,community
2,margaret
2,equate
2,receive
2,diagnosis
2,normal
2,neurodivergent
2,realm
2,gateway
2,clinician
2,serve
2,gatekeeper
2,margaret
2,chloe
2,require
2,validation
2,medical
2,diagnosis
2,desperately
2,external
2,official
2,validation
2,autistic
2,claim
2,belong
2,chloe
2,reveal
2,fear
2,fabricat
2,misappropriat
2,identity
2,belong
2,similarly
2,april
2,deep
2,external
2,validation
2,biggest
2,fear
2,huge
2,fear
2,wrestle
2,idea
2,convince
2,thankfully
2,interestingly
2,april
2,professional
2,experience
2,clinical
2,psychologist
2,recognise
2,neurodivergence
2,positive
2,impact
2,diagnose
2,narrative
2,reveal
2,ambivalence
2,validity
2,dividing
2,neurotypical
2,neurodivergent
2,insufficient
2,resolve
2,ambivalence
2,produce
2,inhabit
2,residual
2,category
2,belong
2,neurodivergent
2,community
2,protect
2,negative
2,impact
2,attempt
2,resolve
2,ambivalence
2,strive
2,objective
2,understanding
2,participant
2,strongly
2,desire
2,clarity
2,certainty
2,seek
2,objective
2,validation
2,medical
2,diagnose
2,conflict
2,ambivalence
2,limitation
2,diagnostic
2,framework
2,demonstrate
2,audhd
2,residuality
2,margaret
2,attend
2,friend
2,adhd
2,assessment
2,diagnosis
2,process
2,remove
2,viewpoint
2,similarly
2,meredith
2,observe
2,cctv
2,café
2,loud
2,noise
2,impact
2,focus
2,desire
2,evidence
2,external
2,witness
2,objectively
2,assess
2,reflect
2,diagnostic
2,process
2,answer
2,autistic
2,individual
2,struggle
2,uncertainty
2,craddock
2,achieve
2,clarity
2,participant
2,assume
2,observer
2,role
2,attempt
2,recognise
2,record
2,sign
2,autism
2,adh
2,detach
2,diagnostic
2,lens
2,recently
2,conscious
2,mental
2,note
2,situation
2,autism
2,difficult
2,april
2,april
2,demonstrate
2,attempt
2,apply
2,understanding
2,validat
2,diagnose
2,process
2,relate
2,professional
2,experience
2,clinical
2,psychologist
2,participant
2,engage
2,similar
2,rationalisation
2,potentially
2,attempt
2,reconcile
2,diagnostic
2,narrative
2,lived
2,experience
2,understanding
2,result
2,challenge
2,validity
2,diagnostic
2,category
2,process
2,april
2,query
2,adhd
2,separate
2,manifestation
2,autism
2,adhd
2,purely
2,trauma
2,response
2,april
2,exhibit
2,participant
2,ambivalence
2,medical
2,neuroscientific
2,explanation
2,condition
2,seek
2,reassurance
2,objective
2,model
2,provide
2,explanation
2,experience
2,question
2,oversimplification
2,inherent
2,framework
2,confines
2,separating
2,adhd
2,autism
2,distinct
2,category
2,dynamic
2,understanding
2,audhd
2,margaret
2,meredith
2,suggest
2,understanding
2,evolve
2,highlight
2,dynamic
2,nature
2,inhabiting
2,understand
2,residual
2,category
2,separate
2,condition
2,tightly
2,intertwin
2,separate
2,anymore
2,shape
2,quirk
2,influence
2,neurodiversity
2,proud
2,margaret
2,journey
2,separate
2,meredith
2,participant
2,continually
2,renegotiate
2,neurodivergent
2,identity
2,understanding
2,demonstrate
2,unstable
2,unfixed
2,nature
2,inhabit
2,residual
2,category
2,generate
2,uncertainty
2,ambivalence
2,fluctuating
2,comprehension
2,lived
2,experience
2,grapple
2,explanation
2,suppose
2,experiment
2,refer
2,neurotype
2,identity
2,juliette
2,change
2,time
2,learn
2,learn
2,margaret
2,time
2,memory
2,feel
2,mind
2,change
2,moment
2,april
2,health
2,assume
2,linear
2,temporal
2,process
2,occur
2,post-diagnosis
2,process
2,diagnose
2,likelier
2,incorporate
2,unified
2,understanding
2,condition
2,identity
2,margaret
2,imply
2,evidenc
2,participant
2,narrative
2,juliette
2,diagnose
2,couple
2,earlier
2,occupy
2,residual
2,category
2,create
2,fluid
2,understanding
2,lack
2,linear
2,route
2,continually
2,negotiate
2,underpin
2,ambivalence
2,reflect
2,broader
2,tension
2,desire
2,certainty
2,reality
2,diagnostic
2,complexity
2,reveal
2,audhd
2,overlap
2,fall
2,distinct
2,diagnostic
2,category
2,generate
2,torque
2,classification
2,liv
2,experience
2,discussion
2,dsm
2,prohibit
2,diagnosis
2,comorbid
2,adhd
2,autism
2,inherent
2,contradiction
2,autism
2,adhd
2,audhd
2,combine
2,residual
2,category
2,embody
2,category
2,schema
2,choice
2,star
2,bowker
2,classification
2,system
2,struggle
2,weight
2,condition
2,resist
2,simple
2,definitions
2,star
2,bowker
2,remove
2,restriction
2,dsm
2,audhd
2,continue
2,occupy
2,residual
2,space
2,straddl
2,fall
2,distinct
2,category
2,consequence
2,occupy
2,residual
2,category
2,include
2,ambivalence
2,identity
2,formation
2,tension
2,neurodiversity
2,medical
2,framework
2,desire
2,objective
2,truth
2,dynamic
2,understanding
2,audhd
2,participant
2,struggle
2,articulate
2,cohesive
2,identity
2,incorporate
2,autism
2,adhd
2,describe
2,separate
2,opposing
2,brain
2,condition
2,conceptualise
2,internally
2,autonomous
2,agent
2,reflect
2,tekin
2,critique
2,biomedical
2,disease
2,model
2,rationalise
2,autism
2,adhd
2,somatic
2,illness
2,displace
2,agency
2,responsibility
2,individual
2,disease
2,tekin
2,argument
2,aexplain
2,participant
2,view
2,condition
2,force
2,agency
2,act
2,participant
2,narrative
2,support
2,weinberg
2,concept
2,addiction
2,insanity
2,inside
2,condition
2,describe
2,non-human
2,agent
2,interact
2,separate
2,remove
2,responsibility
2,individual
2,abstract
2,addiction
2,insanity
2,distinct
2,person
2,moral
2,failings
2,resembl
2,weinberg
2,inside
2,autism
2,adhd
2,entity
2,participant
2,contend
2,integral
2,aspect
2,identitie
2,weinberg
2,emphasise
2,framework
2,understanding
2,develop
2,socio-historical
2,political
2,context
2,usa
2,similarly
2,argue
2,participant
2,narrative
2,underly
2,ambivalence
2,understand
2,context
2,broader
2,societal
2,narrative
2,rationalising
2,autism
2,adhd
2,tension
2,neurodiversity
2,medical
2,model
2,participant
2,describe
2,autism
2,adhd
2,distinct
2,medicalise
2,condition
2,categorise
2,diagnose
2,dsm
2,reinforce
2,biomedical
2,disease
2,model
2,tekin
2,conversely
2,participant
2,view
2,autism
2,core
2,identity
2,adhd
2,disruptive
2,addition
2,division
2,reflect
2,influence
2,neurodiversity
2,movement
2,challenge
2,craddock
2,pathologisation
2,condition
2,autism
2,sinclay
2,foundational
2,write
2,neurodiversity
2,conceptualise
2,autism
2,identity
2,disorder
2,similar
2,participant
2,comprehend
2,condition
2,contrast
2,adhd
2,remain
2,pathologise
2,recent
2,challenge
2,medical
2,deficit
2,base
2,understanding
2,reflect
2,broader
2,societal
2,narrative
2,fram
2,adhd
2,disorder
2,require
2,treatment
2,identity
2,embrace
2,bertilsdotter
2,rosqvist
2,participant
2,frame
2,adhd
2,negatively
2,periodically
2,describe
2,condition
2,complementary
2,contradictory
2,reflect
2,dynamic
2,nature
2,lived
2,experience
2,fluctuation
2,conflict
2,framework
2,ongoing
2,renegotiation
2,identity
2,common
2,late
2,diagnose
2,individual
2,davidson
2,henderson
2,identity
2,formation
2,autistic
2,context
2,highlight
2,late
2,diagnosis
2,prompt
2,reinterpretation
2,past
2,experience
2,generate
2,reconfigure
2,sense
2,process
2,observable
2,participant
2,constantly
2,shift
2,medicalised
2,neurodiversity
2,framework
2,interpret
2,combine
2,diagnose
2,hacking
2,concept
2,loo
2,effect
2,instructive
2,describe
2,diagnostic
2,category
2,influence
2,individual
2,perception
2,affect
2,behaviour
2,experience
2,condition
2,impact
2,-directional
2,diagnose
2,individual
2,resist
2,change
2,diagnostic
2,definitions
2,participant
2,shift
2,narrative
2,reflect
2,feedback
2,loop
2,incorporate
2,diagnostic
2,label
2,identity
2,interrogat
2,diagnose
2,reshap
2,understanding
2,audhd
2,gender
2,complicate
2,identity
2,formation
2,craddock
2,gould
2,highlight
2,gender
2,diagnostic
2,biase
2,woman
2,diagnose
2,autism
2,adhd
2,life
2,create
2,unique
2,challenge
2,integrat
2,condition
2,identitie
2,gender
2,dynamics
2,relevant
2,participant
2,late
2,diagnose
2,exacerbate
2,ambivalence
2,create
2,occupy
2,residual
2,category
2,receive
2,diagnosis
2,offer
2,participant
2,validation
2,relief
2,document
2,research
2,late
2,diagnose
2,autistic
2,individual
2,lilley
2,introduce
2,considerable
2,uncertainty
2,participant
2,seek
2,objective
2,understanding
2,condition
2,liv
2,experience
2,resolve
2,ambivalence
2,desire
2,objective
2,proof
2,reflective
2,invisible
2,fluctuat
2,nature
2,neurodivergence
2,combine
2,fear
2,disbelieve
2,label
2,fraud
2,gendered
2,context
2,public
2,imaginary
2,autism
2,adhd
2,restrict
2,gender
2,stereotype
2,woman
2,account
2,banet
2,weiser
2,higgins
2,diagnosntic
2,category
2,fail
2,capture
2,complexity
2,participant
2,liv
2,experience
2,create
2,sense
2,diagnostic
2,fuzziness
2,kokanovic
2,gap
2,categorisation
2,live
2,experience
2,torque
2,generate
2,ambivalence
2,participant
2,narrative
2,torque
2,harmful
2,expand
2,practice
2,knowledge
2,eroding
2,rigid
2,classification
2,system
2,star
2,bowker
2,participant
2,uncertainty
2,ultimately
2,trigger
2,inclusive
2,flexible
2,understanding
2,neurodiversity
2,diagnostic
2,category
2,neurodiversity
2,movement
2,develop
2,phenomenological
2,counter
2,knowledge
2,medical
2,profession
2,challenge
2,epistemic
2,injustice
2,individual
2,lack
2,knowledge
2,understand
2,leave
2,experience
2,define
2,fricker
2,health
2,autism
2,advocacy
2,neurodiversity
2,movement
2,lengthy
2,history
2,remain
2,unclear
2,adhd
2,follow
2,similar
2,demedicalisation
2,path
2,add
2,complication
2,adhd
2,treat
2,medication
2,negative
2,impact
2,symptom
2,individual
2,contribute
2,common
2,presentation
2,medical
2,disorder
2,research
2,adhd
2,study
2,follow
2,path
2,originally
2,lay
2,autistic
2,advocate
2,neurodiversity
2,movement
2,critical
2,autism
2,study
2,re-story
2,adhd
2,attention
2,difference
2,deficit
2,basten
2,bertilsdotter
2,rosqvist
2,neurodivergent
2,community
2,effort
2,result
2,reinterpretation
2,adhd
2,participant
2,narrative
2,reveal
2,influence
2,neurodiversity
2,paradigm
2,medical
2,model
2,suggest
2,neurodiversity
2,framing
2,autism
2,significantly
2,influence
2,mainstream
2,popular
2,culture
2,autism
2,perceive
2,heavily
2,stigmatise
2,adhd
2,lead
2,participant
2,inclined
2,disclose
2,autism
2,diagnosis
2,stigma
2,participant
2,express
2,positive
2,view
2,autism
2,diagnosis
2,integral
2,core
2,identity
2,contrast
2,adhd
2,fram
2,negative
2,counterpart
2,autism
2,participant
2,reluctance
2,disclose
2,autism
2,diagnosis
2,solely
2,stigma
2,serve
2,means
2,preserve
2,positive
2,aspect
2,diagnose
2,significantly
2,participant
2,narrative
2,suggest
2,identity
2,construct
2,intersubjectively
2,broader
2,neurodiversity
2,medical
2,narrative
2,influence
2,sense
2,attempt
2,perception
2,life
2,grounde
2,western
2,perspectife
2,autism
2,adhd
2,medicalisation
2,neurodiversity
2,alternatively
2,japanese
2,categorisation
2,developmental
2,disorder
2,include
2,adhd
2,autism
2,shinomiya
2,ambivalence
2,contradiction
2,similarly
2,challenge
2,identity
2,construction
2,strongly
2,feel
2,western
2,context
2,valorise
2,fix
2,singular
2,non-western
2,framework
2,readily
2,accept
2,multiplicity
2,cross-cultural
2,comparison
2,fruitful
2,explore
2,situate
2,knowledge
2,destabilise
2,centrality
2,western
2,approaches
2,haraway
2,situate
2,knowledge
2,concept
2,clarify
2,participant
2,ambivalence
2,uncertainty
2,advocat
2,understanding
2,knowledge
2,shape
2,context
2,perspective
2,participant
2,shifting
2,narrative
2,reflect
2,position
2,conflict
2,worlds
2,neurodiversity
2,medicalisation
2,situate
2,understanding
2,condition
2,framework
2,shape
2,broader
2,sociohistorical
2,political
2,context
2,reinforce
2,cultural
2,geographical
2,comprehension
2,autism
2,adhd
2,evidence
2,call
2,holistic
2,assessment
2,neurodiversity
2,incorporate
2,multiple
2,condition
2,post-diagnostic
2,support
2,reflect
2,complexity
2,navigating
2,multiple
2,diagnose
2,foster
2,positive
2,identity
2,esteem
2,develop
2,neurodivergent
2,community
2,embracing
2,co-occurring
2,condition
2,provide
2,supportive
2,space
2,individual
2,successfully
2,navigate
2,post-diagnostic
2,identity
2,likewise
2,share
2,knowledge
2,audhd
2,build
2,stronger
2,foundation
2,individual
2,understand
2,lived
2,experience
2,identity
2,lessen
2,influence
2,diagnostic
2,category
2,create
2,audhd
2,residuality
2,craddock
2,conclusion
2,conceptualise
2,combine
2,autism
2,adhd
2,diagnosis
2,audhd
2,residual
2,category
2,explore
2,consequence
2,include
2,impact
2,latediagnosed
2,woman
2,identity
2,formation
2,sense
2,practice
2,live
2,experience
2,draw
2,study
2,explore
2,woman
2,liv
2,experience
2,autism
2,adhd
2,significant
2,contribution
2,emerge
2,body
2,literature
2,neurodivergent
2,scholar
2,explore
2,multiple
2,neurodivergence
2,apply
2,critical
2,lens
2,destabilise
2,hegemonic
2,neurotypical
2,structure
2,knowledge
2,create
2,audhd
2,phenomenology
2,liv
2,experience
2,autistic
2,adhd
2,woman
2,research
2,offer
2,methodological
2,framework
2,integrate
2,feminist
2,collaborative
2,approaches
2,highlight
2,neurodivergent
2,perspectife
2,generating
2,inclusive
2,situate
2,knowledge
2,building
2,previous
2,research
2,create
2,autistic
2,phenomenology
2,finding
2,illustrate
2,intricate
2,interplay
2,adhd
2,autism
2,latediagnosed
2,woman
2,reveal
2,dynamic
2,nature
2,lived
2,experience
2,sensemak
2,narrative
2,email
2,interview
2,capture
2,confusing
2,process
2,renegotiat
2,identitie
2,navigat
2,combine
2,adulthood
2,diagnosis
2,adhd
2,autism
2,argue
2,ambivalence
2,woman
2,narrative
2,reflect
2,audhd
2,residuality
2,resulting
2,torque
2,produce
2,gap
2,categorisation
2,system
2,liv
2,experience
2,occupy
2,residual
2,category
2,strain
2,boundary
2,current
2,diagnostic
2,system
2,woman
2,challenge
2,rigidity
2,system
2,highlight
2,nuanced
2,integrate
2,approach
2,recognise
2,overlapping
2,contradictory
2,nature
2,autism
2,adhd
2,implication
2,conceptualising
2,understanding
2,autism
2,adhd
2,future
2,diagnostic
2,practice
2,postdiagnostic
2,support
2,limitation
2,depth
2,ipa
2,provide
2,detailed
2,data
2,analysis
2,illuminat
2,individual
2,liv
2,experience
2,require
2,sample
2,size
2,future
2,research
2,broae
2,finding
2,achieve
2,generalisability
2,goal
2,qualitative
2,research
2,capture
2,variety
2,experience
2,late
2,diagnose
2,audhd
2,woman
2,liv
2,experience
2,woman
2,combine
2,diagnosis
2,reflect
2,broader
2,challenge
2,comprehending
2,multiple
2,intersect
2,condition
2,honour
2,complexity
2,individual
2,experience
2,future
2,study
2,intersection
2,race
2,class
2,factor
2,prove
2,influence
2,diagnose
2,regrettably
2,unaddressed
2,research
2,detract
2,research
2,prioritise
2,woman
2,voice
2,valuable
2,compare
2,woman
2,experience
2,understand
2,gender
2,implication
2,acknowledgement
2,participant
2,woman
2,refine
2,interview
2,guide
2,reviewer
2,helpful
2,generous
2,comment
2,health
2,declaration
2,conflict
2,declare
2,potential
2,conflict
2,respect
2,research
2,authorship
2,publication
2,fund
2,receive
2,financial
2,support
2,research
2,authorship
2,publication
2,ethical
2,approval
2,ethical
2,approval
2,grant
2,birmingham
2,city
2,university
2,health
2,education
2,life
2,sciences
2,faculty
2,ethics
2,committee
2,approval
2,emma
2,craddock
2,data
2,availability
2,statement
2,data
2,support
2,finding
2,study
2,request
2,data
2,publicly
2,privacy
2,ethical
2,restriction
2,supplemental
2,material
2,supplemental
2,material
2,note
2,participant
2,identify
2,genderqueer
2,comfortable
2,include
2,term
2,woman
2,sex
2,gender
2,socialisation
2,upbringing
3,aut0010.1177/13623613241294189autismurbaniak
3,d'amico
3,autism
3,disability
3,barrier
3,autistic
3,girl
3,vol.
3,secondary
3,education
3,systematic
3,review
3,guideline
3,sagepub.com/journals-permissions
3,journals.sagepub.com/home/aut
3,kathryn
3,urbaniak
3,miranda
3,d'amico
3,abstract
3,autistic
3,adolescent
3,girl
3,complex
3,diverse
3,challenge
3,school
3,set
3,specifically
3,mental
3,health
3,issue
3,unmet
3,social
3,education
3,social
3,exclusion
3,review
3,provide
3,overview
3,research
3,relate
3,barrier
3,autistic
3,female
3,school
3,setting
3,report
3,experience
3,autistic
3,woman
3,reflect
3,past
3,literature
3,review
3,peer-review
3,journal
3,publish
3,january2013
3,march2023
3,base
3,identify
3,barrier
3,girl
3,compulsory
3,education
3,set
3,cent
3,theme
3,societal
3,barriers
3,grounde
3,gender
3,institutional
3,physical
3,barriers
3,school
3,social
3,communicative
3,expectation
3,stigmatization
3,result
3,underscore
3,future
3,research
3,centre
3,diverse
3,autistic
3,liv
3,experience
3,knowledge
3,autistic
3,inclusion
3,level
3,participation
3,advocacy
3,peer
3,support
3,space
3,co-development
3,training
3,policy
3,lay
3,abstract
3,autistic
3,adolescent
3,girl
3,complex
3,diverse
3,challenge
3,school
3,set
3,specifically
3,mental
3,health
3,issue
3,unmet
3,social
3,education
3,social
3,exclusion
3,purpose
3,review
3,provide
3,idea
3,research
3,relate
3,experience
3,autistic
3,female
3,secondary
3,school
3,setting
3,report
3,experience
3,liv
3,experience
3,autistic
3,woman
3,reflect
3,past
3,base
3,identify
3,barrier
3,girl
3,compulsory
3,education
3,setting
3,cent
3,theme
3,societal
3,barriers
3,grounde
3,gender
3,institutional
3,physical
3,barriers
3,school
3,social
3,communicative
3,expectation
3,stigmatization
3,study
3,highlight
3,sensitize
3,educate
3,widely
3,topic
3,autism
3,teacher
3,support
3,staff
3,school
3,psychologist
3,peer
3,autistic
3,youth
3,result
3,call
3,attention
3,future
3,research
3,focus
3,liv
3,experience
3,knowledge
3,autistic
3,girl
3,keyword
3,autism
3,girl
3,live
3,experience
3,school
3,experience
3,secondary
3,education
3,woman
3,introduction
3,person
3,align
3,preference
3,autistic
3,community
3,directly
3,autism
3,spectrum
3,disorder
3,asd
3,autism
3,quoting
3,study
3,complex
3,lifelong
3,neurodevelopmental
3,disorder
3,condi
3,boy
3,girl
3,diagnose
3,autistic
3,rate
3,tion
3,affect
3,social
3,reciprocity
3,communication
3,patof
3,approximately
3,loome
3,disparity
3,tern
3,repetitive
3,behaviour
3,autism
3,diagnose
3,factor
3,argue
3,childhood
3,widening
3,criterion
3,classic
3,characteristic
3,trait
3,autism
3,lead
3,increase
3,adult
3,diagnosis
3,happé
3,al.
3,male
3,female
3,autistic
3,autism
3,exist
3,diagnosis
3,clinical
3,diagnosis
3,require
3,service
3,include
3,financial
3,aid
3,special
3,education
3,service
3,assessment
3,concordia
3,university
3,canada
3,conduct
3,behaviourally
3,base
3,observation
3,correspond
3,report
3,core
3,characteristic
3,impact
3,everyday
3,miranda
3,d'amico
3,department
3,education
3,concordia
3,university
3,function
3,american
3,psychiatric
3,association
3,maisonneuve
3,blvd
3,west
3,montreal
3,h3g
3,1m8
3,canada
3,adopt
3,identity
3,language
3,'autistic
3,email
3,miranda.damico@concordia.ca
3,female
3,demonstrate
3,special
3,al.
3,deem
3,socially
3,acceptable
3,relational
3,focus
3,technicallyfocuse
3,grive
3,addition
3,gender
3,focus
3,activity
3,interaction
3,influence
3,social
3,behaviour
3,autistic
3,girl
3,sedgewick
3,al.
3,camouflage
3,mask
3,autistic
3,trait
3,difficulty
3,factor
3,tdiagnosis
3,difficult
3,woman
3,girl
3,ratto
3,lead
3,conceal
3,behaviour
3,stimming
3,repetitive
3,behaviour
3,social
3,script
3,non-autistic
3,engage
3,neurotypical
3,behaviour
3,force
3,eye
3,contact
3,mimick
3,facial
3,expression
3,adaptive
3,compensation
3,mechanism
3,base
3,social
3,expectation
3,gender
3,expectation
3,woman
3,girl
3,phenomenon
3,cope
3,strategy
3,timely
3,accurate
3,diagnosis
3,difficult
3,challenge
3,woman
3,girl
3,conceal
3,consequence
3,masking
3,term
3,impact
3,unmet
3,describe
3,literature
3,anxiety
3,depression
3,low
3,esteem
3,social
3,isolation
3,harm
3,demand
3,camouflaging
3,subsequent
3,internalization
3,symptom
3,result
3,level
3,mental
3,health
3,disorder
3,baldwin
3,costley
3,hull
3,gender
3,factor
3,clinician
3,educator
3,decision
3,identify
3,autistic
3,behaviour
3,gender
3,stereotype
3,potentially
3,decrease
3,sensitivity
3,identification
3,bargiela
3,gap
3,educational
3,professional
3,confidence
3,identify
3,support
3,autistic
3,girl
3,compare
3,boy
3,suggest
3,lack
3,understanding
3,structural
3,support
3,educational
3,setting
3,gray
3,diagnosntic
3,bia
3,partly
3,diagnosis
3,criterion
3,historically
3,establish
3,male
3,phenotype
3,autism
3,hebron
3,bond
3,subsequently
3,participant
3,enrol
3,empirical
3,autism
3,research
3,receive
3,diagnosis
3,base
3,classic
3,autism
3,miss
3,diagnostic
3,bia
3,surprising
3,autistic
3,girl
3,diagnose
3,boy
3,begeer
3,miss
3,support
3,childhood
3,adolescence
3,challenge
3,social
3,behaviour
3,apparent
3,girl
3,childhood
3,strategy
3,imitation
3,complexity
3,adolescent
3,sex
3,friendship
3,bauminger
3,al.
3,autistic
3,girl
3,prone
3,experience
3,internalising
3,symptom
3,depression
3,anxiety
3,boy
3,exhibit
3,hyperactive
3,trait
3,potentially
3,contribute
3,underdiagnose
3,girl
3,girl
3,equivalent
3,level
3,autistic
3,characteristic
3,boy
3,demonstrate
3,difficulty
3,autism
3,receive
3,autism
3,diagnosis
3,duvekot
3,identity
3,dimension
3,result
3,race
3,ethnicity
3,potentially
3,implicit
3,bia
3,golson
3,school
3,psychologist
3,cultural
3,linguistic
3,factor
3,special
3,education
3,classification
3,focus
3,behaviour
3,identify
3,problematic
3,lead
3,racial
3,ethnic
3,disparity
3,addition
3,gender
3,disparity
3,note
3,binary
3,approach
3,review
3,product
3,literature
3,exclude
3,substantial
3,minority
3,transgender
3,-binary
3,gender
3,fluid
3,autistic
3,people
3,warrier
3,addition
3,binary
3,gender
3,norm
3,autism
3,research
3,represent
3,transgender
3,individual
3,experience
3,living
3,gender
3,time
3,childhood
3,adulthood
3,string
3,issue
3,misdiagnosis
3,autistic
3,girl
3,increase
3,prevalence
3,autism
3,public
3,health
3,agency
3,canada
3,increase
3,attribute
3,widening
3,criterion
3,umbrella
3,autism
3,spectrum
3,disorder
3,increase
3,knowledge
3,awareness
3,increase
3,diagnose
3,population
3,reflect
3,increase
3,prevalence
3,school
3,system
3,country
3,intervention
3,support
3,autistic
3,child
3,special
3,educational
3,dean
3,chang
3,tsou
3,autism
3,research
3,focus
3,pellicano
3,autistic
3,community
3,united
3,kingdom
3,identify
3,education
3,inclusion
3,priority
3,autistic
3,voice
3,exclude
3,research
3,decision
3,autism
3,funding
3,allocate
3,complexity
3,secondary
3,school
3,set
3,require
3,transition
3,bigger
3,busier
3,physical
3,environment
3,addition
3,change
3,organizational
3,structure
3,subject
3,classroom
3,teacher
3,addition
3,time
3,mark
3,shift
3,social
3,relationship
3,adolescence
3,create
3,challenge
3,autistic
3,girl
3,morewood
3,al.
3,gender
3,difference
3,social
3,relationship
3,establish
3,girl
3,relationship
3,socially
3,driven
3,rudolph
3,dodson
3,timing
3,transition
3,secondary
3,school
3,coincide
3,onset
3,puberty
3,maturation
3,change
3,expectation
3,friendship
3,pose
3,additional
3,challenge
3,bargiela
3,cook
3,historically
3,autistic
3,voice
3,female
3,voice
3,cent
3,autism
3,research
3,hull
3,string
3,al.
3,literature
3,review
3,examine
3,current
3,issue
3,disabling
3,barrier
3,autistic
3,woman
3,girl
3,time
3,legally
3,require
3,attend
3,school
3,urbaniak
3,d'amico
3,emphasis
3,amplify
3,firsthand
3,view
3,expe
3,synthesis
3,finding
3,discussion
3,recommendarience
3,age
3,choose
3,tion
3,include
3,conit
3,student
3,enter
3,secondary
3,school
3,struct
3,report
3,response
3,autistic
3,literature
3,review
3,question
3,define
3,follow
3,participant
3,construct
3,parent
3,experus
3,disability
3,barrier
3,girl
3,secondary
3,ence
3,observation
3,researcher
3,interpretation
3,education
3,experience
3,insight
3,provide
3,woman
3,girl
3,prioritize
3,focus
3,review
3,comprise
3,majority
3,data
3,methods
3,detail
3,draw
3,examination
3,collate
3,table
3,qualitative
3,literature
3,review
3,situate
3,autism
3,categorize
3,conduct
3,elemental
3,structural
3,social
3,model
3,disability
3,examine
3,disacoding
3,text
3,follow
3,cycle
3,coding
3,bling
3,barriers
3,generate
3,society
3,autistic
3,individual
3,similarity
3,frequency
3,lead
3,thematic
3,analysis
3,focusing
3,impairment
3,mediidentify
3,major
3,theme
3,saldaña
3,address
3,cal
3,deficit
3,model
3,disability
3,oliver
3,validity
3,discuss
3,review
3,identify
3,include
3,study
3,systematic
3,search
3,papers
3,achieve
3,consensus
3,interpretation
3,strategy
3,employ
3,peer-review
3,journal
3,reflexive
3,approach
3,provide
3,reviewer
3,insight
3,english
3,january2013
3,march2023
3,obtain
3,topic
3,autistic
3,lived
3,experience
3,scopus
3,pubmed
3,psycinfo
3,academic
3,edge
3,positionality
3,review
3,lead
3,female
3,autis
3,search
3,complete
3,education
3,source
3,educational
3,tic
3,scholar
3,community
3,involvement
3,resource
3,information
3,center
3,eric
3,ebsco
3,autistic
3,scholar
3,literature
3,review
3,database
3,choose
3,ensure
3,breadth
3,education
3,autistic
3,lens
3,research
3,gather
3,follow
3,keyword
3,combination
3,employ
3,finding
3,autism
3,asd
3,autism
3,spectrum
3,disorder
3,asperger'
3,asperger
3,syndrome
3,autistic
3,disorder
3,overview
3,include
3,study
3,asperger
3,education
3,school
3,learn
3,illustrate
3,table
3,study
3,conduct
3,teaching
3,classroom
3,education
3,system
3,educavarious
3,english
3,speak
3,country
3,conduct
3,tional
3,woman
3,woman
3,female
3,girl
3,participant
3,wide
3,bargiela
3,follow
3,pre-defined
3,inclusion
3,criterion
3,honeybourne
3,tierney
3,england
3,cook
3,essex
3,melham
3,study
3,include
3,woman
3,girl
3,diagnosis
3,halsall
3,al.
3,myle
3,rainsberry
3,autism
3,reflect
3,secondary
3,school
3,sproston
3,tomlinson
3,cational
3,experience
3,northern
3,ireland
3,goodall
3,mackenzie
3,study
3,focus
3,experience
3,autistic
3,ireland
3,ryan
3,australia
3,baldwin
3,woman
3,girl
3,include
3,narrative
3,account
3,costley
3,cridland
3,jarman
3,rayner
3,solely
3,observation
3,parent
3,vine
3,foggo
3,webster
3,united
3,educator
3,matthews
3,study
3,focus
3,explicitly
3,liv
3,experience
3,study
3,qualitative
3,mix
3,methods
3,woman
3,girl
3,experience
3,study
3,utilize
3,semi-structured
3,interview
3,express
3,separately
3,boy
3,survey
3,employ
3,focus
3,participant
3,experience
3,sample
3,size
3,range
3,autistic
3,girl
3,autistic
3,papers
3,write
3,english
3,woman
3,girl
3,range
3,papers
3,publish
3,peer-reviewed
3,journal
3,study
3,report
3,race
3,ethnicity
3,cultural
3,background
3,baldwin
3,costley
3,cook
3,initial
3,search
3,record
3,figure
3,remain
3,study
3,report
3,race
3,screen
3,search
3,result
3,review
3,study
3,include
3,parent
3,voice
3,abstract
3,duplicate
3,record
3,remove
3,study
3,study
3,include
3,educator
3,voice
3,adolescent
3,discard
3,biomedical
3,research
3,adult
3,experience
3,primary
3,focus
3,study
3,education
3,research
3,addition
3,study
3,exclude
3,study
3,experience
3,adult
3,autistic
3,focus
3,solely
3,preschool
3,college
3,university4
3,female
3,reflect
3,past
3,schooling
3,setting
3,remain
3,read
3,adolescent
3,liv
3,experience
3,study
3,specific
3,school
3,study
3,exclude
3,conduct
3,goodall
3,mackenzie
3,explicitly
3,separate
3,experience
3,woman
3,girl
3,rainsberry
3,tomlinson
3,al.
3,con
3,remain
3,select
3,study
3,closely
3,read
3,trast
3,honeybourne
3,jarman
3,rayner
3,time
3,authors
3,conduct
3,thematic
3,autism
3,record
3,identify
3,database
3,search
3,scopus
3,pubm
3,additional
3,record
3,identify
3,psycinfo
3,harvest
3,ebsco
3,record
3,duplicate
3,removed
3,record
3,exclude
3,follow
3,record
3,screen
3,title
3,abstract
3,review
3,describe
3,education
3,describe
3,personal
3,experience
3,autistic
3,individual
3,text
3,assess
3,eligibility
3,text
3,exclude
3,describe
3,woman
3,girl
3,experience
3,separately
3,boy
3,describe
3,experience
3,related
3,secondary
3,school
3,study
3,include
3,qualitative
3,synthesis
3,flow
3,diagrbe
3,study
3,selection
3,report
3,adult
3,retrospection
3,experience
3,school
3,language
3,choice
3,describe
3,experience
3,provide
3,insight
3,autism
3,vari
3,base
3,geographical
3,location
3,time
3,school
3,multiple
3,investigate
3,stance
3,table
3,identity
3,person
3,cridland
3,adolescent
3,baldwin
3,language
3,study
3,autism
3,priand
3,costley
3,bargiela
3,adult
3,marily
3,describe
3,disorder
3,autism
3,spectrum
3,remain
3,study
3,examine
3,specific
3,ado
3,disorder
3,study
3,bargiela
3,lescent
3,school
3,experience
3,autistic
3,girl
3,sproston
3,tomlinson
3,word
3,condition
3,report
3,experience
3,temporary
3,condition
3,language
3,choice
3,permanent
3,school
3,exclusion
3,investo
3,broad
3,implication
3,policy
3,research
3,agenda
3,gate
3,social
3,experience
3,sense
3,belonging
3,language
3,describe
3,autism
3,ongoing
3,conschool
3,halsall
3,tierney
3,versation
3,grow
3,field
3,critical
3,address
3,camouflaging
3,masking
3,addition
3,autism
3,research
3,identity
3,language
3,reflect
3,cook
3,ryan
3,vine
3,foggo
3,move
3,autonomy
3,autistic
3,individual
3,webster
3,investigate
3,liv
3,experience
3,scope
3,theme
3,friendship
3,finally
3,essex
3,melham
3,potential
3,future
3,research
3,matthews
3,report
3,transition
3,follow
3,section
3,report
3,barrier
3,recomsecondary
3,school
3,vocational
3,education
3,mendation
3,participant
3,primary
3,study
3,workplace
3,theme
3,societal
3,barriers
3,urbaniak
3,amico
3,characteristic
3,select
3,study
3,location
3,description
3,participant
3,description
3,description
3,theme
3,label
3,methodology
3,baldwin
3,australia
3,woman
3,survey
3,diagnosis
3,asd
3,costley
3,function
3,asd
3,descriptive
3,statistical
3,symptomatology
3,health
3,age
3,thematic
3,analysis
3,mental
3,health
3,education
3,larger
3,mixed
3,unemployment
3,social
3,study
3,experience
3,support
3,bargiela
3,woman
3,diagnose
3,semi-
3,structure
3,autistic
3,asc
3,late
3,adolescence
3,interview
3,pretend
3,normal
3,adulthood
3,framework
3,analysis
3,passive
3,assertive
3,age
3,identity
3,woman
3,asd
3,cook
3,england
3,girl
3,autism
3,semi-structure
3,motivated
3,friend
3,age
3,interview
3,challenge
3,girl
3,parent
3,thematic
3,analysis
3,autism
3,mask
3,autism
3,solution
3,cridland
3,girl
3,asd
3,semi-structure
3,diagnosntic
3,issue
3,age
3,interview
3,surround
3,boy
3,mother
3,interpretative
3,experience
3,school
3,phenomenological
3,analysis
3,complexity
3,adolescent
3,female
3,relationship
3,puberty
3,sexual
3,relationship
3,impact
3,adolescent
3,daughter
3,asd
3,essex
3,melham
3,england4
3,woman
3,semi-structured
3,inconsistent
3,frequently
3,function
3,autism
3,interview
3,inadequate
3,management
3,age
3,report
3,phenomenological
3,educational
3,transition
3,education
3,professional
3,psychological
3,approach
3,successful
3,transition
3,rely
3,heavily
3,individual
3,consistent
3,process
3,curriculum
3,preference
3,defy
3,stereotype
3,goodall
3,teenage
3,girl
3,semi-structured
3,impact
3,bully
3,mackenzie
3,ireland
3,asperger
3,syndrome
3,interview
3,friendship
3,inclusion
3,age
3,drawing
3,activity
3,larger
3,mixed
3,inductive
3,thematic
3,analysis
3,study
3,autistic
3,adolescent
3,girl
3,semi-structure
3,inconsistencies
3,age
3,interview
3,contradiction
3,conflict
3,mother
3,reflexive
3,thematic
3,analysis
3,attempt
3,camouflage
3,educator
3,social
3,constructionist
3,camouflage
3,overcome
3,perspective
3,challenge
3,maintain
3,friend
3,camouflage
3,learn
3,challenge
3,learning
3,inclusion
3,consequence
3,camouflaging
3,social
3,interaction
3,learn
3,mental
3,health
3,honeybourne
3,woman
3,girl
3,survey
3,interview
3,positive
3,difficulty
3,autism
3,spectrum
3,thematic
3,analysis
3,suggestion
3,schools
3,age
3,friendship
3,communication
3,learn
3,interpret
3,world
3,school
3,feel
3,mis
3,understood
3,note
3,priori
3,emerge
3,theme
3,continue
3,continue
3,location
3,description
3,participant
3,label
3,jarman
3,rayner
3,australia30
3,woman
3,parent
3,girl
3,attend
3,school
3,matthew
3,girl
3,asd
3,age
3,myle
3,girl
3,autism
3,age
3,rainsberry
3,girl
3,autism
3,age
3,ryan
3,ireland
3,girl
3,asd
3,childhood
3,autism
3,diagnosis
3,age
3,sproston
3,autistic
3,girl
3,age
3,parent
3,tierney
3,girl
3,asc
3,age
3,parent
3,tomlinson
3,autistic
3,girl
3,age
3,mother
3,support
3,staff
3,vine
3,foggo
3,girl
3,asd
3,webster
3,age
3,grounde
3,gender
3,include
3,historically
3,male
3,centic
3,diagnostic
3,instrument
3,biase
3,diagnosis
3,gender
3,stereotype
3,institutional
3,physical
3,barriers
3,generate
3,insensitive
3,inattentive
3,school
3,environment
3,social
3,communication
3,expectation
3,autism
3,description
3,description
3,theme
3,methodology
3,survey
3,teachers
3,recognition
3,inductive
3,thematic
3,analysis
3,diagnosis
3,female
3,lack
3,understanding
3,challenge
3,associate
3,helpful
3,attitude
3,action
3,teacher
3,semi-structured
3,emotion
3,transition
3,interview
3,process
3,involvement
3,guide
3,journal
3,activity
3,planning
3,people
3,level
3,planning
3,dream
3,future
3,semi-
3,structure
3,reciprocal
3,friendship
3,interview
3,feel
3,safe
3,support
3,encouragement
3,inclusion
3,establish
3,adhere
3,social
3,expectation
3,periphery
3,feel
3,devalue
3,structure
3,special
3,friendship
3,friendship
3,interview
3,peer
3,special
3,creation
3,comic
3,book
3,teacher
3,school
3,staff
3,attitude
3,staff
3,subject
3,lesson
3,routine
3,structure
3,support
3,diagnosis
3,disclosure
3,secondary
3,school
3,primary
3,school
3,focus
3,friendship
3,friendship
3,inductive
3,thematic
3,analysis
3,volatility
3,friendship
3,technology
3,gender
3,difference
3,semi-structure
3,inappropriate
3,school
3,interview
3,environment
3,tension
3,inductive
3,thematic
3,analysis
3,school
3,relationship
3,staff
3,response
3,semi-structured
3,experience
3,social
3,interview
3,environment
3,desire
3,inductive
3,thematic
3,analysis
3,friendship
3,overcome
3,challenge
3,developmental
3,task
3,semi-structure
3,school
3,environment
3,social
3,interview
3,interaction
3,identity
3,inductive
3,thematic
3,analysis
3,personal
3,challenge
3,facilitator
3,awareness
3,individual
3,semi-structured
3,social
3,interaction
3,interview
3,verbal
3,reward
3,difficult
3,write
3,inductive
3,thematic
3,analysis
3,neuro-majority
3,social
3,reciprocity
3,autistic
3,girl
3,struggle
3,maintain
3,friendship
3,theme
3,stigmatization
3,lead
3,mask
3,barrier
3,neuro-affirm
3,identity
3,formation
3,positive
3,mental
3,health
3,urbaniak
3,amico
3,societal
3,barriers
3,grounde
3,gender
3,theme
3,social
3,barriers
3,grounde
3,gender
3,literature
3,express
3,category
3,disbelief
3,isolation
3,gender
3,expectation
3,demand
3,assumption
3,educator
3,professionals
3,girl
3,autistic
3,exist
3,autistic
3,girl
3,meet
3,response
3,strong
3,incredulity
3,principal
3,laugh
3,idea
3,girl
3,autism
3,jarman
3,rayner
3,participant
3,cridland
3,study
3,describe
3,surround
3,boy
3,isolate
3,service
3,activity
3,cater
3,boy
3,feeling
3,fit
3,autistic
3,girl
3,report
3,gender
3,social
3,behaviour
3,barrier
3,describe
3,peer
3,social
3,interaction
3,describe
3,ungirly
3,term
3,appearance
3,harder
3,fit
3,tierney
3,baldwin
3,costley
3,study
3,significantly
3,female
3,participant
3,describe
3,support
3,socially
3,school
3,teacher
3,under-informed
3,-educated
3,autistic
3,girl
3,flag
3,notice
3,support
3,similar
3,finding
3,report
3,autistic
3,girl
3,participate
3,study
3,halsall
3,participant
3,report
3,quiet
3,passive
3,socially
3,acceptable
3,contribute
3,support
3,meet
3,academic
3,potential
3,bargiela
3,participant
3,study
3,essex
3,melham
3,describe
3,staff
3,sit
3,quietly
3,unable
3,describe
3,experience
3,performance
3,anxiety
3,judge
3,raise
3,hand
3,class
3,sproston
3,girls
3,rainberry
3,study
3,report
3,teacher
3,overly
3,negative
3,describe
3,lazy
3,rude
3,brand
3,disorganized
3,messy
3,hold
3,standard
3,boy
3,class
3,baldwin
3,costley
3,honeybourne
3,girl
3,study
3,halsall
3,report
3,hide
3,autistic
3,trait
3,learn
3,challenge
3,lead
3,miss
3,learning
3,under-achievement
3,educator
3,unaware
3,girl
3,academic
3,concern
3,inclusive
3,class
3,demand
3,increase
3,parent
3,participant
3,describe
3,daughter
3,mask
3,day
3,meltdown
3,home
3,teacher
3,façade
3,participant
3,deal
3,effort
3,maintain
3,school
3,day
3,jarman
3,rayner
3,challenge
3,root
3,gender
3,biase
3,include
3,delayed
3,diagnose
3,insufficient
3,support
3,pervasive
3,stereotype
3,impacte
3,educational
3,achievement
3,social
3,integration
3,autistic
3,girl
3,recommendation
3,include
3,study
3,discussion
3,section
3,institutional
3,physical
3,barriers
3,theme
3,institutional
3,physical
3,barriers
3,include
3,environmental
3,challenge
3,sensory
3,overload
3,structure
3,school
3,day
3,range
3,transitional
3,challenge
3,challenge
3,teacher
3,staff
3,physical
3,environment
3,school
3,describe
3,disadvantaging
3,barrier
3,apply
3,autistic
3,girl
3,boy
3,prevalence
3,masking
3,girl
3,unaddressed
3,people
3,assume
3,cop
3,sproston
3,examine
3,experience
3,autistic
3,girl
3,inclusive
3,schooling
3,temporary
3,permanent
3,exclusion
3,behaviour
3,insensitive
3,inattentive
3,school
3,environment
3,identify
3,major
3,theme
3,lead
3,school
3,disengagement
3,include
3,difficult
3,sensory
3,experience
3,attribute
3,girl
3,challenge
3,study
3,participant
3,report
3,difficulty
3,manage
3,school
3,environment
3,noise
3,lead
3,frustration
3,difficulty
3,cop
3,emotion
3,cook
3,essex
3,melham
3,participant
3,describe
3,eat
3,school
3,lunchroom
3,chaotic
3,goodall
3,mackenzie
3,told
3,sensory
3,challenge
3,crowded
3,school
3,corridor
3,sensitive
3,touch
3,tomlinson
3,addition
3,structure
3,school
3,day
3,add
3,tension
3,include
3,change
3,location
3,shift
3,teacher
3,expectation
3,length
3,school
3,day
3,lack
3,agency
3,control
3,educational
3,transition
3,describe
3,challenging
3,process
3,autistic
3,student
3,organizational
3,change
3,require
3,addition
3,change
3,expectation
3,teacher
3,timetabling
3,material
3,unstructure
3,free
3,time
3,sensory
3,overload
3,multiple
3,location
3,essex
3,melham
3,transition
3,difficult
3,autistic
3,individuals
3,move
3,unstructured
3,time
3,recreation
3,lunchtime
3,structure
3,time
3,report
3,challenge
3,honeybourne
3,change
3,overwhelm
3,lack
3,understanding
3,support
3,school
3,staff
3,seriousness
3,day
3,day
3,functioning
3,increase
3,feelings
3,overwhelm
3,cridland
3,jarman
3,rayner
3,movement
3,learning
3,environment
3,report
3,challenge
3,change
3,segregate
3,special
3,education
3,support
3,unit
3,inclusive
3,classroom
3,describe
3,difficult
3,participant
3,shift
3,masking
3,behaviour
3,learn
3,environment
3,transition
3,secondary
3,school
3,describe
3,mother
3,challenge
3,daughter
3,term
3,move
3,class
3,organising
3,material
3,equipment
3,cop
3,teacher
3,classis
3,cridland
3,support
3,provide
3,transitions
3,final
3,secondary
3,school
3,education
3,describe
3,reactive
3,academic
3,holistic
3,prepare
3,coordination
3,role
3,parent
3,mother
3,support
3,specialist
3,essex
3,melham
3,participant
3,plan
3,transition
3,secondary
3,vocational
3,school
3,describe
3,planning
3,meeting
3,challenge
3,comfortable
3,speak
3,feel
3,hear
3,share
3,idea
3,matthew
3,addition
3,social
3,dynamics
3,meeting
3,barrier
3,people
3,involve
3,result
3,lose
3,voice
3,planning
3,future
3,secondary
3,school
3,career
3,guidance
3,disconnect
3,gendere
3,assumption
3,ability
3,specific
3,subject
3,science
3,art
3,problematic
3,career
3,advice
3,autistic
3,girl
3,participant
3,study
3,essex
3,melham
3,intend
3,study
3,art
3,follow
3,stereotypical
3,role
3,involve
3,math
3,science
3,addition
3,participant
3,study
3,matthews
3,describe
3,pressure
3,misalignment
3,career
3,counsellor
3,planning
3,result
3,ultimately
3,lose
3,voice
3,boundary
3,role
3,teacher
3,school
3,identify
3,barrier
3,teacher
3,perceive
3,abdicat
3,responsibility
3,accommodation
3,individualization
3,leave
3,specialist
3,staff
3,tomlinson
3,participant
3,report
3,anxiety
3,evaluation
3,teacher
3,uniform
3,approach
3,test
3,exam
3,preparation
3,provide
3,support
3,pressure
3,expectation
3,student
3,exam
3,teacher
3,tomlinson
3,individualize
3,approaches
3,learn
3,universal
3,design
3,learning
3,udl
3,address
3,issue
3,autistic
3,youth
3,diagnose
3,individual
3,learner
3,diverse
3,recommendation
3,focus
3,teacher
3,training
3,include
3,classroom
3,management
3,social
3,support
3,awareness
3,raising
3,specific
3,include
3,autistic
3,girl
3,perform
3,satisfactorily
3,academically
3,assume
3,difficulty
3,additional
3,assistance
3,require
3,explanations
3,organization
3,extra
3,time
3,teacher
3,enquire
3,time
3,spend
3,homework
3,assignment
3,difficulty
3,express
3,home
3,setting
3,jarman
3,rayner
3,recommendation
3,literature
3,propose
3,educational
3,establishment
3,proactive
3,develop
3,inclusive
3,environment
3,sproston
3,al.
3,include
3,designate
3,quiet
3,organize
3,activity
3,break
3,lunch
3,time
3,social
3,coaching
3,option
3,participate
3,recommend
3,honeybourne
3,autism
3,organization
3,skill
3,time
3,management
3,workload
3,organization
3,materials
3,jarman
3,rayner
3,systematic
3,holistic
3,transition
3,preparation
3,prepare
3,student
3,approach
3,include
3,social
3,organizational
3,employment
3,element
3,benefit
3,leave
3,school
3,graduation
3,essex
3,melham
3,finally
3,plan
3,process
3,ensure
3,youth
3,communicate
3,hear
3,ignore
3,ensure
3,agency
3,move
3,adulthood
3,matthew
3,social
3,communication
3,expectation
3,social
3,communicative
3,difference
3,primary
3,trait
3,autism
3,theme
3,social
3,communication
3,expectation
3,arise
3,literature
3,barrier
3,social
3,expectation
3,neuro
3,-majority
3,prevail
3,complexity
3,conflict
3,relationship
3,peer
3,school
3,professional
3,prominent
3,category
3,literature
3,hard
3,meet
3,expectation
3,woman
3,describe
3,teenage
3,female
3,peer
3,social
3,ability
3,sophisticated
3,complex
3,bargiela
3,cook
3,complexity
3,female
3,relationship
3,increasingly
3,challenge
3,adolescence
3,expectation
3,friendship
3,diverge
3,autistic
3,girl
3,neurotypical
3,peer
3,cook
3,girls
3,describe
3,struggle
3,tribe
3,al.
3,express
3,desire
3,friendship
3,exhaust
3,vine
3,foggo
3,webster
3,addition
3,multiple
3,study
3,describe
3,loss
3,friendship
3,transitions
3,secondary
3,school
3,essex
3,melham
3,ryan
3,vine
3,foggo
3,webster
3,adult
3,autistic
3,woman
3,reflect
3,memory
3,school
3,relationship
3,define
3,theme
3,recal
3,feeling
3,isolation
3,loneliness
3,difference
3,honeybourne
3,adult
3,adolescent
3,report
3,feeling
3,isolation
3,poor
3,mental
3,health
3,outcome
3,perceive
3,bullying
3,prevalent
3,study
3,review
3,cook
3,cridland
3,essex
3,melham
3,honeybourne
3,sproston
3,girl
3,report
3,positive
3,friendship
3,girl
3,similar
3,neurotype
3,rainsberry
3,describe
3,pretend
3,peer
3,fit
3,commit
3,unknown
3,faux
3,secondary
3,school
3,bargiela
3,unpredictability
3,peer
3,interaction
3,considerable
3,stress
3,anxiety
3,girl
3,rainsberry
3,autistic
3,girl
3,blame
3,bullying
3,experience
3,bargiela
3,conflict
3,loss
3,describe
3,normal
3,difficult
3,isolate
3,experience
3,ryan
3,vine
3,foggo
3,webster
3,study
3,happiness
3,school
3,urbaniak
3,amico
3,primarily
3,impacte
3,friend
3,participant
3,feel
3,comfortable
3,understood
3,safe
3,larger
3,secondary
3,school
3,environment
3,myle
3,study
3,friendship
3,ryan
3,connection
3,girl
3,friendship
3,report
3,easier
3,real
3,life
3,girl
3,describe
3,prefer
3,friend
3,real
3,life
3,friend
3,ryan
3,participant
3,study
3,report
3,social
3,media
3,hard
3,lack
3,social
3,cue
3,challenge
3,social
3,communication
3,misunderstood
3,perceive
3,argumentative
3,social
3,communication
3,barrier
3,describe
3,occur
3,peer
3,school
3,professional
3,girl
3,temporarily
3,permanently
3,exclude
3,school
3,report
3,tension
3,teacher
3,contribute
3,educational
3,experience
3,include
3,describe
3,challenge
3,power
3,differential
3,teacher
3,student
3,sproston
3,participant
3,rainberry
3,study
3,refer
3,teacher
3,idiot
3,teacher
3,hate
3,suggest
3,significant
3,tension
3,relationship
3,participant
3,experience
3,tension
3,teacher
3,intentionally
3,rude
3,disrespect
3,elder
3,choose
3,listen
3,myle
3,tierney
3,participant
3,report
3,lack
3,support
3,reason
3,description
3,tension
3,support
3,teach
3,assistants
3,participant
3,attention
3,tomlinson
3,stigmatization
3,barrier
3,topic
3,mask
3,camouflage
3,recur
3,autism
3,literature
3,reference
3,woman
3,girl
3,coping
3,mechanism
3,minority
3,avoid
3,stigmatization
3,consequence
3,mental
3,health
3,identity
3,formation
3,mask
3,mental
3,health
3,disclosure
3,community
3,arise
3,theme
3,stigmatization
3,stigmatization
3,prevent
3,parent
3,adolescent
3,child
3,aware
3,autism
3,deny
3,child
3,-understanding
3,awareness
3,opportunity
3,community
3,rainsberry
3,study
3,participant
3,unaware
3,autism
3,diagnosis
3,diagnose
3,age
3,unclear
3,aware
3,adhd
3,diagnosis
3,study
3,cridland
3,parent
3,participate
3,interview
3,study
3,daughter
3,include
3,parent
3,consent
3,daughter
3,participate
3,daughter
3,explicitly
3,aware
3,diagnosis
3,study
3,mother
3,describe
3,daughter
3,fitte
3,inclusive
3,setting
3,special
3,education
3,setting
3,cridland
3,study
3,girl
3,camouflage
3,inclusive
3,special
3,educational
3,setting
3,highlight
3,challenge
3,relationship
3,isolation
3,mental
3,health
3,learn
3,belong
3,interestingly
3,educator
3,report
3,girl
3,camouflage
3,special
3,education
3,context
3,girl
3,report
3,camouflage
3,educational
3,setting
3,girl
3,report
3,hide
3,autistic
3,trait
3,learn
3,challenge
3,lead
3,miss
3,learn
3,opportunity
3,under-achievement
3,educator
3,unaware
3,girl
3,concern
3,tomlinson
3,parent
3,professionals
3,report
3,reduction
3,masking
3,post-diagnosis
3,lead
3,improvement
3,mental
3,health
3,potentially
3,family
3,professional
3,support
3,participant
3,describe
3,hesitant
3,disclose
3,peer
3,fear
3,consequence
3,woman
3,study
3,bargiela
3,describe
3,diagnosis
3,tool
3,empower
3,confidence
3,express
3,remain
3,quiet
3,spend
3,time
3,neuro-affirming
3,space
3,forum
3,report
3,increase
3,pride
3,confidence
3,diagnosis
3,study
3,participant
3,note
3,shift
3,language
3,professional
3,post-diagnosis
3,live
3,live
3,demonstrate
3,sensitization
3,education
3,professional
3,discussion
3,review
3,highlight
3,literature
3,centralize
3,voice
3,autistic
3,woman
3,girl
3,describe
3,disabling
3,barrier
3,school
3,experience
3,deal
3,literature
3,focus
3,perception
3,observation
3,professional
3,inclusion
3,autistic
3,individual
3,lived
3,experience
3,literature
3,concentrate
3,social
3,communication
3,barrier
3,mask
3,camouflage
3,line
3,current
3,education
3,research
3,study
3,autism
3,woman
3,girl
3,tomlinson
3,study
3,include
3,review
3,overarching
3,recommendation
3,widely
3,sensitize
3,educate
3,teacher
3,support
3,staff
3,school
3,psychologist
3,peer
3,autistic
3,child
3,topic
3,autism
3,intersectional
3,inclusive
3,approach
3,individualize
3,support
3,relation
3,hidden
3,curriculum
3,socially
3,term
3,communication
3,personalized
3,intervention
3,prevent
3,exclusion
3,withdrawal
3,societal
3,barriers
3,grounde
3,gender
3,autistic
3,trait
3,girl
3,subtler
3,age
3,struggle
3,socially
3,strategy
3,simple
3,imitation
3,lead
3,increase
3,anxiety
3,corscadden
3,casserly
3,seminal
3,study
3,compare
3,elementary
3,child
3,diagnosis
3,asd
3,dean
3,establish
3,autistic
3,boy
3,girl
3,confro
3,social
3,situation
3,autistic
3,boy
3,girl
3,socially
3,comparable
3,proportionally
3,experience
3,increase
3,social
3,exclusion
3,neurotypical
3,peer
3,autistic
3,boy
3,tend
3,visibly
3,socially
3,exclude
3,compare
3,autistic
3,girl
3,tend
3,unseen
3,spurned
3,recent
3,study
3,highlight
3,masking
3,camouflage
3,premise
3,manifest
3,girl
3,navigate
3,social
3,landscape
3,stay
3,close
3,hand
3,friend
3,mingling
3,cover
3,social
3,unease
3,hand
3,autistic
3,boy
3,typically
3,tend
3,play
3,playground
3,label
3,social
3,skill
3,issue
3,autistic
3,girl
3,continue
3,underrepresented
3,social
3,resourcefulness
3,continue
3,undisclose
3,autistic
3,youths
3,negative
3,experience
3,secondary
3,school
3,related
3,autism
3,autistic
3,girl
3,experience
3,secondary
3,school
3,negatively
3,boy
3,bottema
3,beutel
3,increasingly
3,solitary
3,dean
3,al.
3,barrier
3,gender
3,patriarchal
3,system
3,girl
3,live
3,learn
3,biase
3,occur
3,individual
3,teacher
3,specialize
3,assessment
3,gate
3,keeper
3,assessment
3,subsequent
3,support
3,cridland
3,aim
3,blame
3,teacher
3,individual
3,school
3,critically
3,education
3,system
3,teacher
3,training
3,programm
3,patriarchal
3,structure
3,impact
3,behaviour
3,acknowledge
3,mask
3,camouflage
3,factor
3,reason
3,teacher
3,miss
3,challenge
3,autistic
3,girl
3,recommendation
3,garnere
3,literature
3,propose
3,awareness
3,raising
3,presentation
3,autism
3,woman
3,girl
3,professional
3,include
3,clinician
3,educator
3,cridland
3,jarman
3,rayner
3,recommendation
3,dispelling
3,gender
3,stereotype
3,improve
3,training
3,classroom
3,management
3,social
3,support
3,autistic
3,child
3,participant
3,goodall
3,mackenzie
3,study
3,recommendation
3,teacher
3,improve
3,relationship
3,autistic
3,student
3,include
3,time
3,listen
3,understand
3,difficulty
3,autistic
3,people
3,school
3,teacher
3,equip
3,prevent
3,miss
3,learn
3,opportunity
3,under-achievement
3,result
3,masking
3,provide
3,student
3,central
3,relationship
3,schooling
3,experience
3,study
3,report
3,supportive
3,challenge
3,relationship
3,autism
3,teacher
3,echo
3,literature
3,blacher
3,autistic
3,child
3,tend
3,level
3,conflict
3,relationship
3,teacher
3,positive
3,relationship
3,teacher
3,essential
3,provide
3,stronger
3,sense
3,learn
3,outcomes
3,autistic
3,student
3,caplan
3,crucial
3,ensure
3,teacher
3,train
3,support
3,autistic
3,child
3,youth
3,sensitize
3,breadth
3,autistic
3,representation
3,diversity
3,include
3,girl
3,training
3,concentrate
3,unique
3,presentations
3,autism
3,girl
3,include
3,subsequent
3,impact
3,miss
3,overlook
3,diagnose
3,girl
3,education
3,experience
3,outcome
3,institutional
3,physical
3,barriers
3,sensory
3,overload
3,unstructure
3,transition
3,reactive
3,nature
3,support
3,system
3,institutional
3,physical
3,barriers
3,exacerbate
3,exclusion
3,disengagement
3,intervention
3,tailor
3,individual
3,situation
3,support
3,effective
3,positive
3,learning
3,experience
3,autistic
3,girl
3,social
3,communication
3,expectation
3,autistic
3,elementary
3,school
3,girl
3,boy
3,secondary
3,school
3,tend
3,social
3,challenge
3,maintain
3,interaction
3,autistic
3,girl
3,secondary
3,school
3,boy
3,elementary
3,school
3,reserved
3,inclin
3,participate
3,activity
3,variation
3,age
3,gender
3,importance
3,design
3,social
3,intervention
3,customize
3,build
3,exist
3,social
3,strength
3,individual
3,vine
3,foggo
3,webster
3,highlight
3,provide
3,explicit
3,support
3,negotiate
3,hidden
3,curriculum
3,female
3,adolescent
3,social
3,relationship
3,finding
3,cook
3,staff
3,training
3,programme
3,support
3,social
3,interaction
3,girl
3,autism
3,specific
3,perception
3,friendship
3,intervene
3,develop
3,reciprocal
3,friendship
3,cook
3,propose
3,finding
3,opportunity
3,share
3,social
3,space
3,base
3,similar
3,potentially
3,reduce
3,mask
3,fit
3,mind
3,address
3,issue
3,surround
3,bullying
3,recommendation
3,include
3,additional
3,clinical
3,support
3,adolescent
3,mental
3,health
3,social
3,difficulty
3,social
3,isolation
3,cridland
3,al.
3,finally
3,ryan
3,propose
3,coaching
3,texting
3,social
3,media
3,safety
3,skill
3,enable
3,participant
3,maintain
3,friendship
3,successfully
3,navigat
3,friendship
3,interaction
3,peer
3,educator
3,demonstrate
3,critical
3,urbaniak
3,amico
3,tailor
3,support
3,system
3,autistic
3,girl
3,struggle
3,maintain
3,friendship
3,age
3,support
3,comprehensive
3,sensitization
3,ensure
3,inclusion
3,sense
3,belonging
3,autistic
3,girl
3,similar
3,social
3,challenge
3,autistic
3,boy
3,autistic
3,girl
3,experience
3,specific
3,challenge
3,sex
3,friendship
3,non-autistic
3,peer
3,identify
3,resolve
3,conflict
3,sedgewick
3,additional
3,recommendation
3,include
3,provide
3,additional
3,clinical
3,support
3,adolescent
3,mental
3,health
3,social
3,difficulty
3,social
3,isolation
3,prevalence
3,mental
3,health
3,challenge
3,autistic
3,girl
3,cridland
3,al.
3,support
3,navigat
3,hidden
3,curriculum
3,beneficial
3,essential
3,note
3,approach
3,individualize
3,base
3,girl
3,social
3,interaction
3,energising
3,depleting
3,information
3,autistic
3,girl
3,view
3,maintain
3,friendship
3,central
3,intervention
3,barrier
3,learn
3,highlight
3,literature
3,communication
3,challenge
3,classroom
3,education
3,planning
3,interaction
3,approach
3,communication
3,rethotch
3,include
3,multiple
3,mode
3,communication
3,opportunity
3,low
3,stake
3,ensure
3,equitable
3,participation
3,learning
3,planning
3,future
3,learn
3,stigmatization
3,barrier
3,alongside
3,increase
3,staff
3,awareness
3,autism
3,girl
3,beneficial
3,school
3,incorporate
3,activity
3,positively
3,promote
3,awareness
3,difference
3,neurodivergence
3,autism
3,mechanism
3,support
3,adolescent
3,disclose
3,diagnosis
3,peer
3,clinical
3,recommendation
3,awareness
3,raising
3,presentation
3,autistic
3,female
3,clinician
3,additional
3,clinical
3,support
3,adolescent
3,mental
3,health
3,social
3,difficulty
3,social
3,isolation
3,individualize
3,sexual
3,education
3,sexual
3,vulnerability
3,challenge
3,puberty
3,physical
3,change
3,boundary
3,finally
3,gender
3,specific
3,social
3,support
3,service
3,cridland
3,al.
3,stigma
3,barrier
3,lead
3,non-disclosure
3,hide
3,identity
3,discuss
3,camouflage
3,consequence
3,alongside
3,increase
3,awareness
3,autism
3,destigmatization
3,potential
3,benefit
3,create
3,supportive
3,neuro-affirming
3,environment
3,encourage
3,selfawareness
3,community
3,engagement
3,school
3,incorporate
3,activity
3,positively
3,promote
3,awareness
3,difference
3,neurodivergence
3,autism
3,mechanism
3,support
3,adolescent
3,disclose
3,diagnosis
3,peer
3,encourage
3,esteem
3,reduce
3,masking
3,addition
3,remove
3,barriers
3,learn
3,barrier
3,advocacy
3,challenge
3,acceptance
3,rejection
3,ambivalence
3,reaction
3,diagnosis
3,adolescent
3,autistic
3,girl
3,impact
3,sense
3,gaffney
3,discussing
3,live
3,experience
3,research
3,study
3,explore
3,humphrey
3,lewis
3,importance
3,unpacking
3,individual
3,receive
3,autism
3,diagnosis
3,interact
3,understand
3,label
3,attribute
3,addressing
3,stigmatization
3,school
3,base
3,peer
3,support
3,base
3,share
3,experience
3,potentially
3,beneficial
3,mechanism
3,provide
3,affirming
3,space
3,youth
3,navigate
3,topic
3,identity
3,disclosure
3,crompton
3,suggest
3,spaces
3,inclusive
3,wider
3,neurodivergence
3,provide
3,individual
3,community
3,inclusion
3,expertise
3,addition
3,indirectly
3,sensitise
3,wider
3,school
3,community
3,lead
3,neurodivergent
3,individual
3,education
3,remain
3,situate
3,belief
3,system
3,autism
3,neurodivergence
3,fram
3,deficit
3,youth
3,thrive
3,autistic
3,voice
3,include
3,child
3,youth
3,hold
3,equal
3,space
3,autism
3,education
3,research
3,challenge
3,current
3,epistemological
3,injustice
3,autistic
3,voice
3,cent
3,gather
3,recommendation
3,alignment
3,principle
3,increasing
3,understanding
3,liv
3,experience
3,autistic
3,adult
3,play
3,central
3,role
3,autism
3,research
3,woods
3,waltz
3,education
3,research
3,realize
3,include
3,autistic
3,adult
3,reflect
3,educational
3,experience
3,autistic
3,community
3,compose
3,wide
3,variety
3,individual
3,involved
3,codevelopment
3,planning
3,policy
3,training
3,literature
3,wide
3,variety
3,experience
3,recommendation
3,institutional
3,physical
3,environment
3,secondary
3,school
3,pose
3,multiple
3,barriers
3,autistic
3,girl
3,increase
3,anxiety
3,sensory
3,overload
3,classroom
3,setting
3,contribute
3,academic
3,under-achievement
3,compare
3,neurotypical
3,student
3,ashburner
3,al.
3,study
3,include
3,recommendation
3,proactive
3,develop
3,inclusive
3,environment
3,support
3,organization
3,skill
3,time
3,management
3,workload
3,organization
3,material
3,address
3,challenge
3,girl
3,secondary
3,school
3,systematic
3,holistic
3,transition
3,preparation
3,support
3,student
3,flexible
3,teaching
3,practice
3,positive
3,accept
3,attitude
3,understanding
3,key
3,element
3,positive
3,experience
3,girl
3,jarman
3,rayner
3,limitation
3,limitation
3,participant
3,diversity
3,homogeneity
3,study
3,include
3,literature
3,review
3,autism
3,outline
3,notably
3,underrepresen
3,issue
3,unmet
3,social
3,education
3,social
3,tation
3,female
3,perspectife
3,minority
3,voice
3,exclusion
3,purpose
3,review
3,provide
3,marginalize
3,addition
3,review
3,overview
3,research
3,relate
3,experience
3,autislimit
3,english
3,study
3,develop
3,tic
3,female
3,secondary
3,school
3,setting
3,report
3,country
3,country
3,education
3,experience
3,lived
3,experience
3,autistic
3,system
3,policy
3,understanding
3,woman
3,reflect
3,past
3,base
3,identified
3,autism
3,lead
3,wide
3,variety
3,study
3,study
3,barrier
3,girls
3,compulsory
3,educaalso
3,range
3,sample
3,size
3,variation
3,design
3,tion
3,cent
3,theme
3,societal
3,barriers
3,knowledge
3,autism
3,generate
3,grounde
3,gender
3,institutional
3,physical
3,barriers
3,academia
3,peer-review
3,journal
3,select
3,focus
3,school
3,social
3,communicative
3,expectation
3,education
3,research
3,conduct
3,past
3,stigmatization
3,overarching
3,sensitize
3,finally
3,study
3,reflect
3,reality
3,educate
3,widely
3,topic
3,autism
3,teacher
3,covid
3,pandemic
3,impact
3,con
3,support
3,staff
3,school
3,psychologist
3,peer
3,autistinue
3,unfold
3,tic
3,youth
3,concentrate
3,unique
3,presentations
3,autism
3,girl
3,include
3,subsequent
3,impact
3,miss
3,overlook
3,diagnose
3,future
3,direction
3,girl
3,education
3,experience
3,outcome
3,addition
3,result
3,underscore
3,future
3,research
3,lack
3,inclusivity
3,autism
3,research
3,primary
3,ethicentre
3,diverse
3,autistic
3,live
3,experience
3,knowledge
3,cal
3,concern
3,marginalize
3,address
3,barrier
3,autistic
3,inclusion
3,community
3,systematically
3,exclude
3,level
3,participation
3,advocacy
3,peer
3,intersectional
3,approach
3,educasupport
3,space
3,co-development
3,training
3,tion
3,research
3,policy
3,training
3,support
3,policy
3,inclusion
3,represent
3,diverse
3,liv
3,experican
3,respond
3,underrepresented
3,communience
3,include
3,marginalize
3,subgroup
3,tie
3,research
3,represent
3,individual
3,autistic
3,community
3,disability
3,include
3,autism
3,garcía
3,ortiz
3,review
3,focus
3,experience
3,woman
3,declaration
3,conflict
3,girl
3,previously
3,note
3,binary
3,dichotomous
3,approach
3,sex
3,gender
3,product
3,literature
3,avail
3,declare
3,potential
3,conflict
3,respect
3,research
3,authorship
3,publication
3,autistic
3,people
3,identify
3,transgender
3,-binary
3,gender
3,fluid
3,fund
3,warrier
3,research
3,suggest
3,autistic
3,individual
3,identify
3,homosexual
3,bisexual
3,asexual
3,receive
3,financial
3,support
3,research
3,increase
3,rate
3,compare
3,population
3,authorship
3,publication
3,george
3,stokes
3,-identifying
3,autistic
3,youth
3,orcid
3,report
3,negative
3,experience
3,staff
3,peer
3,secondary
3,school
3,bottema
3,beutel
3,miranda
3,d'amico
3,intersecting
3,identity
3,lgbt
3,autism
3,compound
3,negative
3,experience
3,vic
4,aut0010.1177/13623613251362265autismgillion
4,research-article2025
4,autism
4,healthcare
4,experience
4,middle
4,vol.
4,age
4,autistic
4,woman
4,united
4,guideline
4,kingdom
4,sagepub.com/journals-permission
4,journals.sagepub.com/home/aut
4,amy
4,gillions1
4,elizabeth
4,"o'nions1,2"
4,hassan
4,mansour1
4,sarah
4,hoare1
4,mandy1
4,joshua
4,stott1
4,abstract
4,autistic
4,woman
4,experience
4,prevalence
4,physical
4,mental
4,health
4,condition
4,compare
4,autistic
4,non-autistic
4,woman
4,premature
4,mortality
4,suicide
4,risk
4,autistic
4,woman
4,experience
4,healthcare
4,middle
4,life
4,aim
4,explore
4,autistic
4,woman
4,perspectife
4,healthcare
4,service
4,united
4,kingdom
4,fifteen
4,autistic
4,woman
4,participate
4,semi-structured
4,interview
4,analyse
4,reflexive
4,thematic
4,analysis
4,main
4,theme
4,generated
4,stigma
4,stereotype
4,professional
4,understanding
4,autism
4,lead
4,poor
4,-quality
4,care
4,accumulation
4,negative
4,healthcare
4,experience
4,reduce
4,participant
4,confidence
4,service
4,efforts
4,require
4,navigate
4,healthcare
4,system
4,future
4,age
4,related
4,concern
4,hope
4,change
4,autistic
4,woman
4,study
4,report
4,multiple
4,barriers
4,healthcare
4,feel
4,stigmatise
4,repeat
4,negative
4,interaction
4,healthcare
4,provider
4,intersection
4,age
4,gender
4,affect
4,participant
4,feel
4,perceive
4,healthcare
4,setting
4,specifically
4,participant
4,feel
4,woman
4,contribute
4,autism
4,related
4,overlook
4,misunderstood
4,implication
4,service
4,direction
4,future
4,research
4,discuss
4,lay
4,abstract
4,study
4,researchers
4,autistic
4,woman
4,distinctive
4,healthcare
4,challenge
4,compare
4,autistic
4,non-autistic
4,woman
4,information
4,experience
4,healthcare
4,age
4,understand
4,liv
4,experience
4,population
4,research
4,team
4,study
4,interview
4,autistic
4,woman
4,middle
4,life
4,healthcare
4,experience
4,information
4,interview
4,analyse
4,create
4,theme
4,base
4,participant
4,report
4,researcher
4,main
4,theme
4,analysis
4,participant
4,express
4,concern
4,stigma
4,stereotype
4,associate
4,autism
4,lead
4,poor
4,healthcare
4,experience
4,participant
4,confidence
4,seek
4,affect
4,negative
4,experience
4,life
4,difficult
4,interaction
4,healthcare
4,provider
4,confident
4,seek
4,navigat
4,healthcare
4,system
4,challenge
4,participant
4,participant
4,lot
4,future
4,worry
4,ageing
4,consequence
4,health
4,support
4,share
4,hope
4,healthcare
4,future
4,finding
4,finding
4,highlight
4,autistic
4,woman
4,middle
4,life
4,barriers
4,accessing
4,healthcare
4,study
4,emphasise
4,understanding
4,support
4,autistic
4,woman
4,healthcare
4,setting
4,university
4,college
4,london
4,ucl
4,joshua
4,stott
4,ada
4,lab
4,ucl
4,research
4,department
4,clinical
4,bradford
4,institute
4,health
4,research
4,educational
4,health
4,psychology
4,division
4,psychology
4,language
4,sciences
4,university
4,college
4,london
4,ucl
4,torrington
4,london
4,wc1e
4,email
4,j.stott@ucl.ac.uk
4,autism
4,keyword
4,autism
4,autistic
4,woman
4,healthcare
4,experience
4,adult
4,introduction
4,increase
4,risk
4,death
4,suicide
4,compare
4,kõlves
4,woman
4,health
4,issue
4,include
4,autism
4,spectrum
4,disorder
4,autism
4,neuimpact
4,menstrual
4,cycle
4,menopause
4,rodevelopmental
4,condition
4,diagnose
4,basis
4,impact
4,relative
4,non-autistic
4,repetitive
4,restrict
4,behaviour
4,difficulty
4,woman
4,groenman
4,social
4,interaction
4,communication
4,american
4,addition
4,late
4,diagnosis
4,autism
4,common
4,psychiatric
4,association
4,epidemiological
4,study
4,woman
4,contribute
4,poorer
4,health
4,outsuggest
4,people
4,autistic
4,brugha
4,autistic
4,woman
4,estimate
4,vary
4,depend
4,refer
4,mental
4,health
4,service
4,support
4,condion
4,age
4,demographic
4,shaw
4,ratio
4,tion
4,anxiety
4,eat
4,disorder
4,reflect
4,genfor
4,male
4,female
4,diagnosis
4,estimate
4,der
4,assumption
4,healthcare
4,pathway
4,tint
4,al.
4,community
4,base
4,study
4,posserud
4,al.
4,autistic
4,woman
4,misdiagnose
4,autism
4,lifelong
4,condition
4,sonality
4,disorder
4,contribute
4,unsuitadiagnosed
4,childhood
4,autism
4,research
4,bility
4,health
4,service
4,create
4,barrier
4,associate
4,concentrate
4,autism
4,childhood
4,adultgender
4,delay
4,identification
4,autism
4,dawalt
4,hood
4,publication
4,autism
4,focus
4,intersection
4,gender
4,autism
4,thereolder
4,age
4,lifespan
4,female
4,fore
4,amplify
4,health
4,disparity
4,autistic
4,woman
4,underrepresented
4,autism
4,research
4,simultaneously
4,navigat
4,ableism
4,sexism
4,experience
4,autistic
4,healthcare
4,system
4,botha
4,frost
4,woman
4,enter
4,middle
4,life
4,mello
4,increase
4,prevalence
4,health
4,healthcare
4,experience
4,autistic
4,people
4,age
4,research
4,focus
4,middle
4,aged
4,autistic
4,adult
4,health
4,support
4,complexity
4,health
4,autistic
4,peoimportant
4,nions
4,ple
4,experience
4,healthcare
4,study
4,finding
4,exist
4,suggest
4,autistic
4,people
4,autistic
4,woman
4,babb
4,al.
4,hampton
4,autism
4,health
4,al.
4,significant
4,difficulty
4,health
4,compare
4,population
4,diagnose
4,autistic
4,care
4,wey
4,result
4,health
4,inequality
4,people
4,prevalence
4,physical
4,mental
4,level
4,unmet
4,healthcare
4,autistic
4,popuhealth
4,condition
4,lifespan
4,croen
4,lation
4,physical
4,mental
4,health
4,condition
4,lever
4,geurts
4,learn
4,płatos
4,pisula
4,autistic
4,people
4,report
4,lower
4,disability
4,attention
4,deficit
4,satisfaction
4,healthcare
4,gerber
4,hyperactivity
4,disorder
4,hour
4,gastrointestinal
4,utilisation
4,service
4,compare
4,non-autistic
4,issue
4,sleep
4,difficulty
4,epilepsy
4,depression
4,anxiety
4,people
4,common
4,co-occurring
4,condition
4,expe
4,barrier
4,healthcare
4,exist
4,autistic
4,people
4,rience
4,autistic
4,people
4,fortuna
4,individual
4,service
4,provider
4,systemic
4,level
4,people
4,lower
4,life
4,expectancy
4,nions
4,barrier
4,include
4,insufficient
4,knowledge
4,al.
4,risk
4,death
4,suicide
4,hirvikoski
4,autism
4,healthcare
4,professional
4,lead
4,al.
4,compare
4,neurotypical
4,adult
4,reflect
4,adverse
4,experience
4,provider
4,shaw
4,health
4,inequality
4,unmet
4,support
4,autistic
4,people
4,report
4,heighten
4,sensory
4,sensitivity
4,healthcare
4,environment
4,lighting
4,noise
4,invasive
4,procedure
4,distress
4,avoid
4,autistic
4,woman
4,health
4,ance
4,communication
4,difference
4,autistic
4,woman
4,poorer
4,health
4,status
4,comassociate
4,double
4,empathy
4,autistic
4,experience
4,prevalead
4,challenge
4,interaction
4,professional
4,lence
4,health
4,condition
4,epilepsy
4,attempt
4,support
4,genetic
4,disorder
4,disproportionately
4,poorer
4,study
4,provide
4,valuable
4,insight
4,health
4,compare
4,non-autistic
4,woman
4,kassee
4,recognise
4,sample
4,study
4,examine
4,mortality
4,risk
4,autistic
4,woman
4,experience
4,autistic
4,woman
4,healthcare
4,autistic
4,autistic
4,predominantly
4,comprise
4,autistic
4,individual
4,woman
4,intellectual
4,disabilitie
4,childhood
4,adolescence
4,adulthood
4,gillions
4,walsh
4,stromberg
4,focus
4,diagnosis
4,adulthood
4,woman
4,cohort
4,similarly
4,shaw
4,autism
4,quotient
4,quantify
4,autistic
4,babalola
4,draw
4,population
4,trait
4,median
4,score
4,participant
4,skew
4,mid-adulthood
4,remain
4,tool
4,design
4,person
4,paucity
4,research
4,focus
4,healthcare
4,experience
4,presence
4,autistic
4,trait
4,score
4,autistic
4,individual
4,middle
4,adulthood
4,par
4,autism
4,allison
4,ticularly
4,autistic
4,woman
4,participatory
4,method
4,community
4,current
4,study
4,involvement
4,statement
4,increase
4,healthcare
4,service
4,age
4,steering
4,autistic
4,adult
4,includand
4,evidence
4,health
4,autistic
4,female
4,male
4,involved
4,woman
4,study
4,knowledge
4,development
4,research
4,project
4,study
4,focus
4,specifically
4,healthcare
4,experience
4,middle
4,material
4,include
4,survey
4,interview
4,age
4,autistic
4,woman
4,health
4,topic
4,guide
4,offer
4,suggest
4,revision
4,age
4,research
4,highlight
4,priority
4,improve
4,clarity
4,accessibility
4,relevance
4,liv
4,expeautistic
4,community
4,michael
4,aim
4,study
4,rience
4,provide
4,feedback
4,practical
4,qualitatively
4,explore
4,autistic
4,woman
4,healthcare
4,aspect
4,complete
4,survey
4,timing
4,clarity
4,experience
4,united
4,kingdom
4,scope
4,information
4,comprehensiveness
4,feedback
4,lead
4,purposefully
4,broad
4,exploratory
4,united
4,concrete
4,change
4,content
4,structure
4,kingdom
4,healthcare
4,primarily
4,provide
4,study
4,material
4,ensure
4,inclusive
4,national
4,health
4,service
4,nhs
4,publicly
4,funded
4,system
4,representative
4,offer
4,universal
4,healthcare
4,free
4,qualitative
4,approach
4,choose
4,investigate
4,material
4,procedure
4,follow
4,research
4,question
4,middle
4,age
4,autistic
4,woman
4,perceive
4,support
4,healthcare
4,topic
4,guide
4,interview
4,develop
4,service
4,barrier
4,facilitator
4,research
4,team
4,collaboration
4,steering
4,report
4,middle
4,age
4,autistic
4,woman
4,autistic
4,people
4,supplemental
4,material
4,finde
4,healthcare
4,service
4,interview
4,question
4,develop
4,select
4,topic
4,base
4,finding
4,exist
4,research
4,focus
4,barrier
4,facilitator
4,healthcare
4,autistic
4,people
4,methods
4,broader
4,question
4,gender
4,relate
4,autistic
4,interview
4,schedule
4,pilot
4,participant
4,steering
4,subsequent
4,adaptation
4,participant
4,purposively
4,sample
4,age
4,base
4,feedback
4,include
4,specific
4,prompt
4,proethnicity
4,sexuality
4,june2022
4,december
4,viding
4,definition
4,simplifying
4,language
4,inter
4,subsample
4,larger
4,survey
4,view
4,schedule
4,flexibly
4,interviewer
4,autistic
4,people
4,healthcare
4,experience
4,intuitively
4,follow
4,conversation
4,basic
4,advertise
4,poster
4,social
4,media
4,framework
4,guide
4,discussion
4,page
4,autism
4,researcher
4,individuals
4,write
4,inform
4,consent
4,parmail
4,list
4,charity
4,autistic
4,people
4,national
4,ticipate
4,interview
4,subsequent
4,completion
4,autistic
4,society
4,autistica
4,eligible
4,participant
4,survey
4,identify
4,eligible
4,require
4,female
4,assign
4,female
4,sex
4,view
4,telephone
4,zoom
4,birth
4,identify
4,female
4,reasonable
4,adjustment
4,offer
4,interview
4,diagnose
4,autistic
4,identify
4,autistic
4,record
4,encrypt
4,voice
4,recording
4,device
4,hold
4,conversation
4,english
4,establish
4,transcribe
4,audio
4,file
4,verbatim
4,remove
4,communicating
4,participant
4,arrange
4,identifying
4,information
4,anonymise
4,survey
4,data
4,interview
4,resident
4,potential
4,participant
4,link
4,transcript
4,allocation
4,exclude
4,multiple
4,profound
4,intellec
4,participant
4,participant
4,receive
4,tual
4,disabilitie
4,prevent
4,participation
4,inter
4,voucher
4,interview
4,view
4,capacity
4,consent
4,participant
4,aged
4,data
4,analysis
4,demographic
4,supplementary
4,table1
4,formal
4,diagnosis
4,autism
4,reflexive
4,thematic
4,analysis
4,rta
4,braun
4,clarke
4,barriers
4,assessment
4,analyse
4,qualitative
4,interview
4,data
4,autism
4,embark
4,analysis
4,bracketing
4,interview
4,idea
4,autism
4,complete
4,research
4,team
4,woman
4,autistic
4,decide
4,bother
4,position
4,identity
4,pre-existing
4,assumption
4,anymore
4,topic
4,position
4,statement
4,write
4,base
4,interview
4,describe
4,diagnosis
4,question
4,follow
4,analysis
4,guideline
4,braun
4,clarke
4,interaction
4,healthcare
4,professional
4,inconinterview
4,transcribe
4,read
4,reread
4,gruent
4,stereotypically
4,male
4,autistic
4,behaviour
4,code
4,vivo
4,coding
4,conduct
4,autistic
4,semantic
4,level
4,emphasise
4,explicit
4,content
4,parand
4,participant
4,leave
4,feeling
4,ticipant
4,language
4,interpreting
4,underly
4,discouraged
4,unsure
4,inform
4,service
4,meaning
4,draw
4,bottom
4,inductive
4,data
4,drive
4,autistic
4,raise
4,conapproach
4,capture
4,directly
4,communicate
4,cern
4,educate
4,professional
4,receive
4,betparticipant
4,experiential
4,orientation
4,braun
4,ter
4,support
4,recent
4,counselling
4,support
4,person
4,clarke
4,coded
4,transcript
4,recognise
4,autism
4,research
4,team
4,discuss
4,coding
4,prepare
4,read
4,learn
4,feel
4,idea
4,explore
4,assumption
4,data
4,support
4,support
4,enhance
4,richness
4,coding
4,check
4,perceived
4,professional
4,stereotype
4,affect
4,particiconsistency
4,advocate
4,braun
4,clarke
4,pants
4,experiences
4,receive
4,mental
4,health
4,care
4,par
4,clusters
4,code
4,generate
4,ticular
4,gendered
4,stereotype
4,perceive
4,influence
4,individual
4,code
4,map
4,thematic
4,professional
4,perception
4,mental
4,health
4,idea
4,co-author
4,participant
4,perceive
4,affect
4,treatment
4,support
4,describe
4,finde
4,noise
4,hospital
4,challenging
4,offer
4,participant
4,describe
4,routine
4,misdiagnosis
4,code
4,sensory
4,sensitivity
4,cluster
4,autistic
4,trait
4,mental
4,illness
4,thematic
4,idea
4,'environmental
4,barriers
4,anxiety
4,depression
4,manicluster
4,create
4,set
4,initial
4,theme
4,festation
4,undiagnosed
4,autism
4,experience
4,develop
4,thematic
4,map
4,final
4,feeling
4,healthcare
4,professional
4,theme
4,explore
4,result
4,unable
4,identify
4,autistic
4,refin
4,discussion
4,research
4,team
4,awful
4,lot
4,counselling
4,type
4,therapy
4,pick
4,autistic
4,p14
4,data
4,availability
4,statement
4,participant
4,describe
4,receive
4,support
4,mental
4,health
4,difficulty
4,ineffective
4,lack
4,adapta
4,participant
4,study
4,write
4,consent
4,tion
4,autism
4,relate
4,data
4,share
4,publicly
4,sensitive
4,tailor
4,autistic
4,people
4,cbt
4,nature
4,research
4,support
4,data
4,deliver
4,standard
4,manner
4,helpful
4,lack
4,adaptations
4,lead
4,participant
4,assume
4,wrong
4,result
4,autistic
4,style
4,treatment
4,unsuitable
4,theme
4,stigma
4,stereotype
4,professional
4,understanding
4,autism
4,leading
4,support
4,anxiety
4,depression
4,poor-quality
4,care
4,lead
4,wrong
4,wrong
4,participants
4,report
4,healthcare
4,experience
4,true
4,supporte
4,significantly
4,impact
4,professional
4,understanding
4,autism
4,repeat
4,encounter
4,professional
4,hold
4,participants
4,reflecte
4,consequence
4,havstereotypical
4,view
4,autism
4,participant
4,feel
4,stige
4,autism
4,recognise
4,misdiagnose
4,matise
4,result
4,poor-quality
4,experience
4,care
4,mental
4,illness
4,adult
4,life
4,repeatedly
4,level
4,knowledge
4,health
4,professional
4,support
4,hope
4,autistic
4,extremely
4,lead
4,frustration
4,sadness
4,participoor
4,result
4,absolutely
4,patronpant
4,blame
4,finding
4,support
4,ise
4,treat
4,sort
4,idiot
4,lack
4,service
4,tailor
4,participant
4,comment
4,lack
4,understanding
4,sun
4,healthcare
4,professional
4,female
4,autism
4,presany
4,random
4,weird
4,therapy
4,hear
4,entation
4,reliance
4,stereotype
4,inform
4,autistic
4,male
4,gillions
4,interact
4,dismissive
4,professional
4,lack
4,understanding
4,autism
4,lead
4,participant
4,feel
4,mistreate
4,autistic
4,person
4,confrontation
4,doctor
4,understand
4,perspective
4,p14
4,participants
4,feel
4,autistic
4,specifically
4,autistic
4,woman
4,professional
4,minimise
4,concern
4,treat
4,poorly
4,listen
4,understand
4,dismiss
4,true
4,consequence
4,poor-quality
4,care
4,associate
4,stigma
4,stereotype
4,participant
4,feel
4,overlooked
4,judge
4,dismisse
4,status
4,middle
4,aged
4,autistic
4,woman
4,judge
4,parent
4,judge
4,woman
4,middle
4,aged
4,woman
4,autistic
4,woman
4,time
4,misjudge
4,woman
4,family
4,impact
4,participant
4,ability
4,prioritise
4,health
4,age
4,parent
4,health
4,bottom
4,list
4,participant
4,reflect
4,late
4,diagnosis
4,autism
4,impact
4,interaction
4,professional
4,autistic
4,child
4,autistic
4,woman
4,autistic
4,child
4,autistic
4,difficult
4,daughter
4,sort
4,theme
4,accumulation
4,negative
4,healthcare
4,experience
4,reduce
4,participant
4,confidence
4,service
4,participant
4,describe
4,complex
4,healthcare
4,attend
4,appointment
4,accumulation
4,bad
4,experience
4,create
4,negative
4,anticipation
4,accessing
4,healthcare
4,appointment
4,happen
4,bad
4,appointment
4,feel
4,suffer
4,positive
4,healthcare
4,experience
4,rarely
4,report
4,occur
4,trigger
4,surprise
4,confusion
4,element
4,empathy
4,humanity
4,jarr
4,unusual
4,participant
4,feel
4,disillusioned
4,healthcare
4,service
4,bother
4,seek
4,anymore
4,question
4,worth
4,difficult
4,encounter
4,wrong
4,bad
4,experience
4,worth
4,niggle
4,lack
4,care
4,foster
4,resentment
4,bitterness
4,frustration
4,reduce
4,participant
4,confidence
4,ability
4,service
4,provider
4,offer
4,support
4,participant
4,problematic
4,user
4,system
4,burden
4,service
4,provider
4,healthcare
4,time
4,bother
4,perceive
4,pain
4,pick
4,negative
4,cue
4,provider
4,pharmacy
4,walk
4,feel
4,friendly
4,feel
4,repeat
4,experience
4,participant
4,feel
4,unworthy
4,support
4,result
4,difficulty
4,tolerate
4,distressing
4,sensory
4,environment
4,contribute
4,significantly
4,negative
4,healthcare
4,experience
4,leave
4,environment
4,feel
4,unsafe
4,crowded
4,attempt
4,reasonable
4,adjustment
4,p11
4,participant
4,sensory
4,sensitivity
4,pain
4,touch
4,barrier
4,routine
4,woman
4,health
4,screen
4,afraid
4,cervical
4,smear
4,feel
4,participant
4,avoid
4,significant
4,sensory
4,distress
4,outweigh
4,potential
4,benefit
4,health
4,concern
4,mammogram
4,painful
4,worried
4,health
4,age
4,explore
4,feel
4,continually
4,service
4,lead
4,participant
4,feel
4,overwhelmed
4,anxious
4,engage
4,hell
4,feel
4,anxious
4,stress
4,bad
4,experience
4,heighten
4,alert
4,p11
4,participant
4,describe
4,significant
4,distress
4,healthcare
4,encounter
4,feel
4,waves
4,body
4,pulsing
4,straight
4,talk
4,gp'
4,repeat
4,negative
4,encounter
4,life
4,experience
4,participant
4,traumatic
4,theme
4,effort
4,require
4,navigate
4,healthcare
4,system
4,participants
4,feel
4,enormous
4,effort
4,require
4,navigate
4,healthcare
4,system
4,participant
4,equate
4,interaction
4,fight
4,battle
4,mind
4,matter
4,fight
4,hear
4,persistence
4,perseverance
4,require
4,leave
4,participant
4,feel
4,uncared
4,compound
4,difficulty
4,autism
4,diagnostic
4,assessment
4,diagnostic
4,quest
4,ongoing
4,answer
4,contribute
4,burnout
4,fundamentally
4,exhaust
4,participant
4,describe
4,mask
4,conceal
4,autism
4,related
4,difficulty
4,participant
4,service
4,compliant
4,avoid
4,perceive
4,autism
4,burden
4,participant
4,suggest
4,practical
4,worried
4,hard
4,cover
4,ment
4,likelihood
4,positive
4,healthcare
4,experiand
4,nuisance
4,mask
4,ence
4,possibility
4,enable
4,cope
4,appointment
4,care
4,participant
4,empowered
4,stance
4,advocatother
4,conceal
4,extent
4,difficulty
4,ing
4,healthcare
4,deserve
4,offer
4,inadequate
4,unsuitable
4,care
4,par
4,suggestion
4,forward
4,hope
4,change
4,ticipant
4,express
4,concern
4,lack
4,awareness
4,position
4,individualised
4,approach
4,healthmask
4,nice
4,healthcare
4,profession
4,care
4,autistic
4,people
4,healthcare
4,professional
4,aware
4,capable
4,autistic
4,woman
4,treat
4,talk
4,individual
4,neurotypical
4,energy
4,p13
4,common
4,theme
4,organise
4,attend
4,appointment
4,participants
4,highlight
4,importance
4,healthcare
4,promemory
4,planning
4,communication
4,skill
4,describe
4,fessional
4,individual
4,specific
4,health
4,require
4,significant
4,effort
4,partici
4,avoid
4,assumption
4,offer
4,pants
4,participant
4,report
4,practical
4,difficulty
4,adjustment
4,person
4,cent
4,care
4,appointment
4,parking
4,travel
4,timing
4,cognitive
4,aspect
4,planning
4,memory
4,healthcare
4,professionals
4,autistic
4,affect
4,negative
4,impact
4,ability
4,engage
4,effectively
4,affect
4,positive
4,minute
4,minute
4,appointment
4,negative
4,day
4,activity
4,communicate
4,people
4,energy
4,leave
4,autistic
4,theme
4,future
4,age
4,related
4,concern
4,service
4,improveament
4,identify
4,participant
4,hope
4,change
4,include
4,facilitating
4,communication
4,preference
4,provide
4,write
4,information
4,prior
4,appoint
4,participant
4,worried
4,system
4,curment
4,accommodate
4,sensory
4,rently
4,meet
4,provide
4,adequate
4,health
4,screen
4,appointment
4,autismcare
4,stage
4,life
4,worry
4,friendly
4,provide
4,mandatory
4,autism
4,training
4,professtate
4,nhs
4,move
4,forward
4,sional
4,proactively
4,individual
4,require
4,worry
4,impact
4,age
4,exist
4,adjustment
4,condition
4,autistic
4,sensitivity
4,negative
4,experience
4,care
4,minor
4,complaints
4,lead
4,anxiety
4,discussion
4,condition
4,hospitalisation
4,knowledge
4,study
4,ward
4,week
4,healthcare
4,experience
4,middle
4,age
4,autistic
4,struggle
4,mask
4,woman
4,united
4,kingdom
4,theme
4,identify
4,unravelling
4,worry
4,sense
4,stigma
4,misunderstanding
4,treat
4,compound
4,intersectionality
4,female
4,gender
4,autism
4,age
4,lead
4,cumulative
4,negative
4,reflecting
4,future
4,leave
4,participant
4,feel
4,healthcare
4,experience
4,difficulty
4,navigat
4,healthextremely
4,healthcare
4,system
4,scare
4,care
4,system
4,highlight
4,hope
4,change
4,happen
4,participant
4,future
4,couple
4,fear
4,related
4,age
4,reflect
4,likelihood
4,residential
4,care
4,home
4,suitable
4,autistic
4,person
4,care
4,home
4,connecting
4,themes
4,wider
4,literature
4,hope
4,alongside
4,negative
4,healthcare
4,experience
4,participant
4,theme
4,stigma
4,misunderstan
4,fit
4,describe
4,practice
4,exist
4,research
4,autistic
4,adult
4,experience
4,offer
4,hope
4,introduction
4,dur
4,healthcare
4,calleja
4,mazurek
4,pandemic
4,offer
4,participant
4,hope
4,flexible
4,al.
4,lack
4,autism
4,knowledge
4,healthhealthcare
4,feasible
4,foster
4,choice
4,appoint
4,care
4,professional
4,highlight
4,addiment
4,acceptability
4,communicat
4,tional
4,concern
4,autistic
4,woman
4,professional
4,healthcare
4,professional
4,option
4,specific
4,lack
4,knowledge
4,female
4,autism
4,phenoonline
4,appointment
4,type
4,impact
4,professional
4,view
4,improvement
4,bit
4,flexibility
4,diagnosis
4,experience
4,miss
4,opportunity
4,gillion
4,autism
4,identify
4,formally
4,diagnose
4,participant
4,feel
4,accuracy
4,diagnosis
4,question
4,professional
4,result
4,dismissal
4,health
4,concern
4,neurodivergence
4,accommodate
4,care
4,consistent
4,finding
4,regard
4,misattribution
4,autism
4,related
4,behaviour
4,woman
4,mental
4,health
4,difficulty
4,personality
4,disorder
4,kentrou
4,participant
4,share
4,journey
4,struggling
4,understand
4,mental
4,health
4,adulthood
4,absence
4,autism
4,diagnosis
4,lead
4,lack
4,support
4,experience
4,contribute
4,poorer
4,mental
4,health
4,outcome
4,autistic
4,woman
4,beck
4,al.
4,finding
4,study
4,build
4,previous
4,suggest
4,magnify
4,time
4,ageing
4,theme
4,support
4,add
4,research
4,detailing
4,autistic
4,adult
4,negative
4,healthcare
4,experience
4,gerber
4,al.
4,finding
4,advancing
4,age
4,negative
4,experience
4,accumulate
4,leave
4,participant
4,feeling
4,resign
4,avoidant
4,seek
4,healthcare
4,support
4,finding
4,study
4,suggest
4,middle
4,autistic
4,woman
4,experience
4,intense
4,emotional
4,distress
4,engage
4,healthcare
4,urgent
4,investigation
4,larger
4,representative
4,samples
4,finding
4,affir
4,relevance
4,barriers
4,healthcare
4,autistic
4,adult
4,sensory
4,sensitivity
4,relevant
4,middle
4,age
4,autistic
4,woman
4,study
4,extend
4,understanding
4,highlight
4,gender
4,aspect
4,sensory
4,challenge
4,notably
4,participant
4,describe
4,sensory
4,difficulty
4,medical
4,procedure
4,cervical
4,smear
4,mammogram
4,barrier
4,participant
4,attend
4,preventive
4,health
4,screening
4,woman
4,study
4,attend
4,appointment
4,importance
4,appropriately
4,adapt
4,care
4,ensure
4,equity
4,preventive
4,service
4,study
4,participant
4,reflect
4,lifetime
4,masking
4,assess
4,cost
4,benefit
4,masking
4,interaction
4,health
4,professional
4,autistic
4,people
4,experience
4,masking
4,study
4,offer
4,insight
4,autistic
4,woman
4,demographic
4,describe
4,mask
4,context
4,healthcare
4,suggest
4,represent
4,coping
4,strategy
4,true
4,extent
4,person
4,challenge
4,remain
4,invisible
4,provider
4,participant
4,suggestion
4,facilitator
4,healthcare
4,similar
4,study
4,rarely
4,experience
4,practice
4,distinction
4,desire
4,expectation
4,healthcare
4,reality
4,report
4,positive
4,healthcare
4,experience
4,offer
4,direction
4,service
4,adjustment
4,significant
4,difference
4,autistic
4,woman
4,perceive
4,support
4,offer
4,appointment
4,modality
4,similarity
4,suggestion
4,study
4,wider
4,adult
4,autistic
4,population
4,offer
4,flexibility
4,individualise
4,care
4,adam
4,nicolaidis
4,suggest
4,factor
4,facilitate
4,healthcare
4,relevant
4,gender
4,lifespan
4,lack
4,service
4,facilitator
4,autistic
4,adult
4,middle
4,age
4,healthcare
4,service
4,advancing
4,health
4,age
4,mukaetova
4,ladinska
4,intersectionality
4,age
4,disability
4,gender
4,autistic
4,woman
4,experience
4,stress
4,result
4,discrimination
4,oppression
4,societal
4,prejudice
4,meyer
4,multiple
4,marginalise
4,woman
4,minority
4,autistic
4,statuse
4,participant
4,highlight
4,importance
4,talk
4,experience
4,position
4,intersectionality
4,convergence
4,aspect
4,identity
4,influence
4,experience
4,healthcare
4,perceive
4,professional
4,individual
4,collective
4,impact
4,sexism
4,ageism
4,ableism
4,experience
4,middle
4,age
4,autistic
4,woman
4,influence
4,healthcare
4,experience
4,healthcare
4,system
4,design
4,predominantly
4,neurotypical
4,male
4,norm
4,risk
4,exclude
4,middle
4,age
4,autistic
4,woman
4,sit
4,multiple
4,marginalise
4,intersection
4,botha
4,frost
4,finding
4,fit
4,triple
4,empathy
4,develop
4,recent
4,study
4,autistic
4,people
4,experience
4,communication
4,difficulty
4,healthcare
4,professional
4,mutual
4,misunderstanding
4,deficit
4,autistic
4,people
4,shaw
4,argue
4,healthcare
4,setting
4,communication
4,difficulty
4,exacerbate
4,difference
4,culture
4,agenda
4,professional
4,increase
4,relational
4,challenge
4,finding
4,illustrate
4,additional
4,challenge
4,experience
4,middle
4,aged
4,autistic
4,woman
4,communication
4,gaps
4,magnify
4,neurodivergence
4,gender
4,expectation
4,communication
4,emotional
4,expression
4,age
4,related
4,stereotype
4,strength
4,limitation
4,strength
4,study
4,include
4,breadth
4,interview
4,schedule
4,broad
4,contribution
4,nascent
4,research
4,limitation
4,include
4,lack
4,racial
4,ethnic
4,diversity
4,sample
4,participant
4,white
4,racial
4,ethnic
4,minoritisation
4,adversely
4,affect
4,health
4,outcome
4,experience
4,healthcare
4,service
4,marmot
4,future
4,gather
4,voice
4,light
4,intersectional
4,issue
4,raise
4,study
4,participant
4,study
4,recruit
4,literate
4,technology
4,participant
4,experience
4,socioeconomic
4,deprivation
4,health
4,prevent
4,internet
4,active
4,engagement
4,technology
4,represent
4,impact
4,generalisability
4,finding
4,internet
4,usage
4,adult
4,increase
4,significantly
4,zhang
4,evidence
4,autistic
4,people
4,prefer
4,computer
4,mediate
4,communication
4,unclear
4,autistic
4,adult
4,disproportionately
4,experience
4,digital
4,exclusion
4,future
4,offline
4,recruitment
4,methods
4,ensure
4,inclusivity
4,participant
4,identify
4,mild
4,learning
4,disability
4,include
4,limitation
4,individual
4,co-occurring
4,autism
4,intellectual
4,disability
4,experience
4,inequality
4,premature
4,mortality
4,krantz
4,al.
4,majority
4,participant
4,educate
4,degree
4,level
4,finding
4,biase
4,intellectually
4,affluent
4,demographic
4,favourably
4,impact
4,healthcare
4,experience
4,information
4,autism
4,diagnosis
4,base
4,selfreport
4,participant
4,identify
4,autistic
4,formally
4,diagnose
4,include
4,recognise
4,create
4,issue
4,credibility
4,validity
4,justification
4,notably
4,autistic
4,people
4,choose
4,pursue
4,diagnosis
4,woman
4,barriers
4,lewis
4,difficulty
4,obtain
4,historic
4,medical
4,record
4,diagnose
4,childhood
4,recent
4,paper
4,examine
4,underdiagnosis
4,autism
4,united
4,kingdom
4,highlight
4,fewer
4,autistic
4,adult
4,diagnose
4,base
4,primary
4,care
4,record
4,nions
4,limit
4,sample
4,diagnose
4,people
4,sample
4,unrepresentative
4,panel
4,autistic
4,people
4,involve
4,design
4,study
4,feel
4,identify
4,autistic
4,people
4,eligible
4,participate
4,goal
4,research
4,team
4,reduce
4,barriers
4,participation
4,vastly
4,under-researched
4,population
4,clinical
4,implication
4,finding
4,health
4,inequality
4,united
4,kingdom
4,adversely
4,impact
4,health
4,autistic
4,woman
4,overgeneralise
4,overstate
4,finding
4,qualitative
4,study
4,extensive
4,health
4,inequality
4,experience
4,middle
4,age
4,autistic
4,woman
4,finding
4,motivate
4,investigation
4,experience
4,autism
4,finding
4,study
4,highly
4,relevant
4,current
4,legislation
4,development
4,health
4,service
4,national
4,autism
4,strategy
4,united
4,kingdom
4,government
4,highlight
4,autistic
4,voice
4,hear
4,improve
4,healthcare
4,autistic
4,people
4,implication
4,study
4,quality
4,training
4,professional
4,autism
4,include
4,specific
4,content
4,gender
4,ageing
4,involve
4,autistic
4,people
4,development
4,facilitation
4,training
4,recent
4,mandatory
4,training
4,learn
4,disability
4,autism
4,priority
4,nhs
4,england
4,findings
4,suggest
4,reasonable
4,adjustment
4,individualised
4,person
4,centred
4,readily
4,offer
4,onus
4,patient
4,request
4,brice
4,goal
4,adjustment
4,reduce
4,cognitive
4,load
4,emotional
4,distress
4,autistic
4,woman
4,engage
4,healthcare
4,include
4,choice
4,appointment
4,type
4,offer
4,extend
4,appointment
4,accept
4,communication
4,method
4,implication
4,broader
4,serviceprovider
4,level
4,consideration
4,sensory
4,sensitivitie
4,gendere
4,healthcare
4,screening
4,prioritise
4,easier
4,autistic
4,woman
4,attend
4,appointment
4,conjunction
4,broader
4,service
4,wide
4,adjustment
4,cater
4,sensory
4,autistic
4,population
4,offer
4,people
4,separate
4,wait
4,appointment
4,additionally
4,adult
4,woman
4,multiple
4,chronic
4,physical
4,health
4,condition
4,ongoing
4,mental
4,health
4,difficulty
4,service
4,screening
4,autism
4,routine
4,healthcare
4,kassee
4,contribute
4,earlier
4,diagnosis
4,autism
4,woman
4,enable
4,neurodivergence
4,incorporate
4,physical
4,mental
4,health
4,treatment
4,plan
4,current
4,healthcare
4,practice
4,demonstrate
4,female
4,eat
4,disorder
4,inpatient
4,patient
4,complete
4,autism
4,screen
4,measure
4,admission
4,tchanturia
4,direction
4,future
4,research
4,future
4,study
4,seek
4,include
4,view
4,autistic
4,woman
4,racially
4,ethnically
4,minoritise
4,backgrounds
4,refer
4,global
4,majority
4,understand
4,experience
4,study
4,benefit
4,explicitly
4,apply
4,health
4,minority
4,approaches
4,understand
4,intersecting
4,identity
4,shape
4,healthcare
4,outcome
4,employ
4,quantitative
4,approach
4,population
4,representative
4,samples
4,identify
4,widespread
4,specific
4,type
4,barrier
4,healthcare
4,autistic
4,woman
4,identify
4,priority
4,redesign
4,service
4,healthcare
4,experience
4,middle
4,age
4,gillions
4,autistic
4,woman
4,co-occurring
4,intellectual
4,disabilitie
4,mandy
4,view
4,carer
4,impor
4,joshua
4,stott
4,https://orcid.org/0000-0003-1361-053x
4,tant
4,research
4,broadly
4,limited
4,research
4,specific
4,ethical
4,consideration
4,gender
4,healthcare
4,experience
4,autistic
4,woman
4,study
4,receive
4,ethical
4,approval
4,university
4,college
4,autistic
4,people
4,importance
4,research
4,regard
4,london
4,ucl
4,research
4,ethics
4,committee
4,menopause
4,replacement
4,therapy
4,experience
4,appointment
4,mammogram
4,michael
4,contributions
4,study
4,purposefully
4,broad
4,amy
4,gillion
4,conceptualisation
4,formal
4,analysis
4,funding
4,research
4,create
4,depth
4,understanding
4,acquisition
4,investigation
4,methodology
4,resource
4,writing
4,middle
4,age
4,autistic
4,woman
4,experience
4,speoriginal
4,draft
4,cific
4,type
4,healthcare
4,difference
4,compare
4,elizabeth
4,o'nion
4,conceptualisation
4,supervision
4,writing
4,neurotypical
4,woman
4,demonstrate
4,review
4,editing
4,importance
4,research
4,health
4,social
4,hassan
4,mansour
4,project
4,administration
4,supervision
4,write
4,care
4,provision
4,autistic
4,woman
4,age
4,physi
4,review
4,editing
4,cal
4,health
4,decline
4,research
4,sarah
4,hoare
4,project
4,administration
4,write
4,review
4,autistic
4,woman
4,perceive
4,healthcare
4,residen
4,editing
4,mandy
4,conceptualisation
4,supervision
4,writing
4,review
4,tial
4,settings
4,rodgers
4,editing
4,finally
4,research
4,perspective
4,joshua
4,stott
4,conceptualisation
4,fund
4,acquisition
4,service
4,provider
4,professionals
4,specific
4,study
4,supervision
4,writing
4,review
4,editing
4,focus
4,healthcare
4,professional
4,understanding
4,autism
4,woman
4,require
4,identify
4,gap
4,knowl
4,funding
4,edge
4,assess
4,provider
4,confidence
4,issue
4,disclose
4,receipt
4,follow
4,financial
4,support
4,mental
4,health
4,misdiagnosis
4,ineffective
4,treatment
4,research
4,authorship
4,publication
4,identify
4,study
4,research
4,support
4,dunhill
4,medical
4,trust
4,explore
4,mental
4,health
4,professional
4,distinguish
4,rpgf
4,autism
4,mental
4,health
4,condition
4,woman
4,reduce
4,delay
4,diagnosis
4,conversely
4,diagnostic
4,declaration
4,conflict
4,overshadow
4,bhargava
4,ashwin
4,declare
4,potential
4,conflict
4,respect
4,research
4,authorship
4,publication
4,summary
4,supplemental
4,material
4,provide
4,depth
4,understanding
4,healthcare
4,experience
4,autistic
4,woman
4,middle
4,supplemental
4,material
5,narrative
5,review
5,autism
5,adulthood
5,volume
5,mary
5,ann
5,liebert
5,inc.
5,camera
5,reader
5,scan
5,code
5,resource
5,impact
5,intersectional
5,disadvantage
5,autistic
5,woman
5,experience
5,interpersonal
5,violence
5,narrative
5,review
5,jessica
5,fox
5,abstract
5,social
5,factor
5,impact
5,autistic
5,woman
5,vulnerability
5,interpersonal
5,violence
5,underexplor
5,research
5,experience
5,current
5,literature
5,review
5,examine
5,research
5,experience
5,interpersonal
5,violence
5,autistic
5,woman
5,develop
5,understanding
5,social
5,factor
5,issue
5,autistic
5,woman
5,experience
5,social
5,exclusion
5,inequality
5,connection
5,intersectional
5,position
5,gender
5,neuro-minority
5,intersectional
5,disadvantage
5,contribute
5,elevated
5,rate
5,interpersonal
5,violence
5,autistic
5,woman
5,experience
5,autistic
5,woman
5,experience
5,gendere
5,form
5,interpersonal
5,violence
5,connect
5,inequality
5,support
5,detrimental
5,impact
5,masking
5,autistic
5,woman
5,intersectional
5,stigma
5,associate
5,autistic
5,victim
5,-survivor
5,interpersonal
5,violence
5,significant
5,barrier
5,engagement
5,support
5,service
5,issue
5,interpersonal
5,violence
5,intersectional
5,factor
5,underpin
5,autistic
5,woman
5,approach
5,complex
5,social
5,issue
5,individual
5,vulnerability
5,autism
5,woman
5,interpersonal
5,violence
5,vulnerability
5,intersectional
5,disadvantage
5,keyword
5,community
5,topic
5,autistic
5,woman
5,experience
5,interpersonal
5,violence
5,violence
5,occur
5,personal
5,relationship
5,commonly
5,discuss
5,autistic
5,community
5,acknowledge
5,autism
5,research
5,broadly
5,interpersonal
5,violence
5,issue
5,impact
5,autistic
5,woman
5,unique
5,cover
5,exclusion
5,woman
5,minority
5,autism
5,research
5,addition
5,autistic
5,woman
5,experience
5,intersectional
5,disadvantage
5,multiple
5,form
5,disadvantage
5,gender
5,autism
5,related
5,inequality
5,social
5,exclusion
5,intersectional
5,disadvantage
5,key
5,factor
5,autistic
5,woman
5,experience
5,interpersonal
5,violence
5,purpose
5,previous
5,research
5,explore
5,intersectional
5,disadvantage
5,autistic
5,woman
5,broadly
5,autism
5,research
5,investigate
5,relates
5,issue
5,interpersonal
5,violence
5,examine
5,intersectional
5,aspect
5,social
5,disadvantage
5,autistic
5,woman
5,contribute
5,experience
5,interpersonal
5,violence
5,centre
5,justice
5,faculty
5,creative
5,industries
5,education
5,social
5,justice
5,queensland
5,university
5,technology
5,brisbane
5,queensland
5,australia
5,fox
5,personal
5,professional
5,perspective
5,researcher
5,bring
5,topic
5,autistic
5,woman
5,undertake
5,research
5,improve
5,support
5,autistic
5,victimsurvivor
5,interpersonal
5,violence
5,experience
5,interpersonal
5,violence
5,inspired
5,approach
5,topic
5,critical
5,perspective
5,explore
5,social
5,factor
5,contribute
5,autistic
5,woman
5,experience
5,vulnerability
5,result
5,researcher
5,autistic
5,woman
5,experience
5,rate
5,interpersonal
5,violence
5,form
5,sexual
5,assault
5,intimate
5,partner
5,violence
5,similar
5,wider
5,pattern
5,woman
5,experience
5,rate
5,sexual
5,assault
5,intimate
5,partner
5,violence
5,pronounced
5,autistic
5,woman
5,range
5,social
5,factor
5,vulnerable
5,factor
5,include
5,support
5,difficulty
5,autism
5,diagnosis
5,social
5,norm
5,encourage
5,autistic
5,people
5,ignore
5,comply
5,people
5,social
5,exclusion
5,stigma
5,autistic
5,people
5,researcher
5,recommend
5,future
5,research
5,autistic
5,woman
5,acknowledge
5,extent
5,interpersonal
5,violence
5,life
5,trauma
5,experience
5,connection
5,focus
5,address
5,circumstance
5,situation
5,autistic
5,woman
5,vulnerable
5,review
5,autistic
5,adult
5,future
5,autistic
5,woman
5,experience
5,interpersonal
5,violence
5,expect
5,review
5,framing
5,understand
5,experience
5,examine
5,social
5,factor
5,autistic
5,woman
5,vulnerable
5,hope
5,direct
5,focus
5,individual
5,neurodivergent
5,trait
5,primary
5,understanding
5,vulnerability
5,autistic
5,woman
5,idea
5,challenge
5,victimblaming
5,narrative
5,understanding
5,experience
5,interpersonal
5,violence
5,portion
5,research
5,grounde
5,biomedical
5,introduction
5,essentialist
5,framework
5,construct
5,rigid
5,neurodevelopmental
5,condition
5,characterize
5,sex
5,base
5,category
5,behavior
5,central
5,dimension
5,utism
5,term
5,external
5,marker
5,difference
5,social
5,conflation
5,sex
5,gender
5,highly
5,discommunication
5,sensory
5,processing
5,movement
5,focus
5,feminist
5,social
5,constructivist
5,perspective
5,reinterests.1
5,current
5,diagnostic
5,criterion
5,categorize
5,intensity
5,duce
5,complex
5,sociocultural
5,dimension
5,gender
5,difference
5,term
5,impair
5,identity
5,sex
5,base
5,binary
5,gender-essentialist
5,foperson
5,functional
5,ability
5,support
5,cus
5,problematic
5,exclude
5,gender
5,analysis
5,lation
5,impairment.2
5,conceptualization
5,issue
5,autistic
5,woman
5,experience
5,elevate
5,risk
5,functional
5,ability
5,underpin
5,normative
5,standard
5,interpersonal
5,violence
5,complexity
5,sociocultural
5,context
5,interpersonal
5,violence
5,encompass
5,range
5,violent
5,relation
5,autistic
5,trait
5,abusive
5,exploitative
5,act
5,occur
5,personal
5,remay
5,attribute
5,challenge
5,neutral
5,feature
5,depend
5,lationships
5,interpersonal
5,violence
5,commonly
5,person
5,functional
5,context
5,support
5,trate
5,woman
5,form
5,sexual
5,autism
5,traditionally
5,construct
5,violence
5,intimate
5,partner
5,abuse
5,norm
5,structure
5,medical
5,paradigms
5,pathologize
5,atypical
5,neurodeve
5,practice
5,drive
5,gender
5,violence
5,understand
5,lopment
5,line
5,divergence
5,normative
5,individual
5,relational
5,community
5,system
5,societal
5,standard
5,pathology
5,paradigm
5,challenge
5,level
5,socioecological
5,framework
5,individual
5,proponent
5,neurodiversity
5,movement
5,argue
5,relational
5,level
5,drivers
5,include
5,conformity
5,genatypical
5,neurodevelopment
5,neurodivergence
5,der
5,role
5,norm
5,foster
5,gender
5,inequality
5,relation
5,impairment
5,inherently
5,petrator
5,attitude
5,entitlement
5,dominance
5,woman
5,historically
5,marginalize
5,autism
5,control
5,community
5,system
5,-level
5,research
5,focus
5,primarily
5,child
5,drivers
5,include
5,intersectional
5,barriers
5,comadult
5,line
5,prevalence
5,diagno
5,munity
5,lack
5,effective
5,system
5,policy
5,adsis
5,recognition
5,recently
5,dress
5,respond
5,gender
5,violence
5,community
5,emergence
5,limited
5,target
5,research
5,issue
5,societal
5,level
5,factor
5,include
5,sociocultural
5,practice
5,experience
5,autistic
5,women.9
5,significant
5,attitude
5,normalize
5,violence
5,woman
5,autistic
5,woman
5,experience
5,interpersonal
5,rape
5,culture
5,myth
5,victim
5,blame
5,narrative
5,sexbase
5,construction
5,gender
5,gendere
5,nature
5,interpersonal
5,violence
5,link
5,patriarchal
5,structure
5,gender
5,norm
5,perpetuate
5,inequality
5,oppression
5,n.19
5,gender
5,base
5,oppression
5,interact
5,dimension
5,social
5,marginalization
5,foster
5,intersectional
5,disadvantage
5,establish
5,additional
5,barriers
5,intersectional
5,disadvantage
5,refer
5,people
5,compound
5,social
5,disadvantage
5,marginalization
5,line
5,relative
5,minority
5,position
5,class
5,socioeconomic
5,background
5,race
5,ethnicity
5,gender
5,sexuality
5,age
5,disability/neurodivergence.21
5,experience
5,underpin
5,multifaceted
5,connection
5,structure
5,power
5,oppress
5,minority
5,subordinate
5,disadvantage
5,privilege
5,majority
5,majority
5,share
5,power
5,resource
5,rights
5,autistic
5,woman
5,protect
5,united
5,nations
5,convention
5,rights
5,people
5,disability
5,uncrpd
5,uncrpd
5,outline
5,rights
5,woman
5,disabilitie
5,acknowledge
5,intersectional
5,nature
5,experience
5,outline
5,freedom
5,exploitation
5,violence
5,abuse
5,emphasis
5,gender
5,base
5,aspect
5,country
5,world
5,sign
5,ratify
5,uncrpd
5,degree
5,rights
5,human
5,rights
5,broadly
5,realize
5,upheld
5,country
5,contexts.25
5,disabled
5,people
5,experience
5,significant
5,disadvantage
5,violation
5,rights
5,world
5,bolster
5,neoliberal
5,social
5,system
5,establish
5,barriers
5,support
5,socioeconomic
5,review
5,synthesize
5,research
5,gender
5,base
5,issue
5,autistic
5,woman
5,experience
5,focus
5,interpersonal
5,violence
5,social
5,factor
5,underpinn
5,review
5,examine
5,intersectional
5,disadvantage
5,autistic
5,woman
5,relation
5,experience
5,interpersonal
5,violence
5,specifically
5,gender
5,inequality
5,diagnosis
5,autism
5,impact
5,gender
5,base
5,masking
5,issue
5,autistic
5,woman
5,experience
5,engage
5,support
5,system
5,review
5,identify
5,research
5,outline
5,recommendation
5,future
5,direction
5,address
5,knowledge
5,gaps
5,examination
5,social
5,inequality
5,gender
5,base
5,oppression
5,complex
5,require
5,critical
5,evaluation
5,wide
5,range
5,research
5,multiple
5,discipline
5,subject
5,narrative
5,review
5,select
5,analysis
5,format
5,suit
5,appraising
5,literature
5,capture
5,perspectife
5,marginalization
5,experience
5,autistic
5,woman
5,follow
5,parameter
5,establish
5,refine
5,scope
5,synthesis
5,review
5,literature
5,search
5,limit
5,research
5,publish
5,past
5,literature
5,search
5,conduct
5,proquest
5,ebsc
5,ohost
5,database
5,primary
5,criterion
5,inclusion
5,literature
5,experience
5,autistic
5,woman
5,intellectual
5,disability
5,include
5,literature
5,social
5,inequality
5,barrier
5,diagnosis
5,stigma
5,mask
5,interpersonal
5,violence
5,service
5,delivery
5,experience
5,research
5,topic
5,select
5,identify
5,preliminary
5,literature
5,search
5,key
5,violence
5,autistic
5,woman
5,experience
5,gender
5,base
5,inequality
5,exclude
5,search
5,literature
5,autistic
5,child
5,parent
5,caregiver
5,autistic
5,child
5,genetic
5,neurobiological
5,marker
5,autism
5,literature
5,autistic
5,adolescent
5,include
5,base
5,relevance
5,overarching
5,research
5,list
5,stigma
5,intersectional
5,disadvantage
5,research
5,literature
5,consistently
5,autistic
5,adult
5,experience
5,level
5,social
5,disadvantage
5,inequality
5,range
5,include
5,employment
5,education
5,health
5,"outcomes.29,30"
5,relationship
5,stigma
5,social
5,disadvantage
5,autistic
5,population
5,emerge
5,theme
5,literature
5,stigma
5,define
5,socially
5,construct
5,schema
5,characteristic
5,behavior
5,cast
5,unfavourable
5,autism
5,related
5,stigma
5,involve
5,explicit
5,implicit
5,discrimination
5,people
5,base
5,autism
5,label
5,visibly
5,neurodivergent
5,trait
5,"behaviors.30,33"
5,stigma
5,internalize
5,autistic
5,people
5,negative
5,perception
5,personal
5,trait
5,difficult
5,separate
5,experience
5,personhood
5,sense
5,identity
5,research
5,united
5,kingdom
5,suggest
5,explicit
5,internalize
5,stigma
5,key
5,factor
5,rate
5,interpersonal
5,victimization
5,violence
5,occur
5,personal
5,relationship
5,autistic
5,people
5,experience.35
5,minority
5,stress
5,model
5,understand
5,disadvantage
5,autistic
5,adult
5,experience
5,model
5,propose
5,stigmatize
5,minority
5,experience
5,social
5,stress
5,physical
5,mental
5,healthrelate
5,issue
5,occupy
5,disadvantaged
5,position
5,dominant
5,social
5,hierarchy
5,expose
5,frequency
5,adverse
5,life
5,event
5,social
5,economic
5,political
5,resource
5,recover
5,autistic
5,adult
5,involve
5,complex
5,experience
5,unemployment
5,poverty
5,health
5,inequality
5,interpersonal
5,victimization
5,compound
5,limited
5,support
5,"services.38,39"
5,varying
5,intersection
5,disadvantage
5,individual
5,belong
5,multiple
5,marginalize
5,experience
5,overlapp
5,stigma
5,inequality
5,autistic
5,woman
5,experience
5,intersectional
5,disadvantage
5,relation
5,status
5,gender
5,neuro-minority
5,experience
5,marginalization
5,autistic
5,wider
5,"communities.7,40"
5,instance
5,qualitative
5,research
5,quantitative
5,research
5,illustrate
5,autistic
5,woman
5,experience
5,significant
5,stress
5,anxiety
5,depression
5,related
5,gender
5,base
5,social
5,"expectations.41,42"
5,autistic
5,woman
5,experience
5,suicidal
5,ideation
5,autistic
5,men.43
5,gender
5,base
5,inequality
5,highlight
5,scale
5,population
5,research
5,sweden
5,autistic
5,woman
5,attempt
5,suicide
5,autistic
5,similar
5,research
5,north
5,america
5,suggest
5,autistic
5,woman
5,time
5,die
5,suicide
5,non-autistic
5,autistic
5,woman
5,experience
5,barriers
5,maintain
5,employment
5,accessing
5,health
5,care
5,mental
5,health
5,care
5,navigat
5,social
5,tint
5,suggest
5,autistic
5,woman
5,rate
5,material
5,deprivation
5,connection
5,experience
5,socioeconomic
5,disadvantage
5,addition
5,research
5,united
5,kingdom
5,outline
5,autistic
5,mother
5,involved
5,child
5,protection
5,system
5,subject
5,invasive
5,intervention
5,surveillance
5,neurodivergence
5,autistic
5,woman
5,experience
5,rate
5,interpersonal
5,victimization
5,form
5,sexual
5,domestic
5,violence
5,lockwood
5,estrin
5,suggest
5,autistic
5,woman
5,homelessness
5,relation
5,experience
5,interpersonal
5,violence
5,service
5,delivery
5,support
5,unknown
5,recognition
5,autism
5,woman
5,gender
5,base
5,barriers
5,autism
5,diagnosis
5,key
5,issue
5,report
5,literature
5,recognition
5,autism
5,girl
5,"women.9,53"
5,research
5,issue
5,identify
5,significant
5,genderbase
5,barriers
5,autistic
5,girl
5,woman
5,encounter
5,attaine
5,diagnosis.54
5,male
5,female
5,ratio
5,autism
5,diagnosis
5,assume
5,conteste
5,recent
5,study
5,investigate
5,recognition
5,autistic
5,woman
5,instance
5,mccrossin
5,estimate
5,autistic
5,girl
5,overlook
5,diagnosis
5,study
5,outline
5,underrecognition
5,autistic
5,girl
5,woman
5,"resulted42,57"
5,lack
5,support
5,service
5,population
5,recently
5,acknowledge
5,gender
5,bia
5,autism
5,conceptualize
5,diagnose
5,autism
5,research
5,predominantly
5,study
5,experience
5,autistic
5,boy
5,anglo
5,saxon
5,european
5,cultural
5,background
5,shape
5,current
5,diagnostic
5,criterion
5,dominant
5,construction
5,autism
5,time
5,prolonge
5,uncritical
5,acceptance
5,exclusionary
5,practice
5,autism
5,construct
5,rigid
5,stereotypical
5,term
5,notably
5,pervasive
5,misconception
5,autism
5,''male
5,disorder
5,link
5,underlying
5,gender
5,bia
5,practitioner
5,clinician
5,overlook
5,woman
5,girl
5,muggleton
5,assess
5,male
5,female
5,similar
5,presentation
5,autistic
5,trait
5,clinician
5,diagnose
5,female
5,autism
5,barrier
5,diagnosis
5,support
5,compound
5,multiple
5,form
5,intersectional
5,disadvantage
5,instance
5,similar
5,pattern
5,identify
5,relation
5,racial
5,minority
5,population
5,united
5,black
5,latino
5,asian
5,autistic
5,people
5,report
5,range
5,barrier
5,diagnosis
5,black
5,autistic
5,girl
5,woman
5,''intersectionally
5,invisible
5,compound
5,gender
5,race
5,base
5,marginalization
5,experience
5,role
5,play
5,establish
5,substantial
5,barriers
5,diagnosis
5,support
5,autism
5,assessment
5,country
5,require
5,substantial
5,financial
5,resource
5,ability
5,navigate
5,complex
5,medical
5,systems.54
5,autistic
5,people
5,lower
5,socioeconomic
5,background
5,limited
5,educational
5,opportunity
5,experience
5,significantly
5,barriers
5,attaine
5,formal
5,autism
5,diagnosis
5,undiagnosed
5,autistic
5,person
5,wide
5,range
5,implication
5,exist
5,neuronormative
5,world
5,lack
5,frame
5,reference
5,understanding
5,accommodate
5,neurodivergent
5,support
5,identi
5,fox
5,fication
5,autism
5,clinical
5,diagnosis
5,process
5,recognition
5,regard
5,positive
5,term
5,autistic
5,adult
5,woman
5,experience
5,multiple
5,barriers
5,process
5,autistic
5,woman
5,report
5,relevant
5,information
5,identification
5,community
5,belong
5,enhance
5,selfunderstand
5,positive
5,outcome
5,receive
5,diagnosis
5,qualitative
5,research
5,autistic
5,woman
5,experience
5,interpersonal
5,violence
5,diagnose
5,note
5,feel
5,receive
5,diagnosis
5,earlier
5,life
5,navigate
5,dangerous
5,social
5,situation
5,gender
5,base
5,dynamics
5,autistic
5,masking
5,theme
5,literature
5,autistic
5,woman
5,social
5,camouflage
5,hypothesis
5,propose
5,autistic
5,people
5,engage
5,compensatory
5,behavior
5,hide
5,neurodivergence
5,process
5,refer
5,masking
5,involve
5,consciously
5,unconsciously
5,suppresse
5,neurodiverse
5,trait
5,favor
5,perceive
5,acceptable
5,sociocultural
5,context
5,masking
5,commonly
5,describe
5,autistic
5,community
5,''pretend
5,normal
5,motivate
5,pressure
5,conform
5,normative
5,expectation
5,pass
5,nonautistic
5,conceptual
5,model
5,masking
5,outline
5,pearson
5,rose
5,define
5,internal
5,external
5,process
5,sociocultural
5,assimilation
5,autistic
5,people
5,engage
5,aware
5,neurodivergence
5,masking
5,commonly
5,describe
5,exhaust
5,process
5,autistic
5,people
5,woman
5,view
5,surviving
5,world
5,build
5,accommodate
5,neurodivergent
5,study
5,propose
5,masking
5,internalized
5,response
5,stigma
5,associate
5,neurodivergent
5,dehumanizing
5,attitude
5,belief
5,non-autistic
5,people
5,harbor
5,autistic
5,trait
5,exclusive
5,autistic
5,people
5,stigmatize
5,identity
5,engage
5,masking
5,degree
5,response
5,sociocultural
5,pressure
5,conform
5,status
5,quo.70
5,increase
5,body
5,evidence
5,masking
5,negative
5,impact
5,mental
5,health
5,autistic
5,people
5,woman
5,experience
5,depression
5,anxiety
5,suicidality
5,connection
5,mask
5,behavior
5,tubio-fungueirino
5,al.67
5,autistic
5,woman
5,adhere
5,gender
5,norm
5,mask
5,social
5,confusion
5,difficulty
5,understand
5,complex
5,dynamics
5,interpersonal
5,relationship
5,seers
5,hogg
5,suggest
5,autistic
5,woman
5,engage
5,masking
5,reduce
5,vulnerability
5,social
5,relationship
5,strategy
5,mirroring
5,copy
5,social
5,scripting
5,set
5,pre-prepared
5,script
5,social
5,interaction
5,line
5,study
5,autistic
5,adult
5,view
5,mask
5,strategy
5,avoid
5,interpersonal
5,victimization
5,process
5,sociocultural
5,assimilatio
5,n.70
5,emerging
5,research
5,link
5,finding
5,autistic
5,people
5,experience
5,polyvictimization
5,multiple
5,instance
5,interpersonal
5,victimization.71
5,autistic
5,woman
5,overrepresented
5,participant
5,study
5,suggest
5,polyvictimization
5,interpersonal
5,relationship
5,key
5,gender
5,base
5,issue
5,examining
5,motivation
5,autistic
5,woman
5,experience
5,interpersonal
5,autistic
5,woman
5,motivation
5,mask
5,attempt
5,avoid
5,reduce
5,stigmatization
5,describe
5,persistent
5,marginalization
5,feel
5,othered
5,masking
5,effort
5,highlight
5,trundle
5,al.73
5,suggest
5,autistic
5,people
5,victimize
5,stigma
5,attach
5,presence
5,visibly
5,autistic
5,trait
5,gibbs
5,pellicano
5,illustrate
5,autistic
5,people
5,feel
5,target
5,perpetrator
5,adeep
5,identifying
5,difference
5,exploit
5,internalize
5,stigma
5,experience
5,victimize
5,compound
5,autistic
5,woman
5,gender
5,norm
5,placat
5,appease
5,avoid
5,adverse
5,social
5,situations.72
5,instance
5,account
5,autistic
5,woman
5,experience
5,violence
5,intimate
5,partner
5,relationship
5,capture
5,normalized
5,abusive
5,behavior
5,assume
5,unwritten
5,rule
5,woman.9
5,interpersonal
5,violence
5,autistic
5,people
5,risk
5,interpersonal
5,violence
5,report
5,experienced
5,violence
5,abuse
5,personal
5,relationship
5,perpetrate
5,family
5,friend
5,romantic
5,partner
5,"carers.35,71,74"
5,complex
5,intertwin
5,connection
5,mental
5,health
5,struggle
5,interpersonal
5,trauma
5,internalize
5,stigma
5,overarching
5,theme
5,literature
5,autistic
5,people
5,experience
5,"victimization.13,74"
5,instance
5,crosssectional
5,study
5,mental
5,health
5,difficulty
5,associate
5,masking
5,stigma
5,closely
5,link
5,autistic
5,people
5,experience
5,interpersonal
5,violence
5,oppose
5,mask
5,n.73
5,compliance
5,acquiescence
5,report
5,common
5,mask
5,response
5,autistic
5,people
5,confront
5,victimizing
5,behavior
5,situation
5,power
5,imbalance
5,potentially
5,adverse
5,social
5,consequence
5,experience
5,violence
5,abuse
5,childhood
5,risk
5,factor
5,revictimization
5,population
5,experience
5,interpersonal
5,violence
5,autistic
5,child
5,experience
5,rate
5,victimization
5,instance
5,australian
5,autistic
5,adult
5,report
5,experience
5,physical
5,sexual
5,abuse
5,childhood
5,compare
5,non-autistic
5,australians.77
5,similarly
5,autistic
5,people
5,subject
5,intervention
5,applied
5,behavioral
5,analysis
5,childhood
5,heighten
5,risk
5,interpersonal
5,victimization
5,focus
5,intervention
5,enforcing
5,compliance
5,encourage
5,cazalis
5,significant
5,relationship
5,autistic
5,woman
5,experience
5,sexual
5,violence
5,youth
5,risk
5,revictimization
5,life
5,span
5,participant
5,experience
5,sexual
5,violence
5,occur
5,difficulty
5,recognize
5,implicit
5,intentions
5,manipulative
5,behavior
5,key
5,theme
5,autistic
5,people
5,experience
5,interpersonal
5,violence.35
5,connection
5,autistic
5,people
5,experience
5,multiple
5,instance
5,interpersonal
5,violence
5,commonly
5,feel
5,fault
5,repeatedly
5,victimize
5,normalize
5,feature
5,fardella
5,suggest
5,social
5,exclusion
5,internalize
5,stigma
5,risk
5,factor
5,autistic
5,people
5,violence253
5,victimize
5,desire
5,social
5,connection
5,inclusion
5,impact
5,capacity
5,recognize
5,respond
5,dangerous
5,situation
5,highlight
5,jeanneret
5,roughly
5,autistic
5,people
5,experience
5,interpersonal
5,violence
5,report
5,limited
5,support
5,network
5,provide
5,social
5,guidance
5,lack
5,social
5,support
5,illustrate
5,issue
5,autistic
5,woman
5,report
5,stay
5,problematic
5,romantic
5,relationship
5,partner
5,social
5,connection
5,source
5,majority
5,exist
5,research
5,interpersonal
5,research
5,conduct
5,autistic
5,people
5,intellectual
5,disability
5,reflect
5,diversity
5,experience
5,support
5,autistic
5,people
5,intellectual
5,disability
5,similarly
5,difference
5,experience
5,speak
5,non/semi-speak
5,autistic
5,individual
5,capture
5,exist
5,research
5,complex
5,nature
5,experience
5,interpersonal
5,violence
5,semi-speak
5,autistic
5,people
5,difficult
5,capture
5,fluctuate
5,widely
5,individual
5,context
5,trauma
5,factor
5,limitation
5,research
5,conduct
5,western
5,context
5,participant
5,predominantly
5,anglo
5,saxon
5,european
5,cultural
5,background
5,research
5,autistic
5,indigenous
5,people
5,settler
5,colonial
5,society
5,australia
5,zealand
5,canada
5,united
5,limit
5,research
5,black
5,migrant
5,culturally
5,diverse
5,community
5,western
5,country
5,limit
5,nature
5,autistic
5,woman
5,overlapping
5,minority
5,identity
5,experience
5,interpersonal
5,violence
5,relation
5,intersectional
5,disadvantage
5,research
5,barnett
5,queer
5,autistic
5,people
5,report
5,overlap
5,experience
5,harassment
5,base
5,intersection
5,gender
5,sexuality
5,neurodivergence
5,link
5,feel
5,behavior
5,polic
5,accord
5,respective
5,deviation
5,normativity
5,intersection
5,marginalization
5,explore
5,context
5,autistic
5,people
5,experience
5,interpersonal
5,violence
5,broadly
5,intersectional
5,dimension
5,interpersonal
5,violence
5,disable
5,non-disable
5,population
5,broadly
5,study
5,extent
5,comparatively
5,central
5,theme
5,experience
5,interpersonal
5,violence
5,woman
5,intersecting
5,identitie
5,relative
5,context
5,marginalization
5,perpetrator
5,opportunity
5,victimization
5,exploitation
5,structural
5,disadvantage
5,perpetrator
5,exert
5,control
5,migrant
5,woman
5,mediterranean
5,base
5,vulnerability
5,displace
5,limit
5,government
5,support
5,system
5,gender
5,base
5,violence
5,key
5,theme
5,literature
5,autistic
5,woman
5,experience
5,disproportionately
5,rate
5,sexual
5,"violence.49,85,86"
5,gibb
5,al.77
5,autistic
5,woman
5,surveye
5,experience
5,sexual
5,assault
5,compare
5,in5
5,non-autistic
5,woman
5,study
5,france
5,autistic
5,woman
5,experience
5,form
5,sexual
5,assault
5,report
5,experience
5,pecora
5,al.87
5,autistic
5,woman
5,experience
5,sexual
5,victimization
5,include
5,unwanted
5,sexual
5,advance
5,compare
5,non-autistic
5,woman
5,autistic
5,woman
5,consent
5,unwanted
5,sexual
5,experience
5,double
5,non-autistic
5,woman
5,gibb
5,illustrate
5,autistic
5,woman
5,report
5,disproportionately
5,rate
5,sexual
5,violence
5,compare
5,non-autistic
5,woman
5,significantly
5,experience
5,multiple
5,repeat
5,incident
5,life
5,compare
5,non-autistic
5,woman
5,addition
5,experience
5,commonly
5,occur
5,context
5,intimate
5,relationship
5,perpetrators
5,overwhelm
5,partner
5,ex-partner
5,finding
5,pearson
5,intimate
5,partner
5,violence
5,commonly
5,report
5,context
5,autistic
5,woman
5,experience
5,interpersonal
5,victimization
5,relation
5,cazalis
5,autistic
5,woman
5,experience
5,repeat
5,incident
5,sexual
5,assault
5,perpetrate
5,person
5,report
5,multiple
5,experience
5,perpetrator
5,emerge
5,evidence
5,base
5,rate
5,sexual
5,violence
5,experience
5,autistic
5,woman
5,limit
5,research
5,intimate
5,partner
5,violence
5,relation
5,coercive
5,control
5,psychological
5,abuse
5,broadly
5,coercive
5,control
5,involve
5,re-occurring
5,pattern
5,dominate
5,behavior
5,physical
5,psychological
5,exert
5,power
5,control
5,interpersonal
5,relationship
5,key
5,risk
5,factor
5,perpetration
5,intimate
5,partner
5,"violence.89,90"
5,dougla
5,sedgewick91
5,capture
5,autistic
5,people
5,experience
5,intimate
5,partner
5,violence
5,illustrate
5,feel
5,vulnerable
5,abuser
5,coercive
5,tactic
5,pervasive
5,internalized
5,sense
5,world
5,wrong
5,participant
5,report
5,abuser
5,adeep
5,autism
5,stigma
5,delegitimize
5,capacity
5,understand
5,experience
5,violence
5,qualitative
5,studies9
5,indirectly
5,capture
5,aspect
5,intimate
5,partner
5,violence
5,autistic
5,woman
5,experience
5,relationship
5,interpersonal
5,violence
5,establish
5,directly
5,addition
5,autistic
5,woman
5,experience
5,sexual
5,violence
5,psychological
5,manipulation
5,report
5,common
5,method
5,coercion
5,perpetrator
5,prevalence
5,interpersonal
5,violence
5,autistic
5,woman
5,study
5,capture
5,range
5,positive
5,interpersonal
5,relationship
5,form
5,"lives.72,92,93"
5,autistic
5,woman
5,commonly
5,report
5,connection
5,autistic
5,woman
5,autistic
5,community
5,strong
5,source
5,affirmation
5,empowerment
5,develop
5,positive
5,sense
5,autistic
5,neurodivergent
5,identity
5,strengthen
5,psychological
5,positive
5,impact
5,diagnosis
5,recognition
5,autistic
5,identity
5,key
5,theme
5,literature
5,autistic
5,woman
5,experience
5,relationship
5,explore
5,authentic
5,relation
5,people
5,expectation
5,influence
5,life
5,autistic
5,woman
5,experience
5,interpersonal
5,violence
5,attribute
5,social
5,passivity
5,report
5,develop
5,assertiveness
5,time
5,result
5,process
5,experience
5,context
5,receive
5,autism
5,diagnosis
5,study
5,suggest
5,elevate
5,risk
5,victimization
5,autistic
5,woman
5,link
5,difference
5,social
5,skill
5,associate
5,"neurodivergence.57,86"
5,autistic
5,non-autistic
5,woman
5,experience
5,rate
5,sexual
5,domestic
5,violence
5,autistic
5,consistent
5,broader
5,trend
5,gender
5,base
5,violence
5,wome
5,highlight
5,vulnerability
5,complex
5,individual
5,factor
5,attribute
5,person
5,neurodivergence
5,multiple
5,socioeconomic
5,systemic
5,force
5,contribute
5,experience
5,violence
5,autistic
5,woman
5,instance
5,autistic
5,woman
5,ineligible
5,disability
5,support
5,service
5,undiagnose
5,result
5,rely
5,informal
5,support
5,interpersonal
5,relationship
5,increase
5,risk
5,"victimization.96,97"
5,addition
5,barrier
5,employment
5,inadequate
5,support
5,result
5,autistic
5,woman
5,experience
5,socioeconomic
5,hardship
5,increase
5,risk
5,exploitation
5,financial
5,dependence
5,limited
5,research
5,outline
5,support
5,autistic
5,woman
5,experience
5,gender
5,base
5,violence
5,study
5,suggest
5,primary
5,prevention
5,implement
5,target
5,sexual
5,education
5,program
5,autistic
5,adolescent
5,portion
5,woman
5,remain
5,undiagnosed
5,late
5,adulthood
5,question
5,arise
5,effectiveness
5,program
5,populatio
5,dubreucq
5,dubreucq
5,argue
5,service
5,provider
5,population
5,mental
5,health
5,field
5,accommodate
5,complex
5,unique
5,support
5,autistic
5,woman
5,include
5,rate
5,gender
5,base
5,violence
5,experience
5,bargiela
5,suggest
5,assertiveness
5,training
5,key
5,strategy
5,reduce
5,autistic
5,woman
5,vulnerability
5,gender
5,base
5,violence
5,learn
5,interpersonal
5,skill
5,develop
5,healthy
5,boundary
5,understanding
5,consent
5,strategy
5,avoid
5,dangerous
5,situation
5,individualized
5,focus
5,address
5,intersectional
5,sociocultural
5,dimension
5,vulnerability
5,autistic
5,woman
5,cazalis
5,argue
5,violence
5,prevention
5,effort
5,victim
5,blame
5,rape
5,culture
5,myths
5,inadvertently
5,perpetuate
5,approach
5,focus
5,individual
5,responsibility
5,safety
5,autistic
5,non-autistic
5,woman
5,experience
5,interpersonal
5,violence
5,perpetrate
5,commonly
5,partner
5,ex-partner
5,unequal
5,power
5,dynamics
5,relationship
5,factor
5,examine
5,focus
5,behavior
5,perpetrator
5,target
5,socially
5,marginalize
5,skilled
5,exploit
5,sociocultural
5,attitude
5,normalize
5,violence
5,autistic
5,woman
5,report
5,difficulty
5,recognize
5,experience
5,interpersonal
5,victimization
5,disclose
5,experience
5,prevention
5,effort
5,focus
5,consent
5,bodily
5,autonomy
5,safety
5,autistic
5,woman
5,experience
5,interpersonal
5,relationship
5,beneficial
5,strategy
5,autistic
5,woman
5,experience
5,avoid
5,perpetration
5,proportionally
5,rate
5,sexual
5,domestic
5,violence
5,disclose
5,report
5,autistic
5,service
5,delivery
5,issues
5,autistic
5,woman
5,non-autistic
5,woman
5,bargiela
5,suggest
5,autistic
5,woman
5,experience
5,specific
5,difficulty
5,recognizing
5,practice
5,allie
5,health
5,managetheir
5,experience
5,violence
5,link
5,ment
5,service
5,commonly
5,autistic
5,population
5,pressure
5,mask
5,conform
5,gender
5,base
5,expectawoman
5,psychiatic
5,emergency
5,tion
5,passivity
5,relationship
5,pearmental
5,health
5,service
5,frequency
5,son
5,al.74
5,illustrate
5,neuro-normative
5,structure
5,men.102
5,emerging
5,research
5,link
5,autistic
5,womautism
5,stigma
5,contribute
5,autistic
5,people
5,hesitancy
5,experience
5,increase
5,mental
5,health
5,distress
5,associate
5,report
5,experience
5,violence
5,engage
5,support
5,gender
5,base
5,masking65
5,trauma
5,relation
5,inin
5,relation
5,addition
5,experience
5,intimate
5,terpersonal
5,victimization
5,time
5,consistent
5,partner
5,violence
5,heighten
5,risk
5,danger
5,theme
5,literature
5,service
5,delivery
5,engage
5,support
5,exacerbate
5,autistic
5,woman
5,unmet
5,field
5,related
5,barriers.74
5,research
5,outline
5,specific
5,service
5,delivery
5,gap
5,report
5,engage
5,support
5,autistic
5,woman
5,emerge
5,line
5,recogexperience
5,interpersonal
5,violence
5,highlight
5,interacnition
5,diverse
5,presentations
5,autism
5,exist
5,evidence
5,tion
5,police
5,support
5,practitioner
5,harmful
5,suggest
5,neuro-normative
5,assumptions
5,gender
5,bia
5,imped
5,recovery.74
5,reflect
5,key
5,overlappe
5,factor
5,experience
5,service
5,liv
5,experience
5,report
5,sexual
5,violence
5,neurodidelivery
5,autistic
5,woman
5,intersecting
5,identitie
5,vergent
5,woman
5,obstacle
5,navigat
5,service
5,delivery
5,experience
5,compound
5,inaccessible
5,criminal
5,justice
5,system
5,difficulty
5,additional
5,factor
5,marginalization
5,research
5,communicate
5,experience
5,practitioner
5,explore
5,system
5,stigmatize
5,view
5,hold
5,practitioner
5,attitude
5,lack
5,understanding
5,autism
5,survivor
5,sexual
5,violence
5,notable
5,diverse
5,presentation
5,autism
5,identify
5,key
5,issue
5,barrier
5,process
5,account
5,reflect
5,finding
5,woman
5,support
5,clinical
5,pearson
5,autistic
5,people
5,report
5,incommunity
5,base
5,mental
5,health
5,"services.98,104"
5,crucial
5,cident
5,violence
5,police
5,feel
5,disbelieve
5,factor
5,masking
5,impact
5,seek
5,behavior
5,communication
5,difference
5,eye
5,contact
5,body
5,autistic
5,woman
5,report
5,difficulty
5,language
5,vocal
5,tone
5,understanding
5,express
5,experience
5,common
5,ocin
5,relation
5,service
5,practitioner
5,currence
5,woman
5,disclose
5,report
5,report
5,dismissive
5,experience
5,support
5,sexual
5,domestic
5,violence
5,particuneed
5,prelarly
5,problematic
5,autistic
5,woman
5,neuro-normative
5,conceive
5,notion
5,typical
5,service
5,user
5,behavior
5,assumption
5,interpersonal
5,communicatio
5,n.19
5,inmasking
5,connection
5,tint
5,weiss
5,stance
5,lim
5,non-autistic
5,people
5,found
5,autistic
5,woman
5,experience
5,reluctance
5,seek
5,judge
5,autistic
5,adult
5,deceptive
5,unsupport
5,associate
5,feeling
5,unworthy
5,trustworthy
5,base
5,social
5,presentation
5,link
5,past
5,negative
5,experience
5,service
5,information
5,deliver
5,sasson
5,system
5,practitioner
5,negative
5,perception
5,autistic
5,people
5,autistic
5,woman
5,intersectional
5,disadvantage
5,autistic
5,people
5,primarily
5,base
5,audio-visual
5,cue
5,compound
5,minority
5,stress
5,judgment
5,health
5,care
5,autism
5,-specific
5,support
5,service
5,information
5,write
5,transcript
5,potentially
5,protective
5,factor
5,preventing
5,research
5,start
5,examine
5,neurodiversitysponding
5,experience
5,interpersonal
5,violence
5,affirming
5,practice
5,countering
5,resist
5,health
5,care
5,practitioner
5,include
5,mental
5,health
5,ally
5,neuro-normativity
5,interact
5,autistic
5,adult
5,practitioner
5,victim
5,-survivor
5,pecially
5,context
5,service
5,"delivery.111,112"
5,directly
5,indirectly
5,relation
5,impact
5,violence
5,limited
5,research
5,neurodiversityoften
5,position
5,provide
5,initial
5,support
5,people
5,affirme
5,approach
5,conjunction
5,traumaare
5,isolate
5,exploit
5,heighten
5,perand
5,violence
5,-inform
5,approaches
5,improve
5,autistic
5,son
5,level
5,social
5,isolation
5,key
5,tactic
5,perpewoman
5,engagement
5,support
5,service
5,relation
5,trator
5,context
5,intimate
5,partner
5,experience
5,interpersonal
5,violence
5,violence
5,isolate
5,victim
5,support
5,network
5,result
5,fewer
5,people
5,life
5,intervene
5,preparator
5,future
5,research
5,target
5,victimize
5,autistic
5,woman
5,socially
5,isolate
5,future
5,research
5,experience
5,interpersonal
5,vioand
5,under-supported
5,lence
5,autistic
5,population
5,trauma
5,violence
5,-inform
5,approach
5,beneficial
5,response
5,gender
5,base
5,violence
5,addressing
5,respond
5,issue
5,trauma
5,service
5,delivery
5,barrier
5,issue
5,autistic
5,woman
5,violence
5,inform
5,approach
5,involve
5,understanding
5,compound
5,engage
5,support
5,autistic
5,people
5,experienced
5,multiple
5,perience
5,sexual
5,domestic
5,violence
5,gibbs
5,instance
5,interpersonal
5,violence
5,experience
5,fox
5,trauma
5,relation
5,refram
5,autistic
5,people
5,service
5,delivery
5,autistic
5,woman
5,expeperience
5,interpersonal
5,violence
5,violence
5,rience
5,gender
5,base
5,violence
5,emerge
5,research
5,identrauma-inform
5,lens
5,foster
5,tify
5,intersectional
5,disadvantage
5,stigma
5,key
5,factor
5,compassion
5,community
5,lead
5,advocacy
5,response
5,practitioner
5,popuissue
5,lation
5,examine
5,autistic
5,woman
5,experience
5,based
5,review
5,recommend
5,trauma
5,interpersonal
5,violence
5,suggest
5,future
5,research
5,violence
5,-inform
5,approach
5,future
5,research
5,implement
5,explicit
5,analysis
5,gendered
5,violence
5,experience
5,autistic
5,woman
5,key
5,involve
5,focus
5,individual
5,factor
5,vulnerability
5,acknowledge
5,prevalence
5,interpersonal
5,violence
5,inadvertently
5,normalize
5,victim
5,blame
5,narrative
5,perpetrate
5,autistic
5,adult
5,trauma
5,associate
5,re-traumatize
5,survivor
5,neurotype
5,addition
5,research
5,space
5,person
5,centere
5,focus
5,individual
5,vulnerability
5,autistic
5,woman
5,experience
5,gender
5,form
5,clinical
5,context
5,pair
5,interpersonal
5,violence
5,contextualize
5,issue
5,gentrauma
5,violence
5,-inform
5,approach
5,position
5,der
5,violence
5,countering
5,victim
5,-blam
5,narresponsibility
5,violence
5,solely
5,perpetrator
5,rative
5,problematize
5,neurodivergence
5,individual
5,action
5,survivor
5,structure
5,normalize
5,violence
5,autistic
5,woman
5,strong
5,research
5,recognize
5,respond
5,interpersonal
5,violence
5,autistic
5,woman
5,experience
5,intimate
5,partner
5,violence
5,recommend
5,researchers
5,adopt
5,holistic
5,framework
5,establish
5,clearer
5,understanding
5,coercive
5,control
5,intersectional
5,disadvantage
5,autistic
5,factor
5,experience
5,current
5,review
5,primarily
5,woman
5,experience
5,focus
5,solely
5,individual
5,focus
5,autistic
5,woman
5,experience
5,interper
5,vulnerability
5,sonal
5,violence
5,underpin
5,intersection
5,neuronormative
5,gender
5,base
5,oppression
5,acknowledgment
5,complex
5,autistic
5,woman
5,multiple
5,intersectional
5,doctoral
5,supervisor
5,jodi
5,death
5,identity
5,violence
5,experience
5,julie
5,anne
5,carroll
5,support
5,completing
5,recompound
5,axis
5,oppression
5,christine
5,morely
5,jen
5,ture
5,research
5,explore
5,kaighin
5,feedback
5,earlier
5,draft
5,form
5,marginalization
5,experience
5,autistic
5,woman
5,intersect
5,oppression
5,relation
5,authorship
5,confirmation
5,statement
5,perience
5,interpersonal
5,violence
5,captur
5,experience
5,interpersonal
5,violence
5,j.f.
5,sole
5,review
5,complete
5,black
5,indigenous
5,autistic
5,woman
5,doctoral
5,research
5,subtant
5,future
5,research
5,population
5,experience
5,mit
5,solly
5,journal
5,publish
5,press
5,disproportionally
5,rate
5,intersectional
5,disadvantage
5,submit
5,addition
5,gendered
5,dimension
5,victimization
5,extend
5,tran
5,nonbinary
5,gender
5,disclosure
5,statement
5,non-conform
5,autistic
5,people
5,preliminary
5,research
5,compete
5,financial
5,exist
5,experience
5,similar
5,potentially
5,rate
5,interpersonal
5,violence
5,autistic
5,wome
5,funding
5,information
5,intersectional
5,difference
5,gender
5,minority
5,experience
5,victimization
5,examine
5,funding
5,receive
5,detail
5,future
5,research
6,research
6,type
6,september2025
6,published24
6,autistic
6,life
6,autistic
6,lead
6,conceptualization
6,autistic
6,flourish
6,autistic
6,edited
6,hannah
6,bradby
6,uppsala
6,university
6,sweden
6,woman
6,liv
6,experience
6,review
6,patrizia
6,meringolo
6,university
6,florence
6,italy
6,hayley
6,clapham
6,åsa
6,hedlund1
6,maria
6,eriksson
6,wester1
6,pia
6,edenvik2
6,university
6,technology
6,sydney
6,australia
6,cecilia
6,ingard3
6,kajsa
6,isakson2
6,lisa
6,kron
6,sabel4
6,correspondence
6,danielle
6,unéus5
6,therese
6,lindström6
6,melissa
6,black
6,åsa
6,hedlund
6,hanna
6,bertilsdotter
6,rosqvist8
6,april2025
6,receive
6,september2025
6,accepted08
6,faculty
6,health
6,occupational
6,study
6,department
6,caring
6,sciences
6,university
6,gävle
6,september12025
6,published24
6,gävle
6,sweden
6,independent
6,researcher
6,falun
6,"sweden,3"
6,department
6,social
6,criminology
6,public
6,health
6,sciences
6,university
6,gävle
6,gävle
6,sweden
6,independent
6,researcher
6,stockholm
6,citation
6,sweden
6,disciplinary
6,domain
6,humanities
6,social
6,sciences
6,faculty
6,arts
6,department
6,hedlund
6,eriksson
6,wester
6,edenvik
6,game
6,design
6,uppsala
6,university
6,visby
6,sweden
6,center
6,neurodevelopmental
6,disorders
6,ingard
6,isakson
6,kron
6,sabel
6,department
6,woman
6,children
6,health
6,centre
6,psychiatry
6,research
6,karolinska
6,institutet
6,unéus
6,lindström
6,black
6,region
6,stockholm
6,stockholm
6,sweden
6,department
6,community
6,clinical
6,health
6,school
6,bertilsdotter
6,rosqvist
6,autistic
6,allied
6,health
6,human
6,services
6,sport
6,trobe
6,university
6,melbourne
6,vic
6,"australia,8"
6,faculty
6,arts
6,life
6,autistic
6,lead
6,conceptualization
6,social
6,science
6,department
6,social
6,psychological
6,study
6,karlstad
6,university
6,karlstad
6,autistic
6,flourishing
6,autistic
6,sweden
6,woman
6,liv
6,experience
6,front
6,sociol
6,copyright
6,hedlund
6,eriksson
6,wester
6,edenvik
6,introduction
6,objective
6,develop
6,understanding
6,ingard
6,isakson
6,kron
6,sabel
6,unéus
6,lindström
6,autistic
6,flourishing
6,steadily
6,increase
6,research
6,autistic
6,community
6,black
6,bertilsdotter
6,rosqvist
6,flourishing
6,multidimensional
6,construct
6,explain
6,positive
6,distribute
6,term
6,creative
6,commons
6,attribution
6,emotion
6,psychological
6,social
6,functioning
6,autistic
6,license
6,distribution
6,people
6,process
6,information
6,stimuli
6,neurotypical
6,people
6,reproduction
6,forum
6,permit
6,reasonable
6,assume
6,definition
6,flourishing
6,provide
6,copyright
6,owner
6,credit
6,factor
6,influence
6,neurotypical
6,people
6,explore
6,publication
6,journal
6,cite
6,flourishing
6,autistic
6,woman
6,perspectife
6,essential
6,accordance
6,accept
6,academic
6,historically
6,overlook
6,autism
6,research
6,autistic
6,practice
6,distribution
6,reproduction
6,permit
6,comply
6,presentation
6,mental
6,health
6,risk
6,term
6,method
6,autistic
6,lead
6,partly
6,collective
6,autoethnographic
6,study
6,conduct
6,context
6,broader
6,project
6,explore
6,concept
6,autistic
6,flourishing
6,employ
6,phase
6,phenomenological
6,approach
6,draw
6,autistic
6,neurotypical
6,frame
6,analysis
6,phase
6,autistic
6,woman
6,draw
6,lived
6,experience
6,collective
6,autoethnography
6,include
6,focus
6,collective
6,writing
6,shape
6,concept
6,flourishing
6,indicator
6,insight
6,develop
6,neurotypical
6,compare
6,neurotypical
6,experience
6,conceptualization
6,flourishing
6,result
6,theme
6,subtheme
6,identify
6,theme
6,live
6,neurodivergent
6,bodymind
6,autistic
6,woman
6,define
6,experience
6,flourish
6,theme
6,strategy
6,autistic
6,flourishing
6,highlight
6,action
6,autistic
6,woman
6,achieve
6,maintain
6,flourishing
6,discussion
6,conclusion
6,autistic
6,lead
6,approach
6,draw
6,neurodiverse
6,frame
6,analysis
6,initial
6,investigation
6,autistic
6,flourishing
6,woman
6,finding
6,suggest
6,qualitative
6,difference
6,autistic
6,derive
6,definition
6,flourishing
6,indicator
6,compare
6,frontiers
6,sociology
6,frontiersin.org
6,hedlund
6,neurotypical
6,emphasize
6,understanding
6,flourishing
6,keyword
6,autism
6,autistic
6,lead
6,research
6,introduction
6,grow
6,researchers
6,broader
6,community
6,develop
6,understanding
6,autistic
6,flourishing
6,contrast
6,common
6,focus
6,autistic
6,suffering
6,dominate
6,research
6,practice
6,c.f
6,pellicano
6,heyworth
6,autism
6,autistic
6,people
6,process
6,information
6,experience
6,stimuli
6,heasman
6,reasonable
6,assume
6,flourish
6,autistic
6,people
6,define
6,influence
6,factor
6,compare
6,flourish
6,neurotypical
6,people
6,autistic
6,lead
6,paper
6,embed
6,phenomenological
6,approach
6,autism
6,autistic
6,phenomenology
6,green
6,shaughnessy
6,explore
6,autistic
6,flourish
6,autistic
6,woman
6,liv
6,experience
6,draw
6,autistic
6,neurotypical
6,frame
6,analysis
6,c.f
6,schneid
6,raz
6,develop
6,initial
6,conceptualization
6,autistic
6,flourishing
6,autistic
6,life
6,achieve
6,understand
6,autistic
6,flourishing
6,opportunity
6,remove
6,barriers
6,autistic
6,flourishing
6,develop
6,support
6,intervention
6,enable
6,autistic
6,people
6,live
6,life
6,accord
6,standard
6,autistic
6,woman
6,highlight
6,research
6,prioritize
6,support
6,grive
6,autistic
6,woman
6,risk
6,autistic
6,develop
6,mental
6,health
6,gender
6,conscious
6,understanding
6,autistic
6,flourishing
6,gender
6,sensitive
6,tool
6,support
6,-conscious
6,understanding
6,autistic
6,flourishing
6,autism
6,previously
6,predominantly
6,male
6,condition
6,recent
6,evidence
6,suggest
6,autistic
6,girl
6,woman
6,misdiagnose
6,autistic
6,trait
6,manifest
6,girl
6,woman
6,compare
6,boy
6,experience
6,autism
6,gender
6,alaghband
6,rad
6,kiep
6,spek
6,autistic
6,woman
6,struggle
6,autistic
6,pressure
6,conform
6,gender
6,expectation
6,mask
6,camouflage
6,associate
6,adverse
6,mental
6,health
6,outcome
6,report
6,autistic
6,woman
6,extensive
6,autistic
6,woman
6,hull
6,addition
6,autistic
6,girl
6,woman
6,prevalence
6,depression
6,anxiety
6,mental
6,health
6,male
6,counterpart
6,explore
6,autistic
6,flourish
6,gender
6,conscious
6,lens
6,address
6,challenge
6,barrier
6,autistic
6,girl
6,woman
6,ultimately
6,support
6,live
6,autistic
6,life
6,frontiers
6,importance
6,develop
6,autistic
6,driven
6,autoethnography
6,neurodiverse
6,woman
6,autistic
6,suffer
6,traditional
6,approaches
6,autism
6,identify
6,western
6,medical
6,context
6,research
6,grounde
6,deficit-oriented
6,approaches
6,root
6,notion
6,autistic
6,equivalent
6,suffer
6,chapman
6,carel
6,apa
6,result
6,research
6,practice
6,focus
6,remediating
6,deficit
6,reduce
6,perceived
6,suffering
6,body
6,research
6,tend
6,emphasize
6,limitation
6,define
6,contrast
6,neurotypical
6,ideal
6,focus
6,risk
6,negative
6,outcome
6,morbidity
6,mortality
6,shtayermman
6,fletcher
6,autistic
6,people
6,report
6,range
6,challenging
6,experience
6,include
6,cognitive
6,sensory
6,overload
6,lewis
6,stevens
6,camouflage
6,mask
6,autistic
6,characteristic
6,pearson
6,rose
6,burnout
6,raymaker
6,experience
6,ultimately
6,erode
6,quality
6,life
6,mental
6,health
6,wellbe
6,autistic
6,woman
6,vulnerable
6,mental
6,health
6,issue
6,depression
6,anxiety
6,disorder
6,oswald
6,recent
6,literature
6,suggest
6,challenges
6,arise
6,interaction
6,intrinsic
6,aspect
6,autism
6,barrier
6,exclusion
6,predominantly
6,neurotypical
6,world
6,external
6,factor
6,potentially
6,amplify
6,severity
6,impact
6,grive
6,pearson
6,rose
6,shift
6,autistic
6,suffering
6,autistic
6,flourishing
6,contrast
6,deficit
6,base
6,narrative
6,cent
6,suffering
6,concept
6,flourish
6,focus
6,thriving
6,meaningful
6,person
6,pursuit
6,life
6,embed
6,positive
6,psychology
6,perspective
6,shift
6,attention
6,actively
6,enhance
6,promote
6,life
6,flourish
6,share
6,similarity
6,concept
6,happiness
6,life
6,satisfaction
6,resilience
6,growth
6,mental
6,singular
6,metric
6,call
6,success
6,thrive
6,encompasse
6,holistic
6,perspective
6,aspect
6,person
6,life
6,vander
6,weele
6,pg.
6,line
6,definition
6,health
6,complete
6,physical
6,mental
6,social
6,absence
6,disease
6,infirmity
6,literature
6,neurotypical
6,flourishing
6,construct
6,conceptualize
6,diverse
6,conceptual
6,analysis
6,draw
6,extant
6,literature
6,propose
6,follow
6,definition
6,live
6,personally
6,meaningful
6,engage
6,life
6,multidimensional
6,construct
6,explain
6,positive
6,emotion
6,psychological
6,social
6,functioning
6,agenor
6,al.
6,pg.
6,similar
6,overarching
6,definition
6,define
6,attribute
6,vary
6,literature
6,positive
6,relationship
6,engagement
6,competence
6,positive
6,emotion
6,thselfesteey
6,commonly
6,share
6,literature
6,domain
6,propose
6,c.f
6,vander
6,weele
6,flourishing
6,remain
6,flexible
6,evolve
6,concept
6,frontiersin.org
6,hedlund
6,context
6,autism
6,flourish
6,perspective
6,crucial
6,role
6,promote
6,genuinely
6,life
6,autistic
6,people
6,indication
6,autistic
6,flourishing
6,autistic
6,life
6,neurotypical
6,population
6,autistic
6,people
6,experience
6,interact
6,world
6,neurotypical
6,population
6,heasman
6,ross
6,examine
6,caregiver
6,report
6,flourishing
6,item
6,caregiver
6,autistic
6,child
6,perceive
6,child
6,experience
6,lower
6,level
6,flourishing
6,compare
6,caregiver
6,neurotypical
6,child
6,evidence
6,measurement
6,bia
6,item
6,raise
6,concern
6,suitability
6,tool
6,suggest
6,traditional
6,flourishing
6,measure
6,fail
6,capture
6,autistic
6,child
6,actual
6,experience
6,true
6,flourishing
6,chapman
6,carel
6,argue
6,autistic
6,neurotypical
6,flourishing
6,exclude
6,flourishing
6,discourse
6,propose
6,flourishing
6,view
6,neurotypical
6,lens
6,pellicano
6,heyworth
6,propose
6,move
6,solely
6,neurotypical
6,lens
6,suggest
6,follow
6,building
6,block
6,foundation
6,autistic
6,flourishing
6,shift
6,limited
6,perspective
6,autistic
6,flourishing
6,focus
6,solely
6,conventional
6,physical
6,mental
6,health
6,broader
6,understanding
6,move
6,externally
6,define
6,internally
6,define
6,perspective
6,flourishing
6,move
6,range
6,day
6,concern
6,build
6,weft
6,ordinary
6,life
6,shift
6,individual
6,individual
6,context
6,include
6,move
6,individual
6,understanding
6,flourishing
6,contextual
6,move
6,neurotypical
6,researcher
6,lead
6,autistic
6,lead
6,stress
6,importance
6,autistic
6,people
6,partner
6,research
6,contrast
6,suggestion
6,paper
6,seek
6,push
6,slightly
6,modified
6,approach
6,jackson
6,perry
6,bertilsdotter
6,rosqvist
6,refer
6,invert
6,inclusive
6,research
6,approach
6,neurodiversity
6,study
6,neurotypical
6,researchers
6,recognize
6,reflect
6,knowledge
6,situate
6,include
6,including
6,inform
6,approach
6,paper
6,adopt
6,neurodiverse
6,frame
6,analysis
6,combine
6,autistic
6,neurotypical
6,frame
6,analysis
6,neurotype
6,reflexive
6,situate
6,knowledge
6,impact
6,frame
6,analysis
6,autistic
6,lead
6,autistic
6,people
6,lead
6,research
6,neurotypical
6,researchers
6,include
6,reversal
6,typical
6,pattern
6,neurodiverse
6,frame
6,analysis
6,intend
6,contribute
6,genderconscious
6,understanding
6,autistic
6,flourishing
6,methods
6,design
6,current
6,study
6,draw
6,autistic
6,collective
6,autoethnography
6,inform
6,autistic
6,phenomenological
6,approach
6,autistic
6,draw
6,embodied
6,liv
6,experience
6,frontiers
6,sociology03
6,10.3389/fsoc.2025.1611803
6,inform
6,conceptualization
6,flourishing
6,align
6,feminist
6,theory
6,ahmed
6,notion
6,autistic
6,lead
6,theories
6,murray
6,theoretical
6,model
6,understanding
6,draw
6,personal
6,lived
6,experience
6,partly
6,internal
6,observation
6,consist
6,autistic
6,neurotypical
6,mhb
6,researcher
6,broader
6,project
6,describe
6,autistic
6,co-creation
6,project
6,autistic
6,reference
6,project
6,consisting
6,health
6,professional
6,mew
6,lks
6,pe.
6,context
6,study
6,wider
6,swedish
6,research
6,project
6,autistic
6,flourishing
6,develop
6,support
6,autistic
6,life
6,fund
6,swedish
6,research
6,council
6,aim
6,wider
6,project
6,explore
6,concept
6,flourish
6,autistic
6,perspective
6,examine
6,public
6,service
6,incorporate
6,support
6,autistic
6,flourishing
6,approach
6,co-create
6,consensus
6,guide
6,design
6,delivery
6,support
6,intervention
6,align
6,autistic
6,flourishing
6,approach
6,aim
6,broader
6,project
6,set
6,conduct
6,interview
6,autistic
6,people
6,topic
6,flourishing
6,process
6,develop
6,interview
6,guide
6,lead
6,autistic
6,researchers
6,hbenefit
6,assist
6,co-creation
6,autistic
6,reference
6,realize
6,interview
6,question
6,measure
6,autistic
6,flourishing
6,interpretation
6,interview
6,question
6,autistic
6,feel
6,experience
6,question
6,process
6,develop
6,interview
6,guide
6,formulation
6,pilot
6,project
6,process
6,experiencing
6,interpret
6,question
6,lead
6,develop
6,initial
6,conceptualization
6,autistic
6,flourishing
6,focus
6,study
6,positionality
6,neuro-mixed
6,people
6,assign
6,female
6,birth
6,live
6,income
6,western
6,country
6,share
6,experience
6,identify
6,woman
6,subject
6,gender
6,expectation
6,norm
6,autistic
6,include
6,late
6,identify
6,autistic
6,people
6,audhd
6,people
6,neurodiversity
6,research
6,researchers
6,field
6,social
6,sciences
6,background
6,psychological
6,medical
6,research
6,bring
6,clinical
6,health
6,care
6,health
6,promotion
6,perspective
6,stemm
6,training
6,health
6,professions
6,nurse
6,medicine
6,psychology
6,occupational
6,therapy
6,background
6,social
6,sociology
6,education
6,art
6,design
6,approach
6,bio-psychosocial
6,perspective
6,view
6,human
6,functioning
6,arise
6,interaction
6,individual
6,strength
6,challenge
6,facilitating
6,hinder
6,factor
6,environment
6,bring
6,situate
6,knowledge
6,read
6,analyze
6,interpret
6,study
6,result
6,note
6,interpretive
6,prerogative
6,decision
6,process
6,conceptualization
6,frontiersin.org
6,hedlund
6,autistic
6,flourishing
6,remain
6,grounde
6,autistic
6,perspective
6,neurotypical
6,frame
6,analysis
6,function
6,complement
6,contrast
6,data
6,production
6,data
6,produce
6,digital
6,focus
6,interview
6,zoom
6,january
6,february
6,ongoing
6,reflection
6,autistic
6,introductory
6,stage
6,interview
6,lead
6,interviewer
6,min
6,mew
6,lks
6,participate
6,interview
6,question
6,base
6,semi-structured
6,interview
6,guide
6,cover
6,topic
6,autistic
6,flourishing
6,experience
6,situation
6,occur
6,individual
6,promote
6,flourishing
6,external
6,support
6,contribute
6,goal
6,question
6,write
6,interview
6,guide
6,serve
6,tool
6,interviewer
6,initiate
6,interview
6,conversation
6,topic
6,discussion
6,natural
6,interviewer
6,act
6,moderate
6,discussion
6,time
6,participate
6,respondent
6,represent
6,dual
6,role
6,researcher
6,autistic
6,woman
6,accommodate
6,cognitive
6,energy
6,decide
6,limit
6,interview
6,min
6,introduction
6,presentation
6,information
6,interview
6,process
6,min
6,interview
6,min
6,evalua
6,question
6,interview
6,method
6,explore
6,interview
6,audio
6,video
6,-record
6,accommodation
6,post-interview
6,processing
6,follow
6,interview
6,participant
6,encourage
6,share
6,additional
6,autistic
6,flourishing
6,emerge
6,interview
6,reflection
6,reflection
6,share
6,discussion
6,interviewer
6,written
6,form
6,add
6,additional
6,continuously
6,data
6,analysis
6,co-writ
6,paper
6,data
6,production
6,stage
6,continue
6,process
6,data
6,analysis
6,data
6,analysis
6,introductory
6,continuation
6,analysis
6,introductory
6,stage
6,analysis
6,perform
6,step
6,analysis
6,autistic
6,conduct
6,qualitative
6,inductive
6,thematic
6,analysis
6,braun
6,clarke
6,autistic
6,frame
6,analysis
6,interview
6,transcribe
6,generative
6,program
6,amberscript
6,follow
6,transcription
6,review
6,transcription
6,listen
6,watch
6,recording
6,correct
6,error
6,add
6,note
6,body
6,language
6,conduct
6,preliminary
6,analysis
6,identify
6,highlight
6,data
6,unit
6,text
6,relevant
6,research
6,topic
6,sort
6,depend
6,content
6,similar
6,content
6,initial
6,theme
6,data
6,semantic
6,latent
6,level
6,analyze
6,explicit
6,meaning
6,word
6,data
6,deep
6,underlying
6,social
6,context
6,deeper
6,implication
6,write
6,run
6,text
6,initial
6,theme
6,clearer
6,picture
6,theme
6,frontiers
6,content
6,emerge
6,lead
6,revision
6,theme
6,larger
6,category
6,address
6,similar
6,aspect
6,lead
6,formation
6,main
6,theme
6,theme
6,content
6,subsequently
6,review
6,remain
6,autistic
6,authors
6,direct
6,raw
6,data
6,ensure
6,autoethnographic
6,description
6,align
6,thematic
6,interpretation
6,process
6,reflexive
6,engagement
6,data
6,critically
6,reflect
6,experience
6,relation
6,emerge
6,theme
6,input
6,validate
6,refine
6,theme
6,ensure
6,analysis
6,remain
6,grounde
6,lived
6,experience
6,represent
6,data
6,follow
6,collaborative
6,review
6,theme
6,revise
6,additional
6,reflexive
6,incorporate
6,enhance
6,depth
6,rigor
6,analysis
6,choose
6,refer
6,autoethnographic
6,voice
6,text
6,collective
6,stress
6,text
6,write
6,collective
6,space
6,collective
6,expression
6,joint
6,action
6,feminist
6,researchers
6,francis
6,hey
6,stress
6,core
6,feminist
6,action
6,academia
6,action
6,counter
6,narrate
6,position
6,individual
6,expert
6,phrase
6,deep
6,root
6,disability
6,rights
6,movement
6,marker
6,solidarity
6,representation
6,reclaim
6,belong
6,outsider
6,definition
6,resist
6,exclusionary
6,narrative
6,collective
6,counternarrate
6,image
6,sole
6,individualize
6,neurodivergent
6,stress
6,presence
6,neurodivergent
6,togetherness
6,protect
6,structural
6,violence
6,position
6,neurological
6,minority
6,stigmatize
6,continuation
6,stage
6,analysis
6,neurotypical
6,mhb
6,review
6,theme
6,derive
6,autoethnographic
6,approach
6,neurotypical
6,frame
6,reference
6,neurotypical
6,examine
6,discuss
6,personal
6,framing
6,experience
6,flourishing
6,draw
6,extant
6,literature
6,describe
6,flourish
6,neurotypical
6,perspective
6,review
6,theme
6,derive
6,autoethnographic
6,approach
6,reflect
6,position
6,interpret
6,finding
6,neurotypical
6,lens
6,emphasis
6,compare
6,contrast
6,result
6,autistic
6,frame
6,neurotypical
6,perspective
6,seek
6,identify
6,similarity
6,difference
6,conceptualization
6,flourishing
6,reflection
6,share
6,autistic
6,researchers
6,project
6,hbenefit
6,discuss
6,divergence
6,convergence
6,conceptualization
6,flourish
6,autistic
6,neurotypical
6,frame
6,analysis
6,discuss
6,discussion
6,section
6,note
6,researcher
6,standpoints
6,impact
6,frame
6,analysis
6,project
6,autistic
6,lead
6,seek
6,define
6,neurodiverse
6,frame
6,analysis
6,combine
6,autistic
6,neurotypical
6,frame
6,analysis
6,neurotypical
6,involved
6,stage
6,research
6,process
6,data
6,production
6,introductory
6,analysis
6,process
6,writing
6,realize
6,possibility
6,combine
6,autistic
6,insider
6,neurotypical
6,outsider
6,perspective
6,acknowledge
6,frontiersin.org
6,hedlund
6,develop
6,frame
6,analysis
6,commonly
6,bottom
6,top
6,consciously
6,autism
6,research
6,research
6,neurotypical
6,lead
6,decision
6,develop
6,cognitive
6,style
6,meet
6,research
6,neurotypical
6,researchers
6,neurotypical
6,support
6,difference
6,processing
6,pace
6,gaze
6,mcdermott
6,neurotypical
6,frame
6,analyse
6,data
6,pose
6,challenge
6,commonly
6,invisible
6,grant
6,similar
6,normative
6,translate
6,c.f
6,bertilsdotter
6,rosqvist
6,navigate
6,gaze
6,heteronormative
6,white
6,male
6,gaze
6,relation
6,internal
6,ableism
6,masking
6,c.f
6,inherent
6,covert
6,power
6,structure
6,neurotypical
6,al.
6,frame
6,analysis
6,dominant
6,approach
6,ensure
6,decisionmaking
6,process
6,remain
6,firmly
6,grounde
6,autistic
6,-informed
6,result
6,perspective
6,neurotypical
6,provide
6,interpretation
6,insights
6,neurotypical
6,frame
6,analysis
6,complement
6,autistic
6,frame
6,analysis
6,neurodiverse
6,arrive
6,main
6,theme
6,subtheme
6,approach
6,contribute
6,insight
6,table
6,main
6,theme
6,live
6,neurodivergent
6,obtain
6,generate
6,bodymind
6,capture
6,autistic
6,describe
6,experience
6,single
6,frame
6,reference
6,autistic
6,flourishing
6,include
6,conceptualize
6,follow
6,recent
6,development
6,field
6,phenomenological
6,attribute
6,main
6,theme
6,strategy
6,autistic
6,flourishing
6,inquiry
6,autism
6,green
6,shaughnessy
6,focus
6,autistic
6,actively
6,achieve
6,maintain
6,autistic
6,researchers
6,frame
6,base
6,experience
6,autistic
6,flourishing
6,subtheme
6,support
6,combination
6,autistic
6,theorizing
6,quote
6,autistic
6,italic
6,acknowledge
6,experience
6,describe
6,embody
6,experience
6,functioning
6,interact
6,exclusive
6,autistic
6,people
6,world
6,align
6,neuro-majority
6,live
6,neurodivergent
6,bodymind
6,detailed
6,oriented
6,bottom
6,cognitive
6,style
6,attribute
6,autistic
6,flourishing
6,impact
6,thinking
6,researched
6,setting
6,inform
6,energetic
6,grounde
6,balance
6,previous
6,ongoing
6,discussion
6,autistic
6,community
6,embodied
6,theorizing
6,theoretical
6,models
6,describe
6,autistic
6,flourishing
6,prove
6,challenging
6,understanding
6,draw
6,combination
6,personal
6,lack
6,experience
6,draw
6,lived
6,experience
6,partly
6,internal
6,observation
6,word
6,feel
6,broad
6,imprecise
6,capture
6,interaction
6,autistic
6,overview
6,main
6,theme
6,sub-theme
6,contrast
6,neurotypical
6,researcher
6,frame
6,analysis
6,themes
6,describe
6,live
6,neurodivergent
6,strategy
6,autistic
6,embody
6,experience
6,functioning
6,interact
6,bodymind
6,attribute
6,flourishing
6,autistic
6,flourishing
6,world
6,align
6,neuro-majority
6,holistic
6,oriented
6,top
6,cognitive
6,style
6,impacte
6,energetic
6,grounde
6,balance
6,allowing
6,feel
6,bad
6,listen
6,emotion
6,bodily
6,signal
6,project
6,autistic
6,lead
6,focus
6,autistic
6,flourishing
6,sensory
6,stimulation
6,seek
6,sensory
6,directing
6,focus
6,essential
6,autistic
6,hold
6,interpretive
6,rights
6,pleasure
6,experience
6,time
6,aim
6,stimulation
6,escape
6,reducing
6,sensory
6,cognitive
6,neurodiverse
6,team
6,recognise
6,picture
6,emerge
6,boredom
6,sensory
6,cognitive
6,overload
6,autistic
6,neurotypical
6,perspectife
6,meet
6,genuine
6,dialogue
6,underload
6,neurotypical
6,frame
6,analysis
6,invisible
6,importance
6,understanding
6,person
6,sort
6,grant
6,autism
6,research
6,mcdermott
6,explicit
6,functioning
6,understanding
6,understand
6,diminish
6,situate
6,perspective
6,non-pathological
6,experience
6,seek
6,validation
6,approach
6,excluding
6,perspective
6,experience
6,rank
6,perspectife
6,ensure
6,historically
6,marginalise
6,autistic
6,perspectife
6,cent
6,genuine
6,contact
6,complementary
6,insight
6,neurotypical
6,frame
6,bring
6,person
6,engage
6,consciously
6,navigating
6,difference
6,cognitive
6,style
6,process
6,pace
6,base
6,interaction
6,focus
6,c.f
6,bertilsdotter
6,rosqvist
6,adapt
6,social
6,situation
6,aim
6,develop
6,shared
6,reflexive
6,neurodiverse
6,frame
6,analysis
6,'own
6,defaults
6,neurotypical
6,norm
6,erase
6,choose
6,social
6,environment
6,tension
6,perspectife
6,deepen
6,understanding
6,planning
6,diverse
6,functioning
6,difference
6,cognitive
6,styles
6,frontiers
6,sociology05
6,frontiersin.org
6,hedlund
6,specific
6,live
6,feel
6,grounde
6,discussion
6,lived
6,experience
6,feel
6,connect
6,body
6,experience
6,reveal
6,form
6,flourishing
6,sense
6,ease
6,stomach
6,inseparable
6,sensory
6,reality
6,pattern
6,perception
6,experience
6,body
6,function
6,perfectly
6,motion
6,invisible
6,broader
6,cultural
6,narrative
6,low
6,energy
6,autistic
6,flourish
6,feel
6,sensory
6,nature
6,non-speaking
6,engage
6,moment
6,emotion
6,complex
6,wordless
6,observation
6,sensory
6,experience
6,sensory
6,dysregulation
6,flourish
6,necessarily
6,static
6,fluctuate
6,realize
6,experience
6,start
6,time
6,talk
6,difficult
6,balance
6,autistic
6,perspective
6,begin
6,differentiate
6,attention
6,external
6,world
6,focus
6,emotion
6,sensory
6,overload
6,balance
6,low
6,energy
6,autistic
6,flourishing
6,addition
6,experience
6,interpretation
6,perception
6,interoception
6,call
6,combination
6,alexithymia
6,constantly
6,intellectually
6,piece
6,surroundings
6,element
6,pattern
6,understand
6,time
6,relaxed
6,combination
6,emotion
6,represent
6,presence
6,relaxation
6,specifically
6,hold
6,external
6,internal
6,time
6,autistic
6,flourishing
6,describe
6,aspect
6,hand
6,energy
6,primarily
6,experience
6,feel
6,grief
6,difficult
6,emotion
6,result
6,mind
6,hand
6,low
6,energy
6,negative
6,life
6,event
6,necessarily
6,exclude
6,experience
6,balance
6,body
6,describe
6,energy
6,autistic
6,flourish
6,autistic
6,flourishing
6,aspect
6,experience
6,pleasure
6,energy
6,pulse
6,joy
6,experience
6,multiple
6,time
6,day
6,alternate
6,flow
6,immerse
6,activity
6,hyperfocus
6,feel
6,moment
6,intense
6,discomfort
6,describe
6,exciting
6,rhythm
6,feel
6,creative
6,experience
6,moment
6,moment
6,time
6,-driven
6,motivation
6,feel
6,stimulate
6,oppose
6,bore
6,remember
6,feel
6,bit
6,carry
6,underloaded
6,stimulate
6,vibrant
6,energy
6,sense
6,emotional
6,moment
6,amazing
6,describe
6,mentally
6,feel
6,answer
6,base
6,enjoyable
6,time
6,experience
6,stress
6,exact
6,moment
6,answer
6,body
6,challenging
6,balance
6,minute
6,ago
6,mind
6,body
6,describe
6,completely
6,experience
6,hand
6,energetic
6,energy
6,drive
6,god
6,sensory
6,stimulation
6,seek
6,sensory
6,excite
6,god
6,head
6,feel
6,pleasur
6,body
6,stressed
6,feel
6,body
6,thump
6,time
6,focus
6,body
6,non-speaking
6,enter
6,hyperfocus
6,describe
6,form
6,sensory
6,stimulation
6,contribute
6,sensory
6,physical
6,happen
6,autistic
6,flourishing
6,discussed
6,aspect
6,visual
6,intimate
6,relationship
6,sexual
6,stimulation
6,experience
6,aesthetic
6,nature
6,lie
6,person
6,hold
6,partner
6,appeal
6,environment
6,light
6,fall
6,stream
6,cocoon
6,feel
6,sense
6,focused
6,tree
6,light
6,sound
6,color
6,return
6,nature
6,sensation
6,feel
6,completely
6,harmonious
6,head
6,spring
6,describe
6,intensely
6,craving
6,visual
6,laugh
6,stimulation
6,entire
6,day
6,experience
6,meaning
6,fit
6,nature
6,day
6,longe
6,intense
6,feel
6,break
6,low
6,energy
6,autistic
6,flourishing
6,describe
6,life
6,sense
6,grounde
6,balance
6,calm
6,safe
6,experience
6,aspect
6,nature
6,watch
6,fearless
6,proud
6,soft
6,harmonious
6,content
6,capable
6,ease
6,sunset
6,beautiful
6,aspect
6,nature
6,feel
6,describe
6,window
6,tolerance
6,sweet
6,spot
6,immediately
6,balance
6,feel
6,happy
6,satisfied
6,restore
6,move
6,lighter
6,step
6,cluttered
6,mind
6,feel
6,feel
6,alive
6,experience
6,strong
6,sense
6,influence
6,perceive
6,aware
6,world
6,feel
6,grounde
6,feel
6,dissolved
6,talk
6,pleasure
6,notice
6,beautiful
6,detail
6,free
6,bad
6,uncomfortable
6,emotion
6,feel
6,surroundings
6,focus
6,pattern
6,texture
6,conscious
6,perceive
6,wrong
6,twist
6,branch
6,nature
6,appeal
6,pattern
6,wall
6,body
6,experience
6,mind
6,run
6,flow
6,quiet
6,absorption
6,deeply
6,enjoyable
6,associate
6,freely
6,touche
6,bodily
6,description
6,prefer
6,environment
6,rich
6,detail
6,oppose
6,bear
6,inhabit
6,body
6,immerse
6,physical
6,sensory
6,boring
6,space
6,visually
6,overwhelm
6,frontiers
6,sociology06
6,frontiersin.org
6,hedlund
6,emphasize
6,detail
6,beautiful
6,describe
6,employment
6,enjoyable
6,experience
6,pleasurable
6,life
6,align
6,functioning
6,lot
6,beautiful
6,creativity
6,solve
6,skill
6,health
6,care
6,beautiful
6,worker
6,describe
6,satisfaction
6,succeed
6,beautiful
6,disrupt
6,entire
6,entire
6,impression
6,complex
6,task
6,manage
6,feel
6,advanced
6,amazing
6,sensory
6,pleasure
6,mention
6,include
6,sound
6,taste
6,touch
6,solve
6,relieved
6,scent
6,music
6,describe
6,pleasurable
6,pain
6,feel
6,safe
6,surgery
6,helpful
6,manage
6,difficult
6,emotion
6,anger
6,sadness
6,ill
6,life
6,enhance
6,positive
6,emotion
6,experience
6,satisfaction
6,task
6,strength
6,nostalgia
6,calm
6,journey
6,position
6,perform
6,biological
6,necessity
6,listen
6,music
6,brain
6,crave
6,performance
6,describe
6,byproduct
6,rhythm
6,melody
6,feel
6,satisfied
6,enjoyable
6,goal
6,biological
6,brain
6,effort
6,sweat
6,passive
6,describe
6,receive
6,pattern
6,piece
6,flourish
6,depend
6,stimulation
6,constantly
6,move
6,scale
6,stimulation
6,stimulation
6,describe
6,create
6,playlist
6,base
6,placement
6,scale
6,main
6,determinant
6,feel
6,body
6,describe
6,term
6,loneliness
6,social
6,connection
6,health
6,illness
6,sensory
6,seek
6,stimming
6,listen
6,music
6,feel
6,body
6,playlist
6,stimulation
6,matter
6,purely
6,base
6,physically
6,feel
6,body
6,physical
6,mental
6,stimulation
6,feel
6,eat
6,food
6,delicious
6,pastry
6,chip
6,offer
6,moment
6,sensory
6,delight
6,support
6,sense
6,describe
6,stimulation
6,genuine
6,flourishing
6,touch
6,specific
6,pathway
6,autistic
6,connection
6,crucial
6,experience
6,social
6,interaction
6,flourish
6,describe
6,touch
6,feel
6,genuine
6,connection
6,moment
6,feel
6,completely
6,relaxed
6,mentally
6,interaction
6,interaction
6,feel
6,dead
6,physically
6,due
6,tense
6,nervous
6,system
6,meaningless
6,feel
6,daily
6,massage
6,describe
6,love
6,garden
6,soil
6,feel
6,smell
6,describe
6,joy
6,giving
6,feeling
6,sensation
6,play
6,smell
6,feeling
6,empathy
6,flourishing
6,soil
6,hand
6,immerse
6,choose
6,human
6,service
6,professions
6,person
6,describe
6,feel
6,flow
6,difficult
6,emotion
6,disappear
6,joy
6,people
6,struggle
6,spoke
6,hyperfocus
6,soil
6,support
6,people
6,describe
6,strong
6,desire
6,alleviate
6,suffering
6,stimulation
6,escape
6,boredom
6,sensory
6,cognitive
6,underload
6,modern
6,witch
6,refuse
6,limit
6,rigid
6,societal
6,rule
6,catalyst
6,people
6,flourish
6,avoid
6,sensory
6,cognitive
6,underload
6,stimulation
6,wonderful
6,boredom
6,engage
6,complex
6,activity
6,diive
6,deep
6,subject
6,complex
6,feel
6,importance
6,understanding
6,basic
6,feel
6,functioning
6,understanding
6,lose
6,sense
6,vitality
6,non-pathological
6,perspective
6,stimulation
6,describe
6,alleviat
6,impatience
6,restlessness
6,low
6,energy
6,experience
6,attribute
6,knowledge
6,describe
6,essential
6,experience
6,autistic
6,flourishing
6,include
6,engage
6,creative
6,hobby
6,flourish
6,sense
6,function
6,crafting
6,baking
6,cooking
6,stimulate
6,job
6,understanding
6,non-pathological
6,studying
6,engage
6,physical
6,activity
6,running
6,climbing
6,perspective
6,love
6,huge
6,key
6,multiple
6,activity
6,difference
6,blame
6,frontiers
6,frontiersin.org
6,hedlund
6,10.3389/fsoc.2025.1611803
6,direct
6,focus
6,situation
6,fit
6,recognize
6,situation
6,fit
6,functioning
6,talk
6,focus
6,-how
6,direct
6,experience
6,achieve
6,autistic
6,flourishing
6,describe
6,understand
6,autistic
6,begin
6,create
6,world
6,generate
6,sense
6,calm
6,joy
6,feel
6,love
6,receive
6,describe
6,daydreaming
6,attention
6,role
6,play
6,set
6,dysfunctional
6,assumption
6,describe
6,escape
6,space
6,create
6,experience
6,sense
6,grounde
6,start
6,understand
6,environment
6,feel
6,moment
6,neurology
6,information
6,process
6,sense
6,agency
6,choose
6,choose
6,completely
6,freely
6,environment
6,intentionally
6,explain
6,create
6,space
6,bring
6,calm
6,behavior
6,easily
6,minority
6,task
6,fall
6,kinder
6,person
6,describe
6,pretend
6,environment
6,align
6,brain
6,character
6,day
6,knowledge
6,key
6,control
6,enjoyable
6,cozy
6,university
6,student
6,sit
6,imagine
6,student
6,set
6,desk
6,cozy
6,person
6,describe
6,reinforce
6,autistic
6,day
6,easier
6,flourishing
6,process
6,ableism
6,internalize
6,pleasant
6,cozier
6,relationship
6,improve
6,accurately
6,mirror
6,define
6,describe
6,create
6,understand
6,deficit
6,perspective
6,forward
6,feel
6,result
6,day
6,ability
6,comprehend
6,profound
6,level
6,simple
6,read
6,eat
6,function
6,understand
6,delicious
6,functioning
6,prerequisite
6,engage
6,imagination
6,successful
6,social
6,interaction
6,internal
6,awareness
6,describe
6,experience
6,hyperfocus
6,explain
6,functioning
6,wonderful
6,enjoyable
6,switch
6,focus
6,understand
6,difficult
6,energy
6,draining
6,describe
6,autistic
6,person
6,lot
6,loving
6,remark
6,support
6,understanding
6,word
6,enter
6,hyperfocus
6,autistic
6,signify
6,afterward
6,drop
6,people
6,hard
6,time
6,accept
6,fit
6,call
6,preconception
6,autism
6,life
6,improve
6,frustration
6,conflict
6,learn
6,communicate
6,person
6,describe
6,hyperfocus
6,internal
6,question
6,understand
6,feel
6,deep
6,immersion
6,specific
6,subject
6,pretend
6,base
6,desire
6,drive
6,understand
6,c.f
6,people
6,function
6,physically
6,mentally
6,autistic
6,adhd
6,strategies
6,autistic
6,flourishing
6,describe
6,link
6,autism
6,adhd
6,enhance
6,c.f
6,dwyer
6,feel
6,bad
6,listen
6,feel
6,hyperfocus
6,tie
6,autism
6,involved
6,emotion
6,bodily
6,signal
6,absorb
6,material
6,connection
6,describe
6,listen
6,body
6,difference
6,adhd
6,hyperfocus
6,autism
6,signal
6,enhance
6,experience
6,autistic
6,flourishing
6,hyperfocus
6,jump
6,unknown
6,consciously
6,stimming
6,control
6,read
6,learn
6,experience
6,enhance
6,reduce
6,explain
6,pleasurable
6,autism
6,hyperfocus
6,feel
6,bad
6,accept
6,paradoxically
6,depth
6,analyze
6,layer
6,layer
6,absorb
6,knowledge
6,feel
6,person
6,describe
6,similar
6,pleasurable
6,term
6,wave
6,fight
6,avoid
6,negative
6,relate
6,adhd
6,hyperfocus
6,quickly
6,logistic
6,organi
6,timepositive
6,related
6,layer
6,check
6,anxiety
6,friend
6,enemy
6,physically
6,mentally
6,solve
6,move
6,forward
6,fast
6,active
6,sensorimotor
6,dancing
6,stimm
6,intense
6,tempo
6,moment
6,frontiers
6,sociology08
6,frontiersin.org
6,hedlund
6,10.3389/fsoc.2025.1611803
6,reduce
6,sensory
6,cognitive
6,overload
6,watch
6,television
6,series
6,engage
6,watch
6,watch
6,television
6,sery
6,person
6,joyful
6,calm
6,talk
6,measure
6,avoid
6,sensory
6,watch
6,watch
6,television
6,series
6,necessarily
6,person
6,cognitive
6,overload
6,assist
6,achieve
6,liking
6,strong
6,mildly
6,helpful
6,breaking
6,flourishing
6,describe
6,experience
6,loops
6,brain
6,rest
6,category
6,learn
6,sustainably
6,reduce
6,effective
6,include
6,series
6,create
6,sense
6,calm
6,moderately
6,engage
6,hour
6,shift
6,over-efficient
6,normal
6,pace
6,average
6,quality
6,sensory
6,stimuli
6,series
6,emphasize
6,importance
6,flexible
6,workplace
6,easier
6,mentally
6,switch
6,recharge
6,gradually
6,wind
6,structure
6,day
6,accord
6,energy
6,patterns
6,relax
6,note
6,describe
6,stim
6,lot
6,stay
6,grounde
6,prefer
6,rewatch
6,familiar
6,choose
6,child
6,describe
6,creative
6,align
6,usual
6,enjoy
6,fun
6,stim
6,discuss
6,time
6,serve
6,recharge
6,focus
6,accommodate
6,act
6,therapist
6,firm
6,share
6,reduce
6,hour
6,day
6,week
6,voice
6,guide
6,balance
6,shock
6,base
6,interviewer
6,identify
6,strategy
6,cold
6,water
6,immersion
6,winter
6,bathing
6,regulate
6,responde
6,easier
6,period
6,trial
6,error
6,nervous
6,system
6,lie
6,acupressure
6,mat
6,goal
6,obserive
6,body
6,brain
6,react
6,activity
6,strategy
6,stopping
6,rumination
6,regain
6,energy
6,return
6,balance
6,feel
6,grounded
6,redirect
6,focus
6,feel
6,brain
6,thanke
6,walk
6,moment
6,express
6,worry
6,overthinking
6,incompatible
6,sense
6,vitality
6,simply
6,worth
6,describe
6,learn
6,phone
6,avoid
6,lose
6,joy
6,life
6,social
6,situation
6,mindset
6,screen
6,phone
6,start
6,overanalyzing
6,activity
6,focus
6,fragmented
6,attention
6,disrupt
6,desire
6,dwell
6,fuck
6,mental
6,rest
6,experience
6,focus
6,move
6,forward
6,enter
6,flow
6,social
6,situation
6,suit
6,stimulate
6,environment
6,feel
6,tired
6,-think
6,avoiding
6,evening
6,describe
6,describe
6,meltdown
6,listen
6,podcast
6,mention
6,overstimulate
6,brain
6,harder
6,wind
6,effective
6,interrupt
6,rumination
6,recover
6,social
6,discuss
6,game
6,tool
6,focus
6,relaxation
6,prefer
6,situation
6,describe
6,sleep
6,wait
6,stimulating
6,overly
6,cognitively
6,demand
6,mobile
6,game
6,day
6,overthinking
6,exhaustion
6,subside
6,sudoku
6,tetris
6,focus
6,relaxation
6,interrupt
6,intense
6,hyperfocus
6,game
6,sleep
6,overthinking
6,obstacle
6,relaxation
6,stuck
6,messy
6,structure
6,list
6,difficulty
6,stop
6,sleep
6,person
6,sort
6,describe
6,water
6,calm
6,water
6,understand
6,experience
6,seek
6,validation
6,regulate
6,tool
6,sensation
6,float
6,lightness
6,experience
6,warmth
6,hot
6,shower
6,emphasize
6,importance
6,external
6,feedback
6,trust
6,person
6,check
6,social
6,situation
6,inaccurate
6,describe
6,benefite
6,discussing
6,negative
6,perception
6,describe
6,repeat
6,mantra
6,people
6,sort
6,understand
6,validate
6,loud
6,silence
6,critical
6,voice
6,crow
6,prevent
6,overthinking
6,shoulder
6,peck
6,exercise
6,physical
6,activity
6,yoga
6,require
6,trust
6,relationship
6,describe
6,call
6,run
6,describe
6,strategy
6,recovery
6,mother
6,law
6,time
6,talk
6,social
6,situation
6,sort
6,understand
6,mother
6,run
6,start
6,-'oh
6,law
6,share
6,situation
6,question
6,describe
6,start
6,run
6,faster
6,brain
6,stop
6,laughter
6,push
6,nowadays
6,talk
6,feel
6,receive
6,validate
6,experience
6,prefer
6,combine
6,exercise
6,spoken
6,piece
6,expression
6,mantra
6,shout
6,rhythmic
6,separate
6,trauma
6,speech
6,calme
6,strategy
6,mention
6,star
6,space
6,social
6,input
6,gradually
6,regain
6,energy
6,read
6,book
6,meditation
6,handicraft
6,watch
6,television
6,describe
6,journaling
6,similar
6,series
6,difference
6,journal
6,function
6,non-judgmental
6,counterpart
6,act
6,frontiers
6,sociology09
6,frontiersin.org
6,hedlund
6,share
6,feel
6,safe
6,restorative
6,write
6,sort
6,reflect
6,understand
6,enriching
6,lot
6,social
6,clinical
6,experience
6,clarify
6,communication
6,psychologist
6,sound
6,strange
6,happen
6,dialogue
6,writing
6,relationship
6,client
6,asymmetrical
6,carry
6,responsibility
6,focus
6,genuine
6,contact
6,relaxed
6,caring
6,genuine
6,social
6,environment
6,person
6,engage
6,base
6,closeness
6,moment
6,feel
6,deeply
6,interaction
6,connect
6,feel
6,hopeful
6,humanity
6,rarely
6,feel
6,ordinary
6,world
6,social
6,structure
6,structured
6,free
6,describe
6,authentic
6,contact
6,ability
6,pattern
6,notice
6,detail
6,hold
6,base
6,interaction
6,essential
6,autistic
6,multiple
6,mind
6,flourishing
6,talk
6,social
6,interaction
6,superficial
6,talk
6,matter
6,real
6,connection
6,easiest
6,create
6,safe
6,engage
6,genuinely
6,relationship
6,real
6,connection
6,relational
6,social
6,intellectual
6,hyperfocus
6,understand
6,describe
6,share
6,energy
6,people
6,engage
6,grow
6,people
6,meet
6,moment
6,feel
6,comfortable
6,neurodivergent
6,silence
6,associate
6,develop
6,move
6,form
6,social
6,interaction
6,effortlessly
6,intensity
6,calm
6,share
6,flow
6,feeling
6,fulfil
6,physical
6,presence
6,easier
6,digital
6,communication
6,difficult
6,feel
6,calm
6,describe
6,experience
6,social
6,pulse
6,love
6,share
6,rhythm
6,kindness
6,humor
6,simplicity
6,parallel
6,play
6,c.f
6,pritchard
6,rowe
6,al.
6,presence
6,space
6,talk
6,personal
6,physically
6,separately
6,genuinely
6,maintain
6,pace
6,interact
6,spoken
6,language
6,people
6,describe
6,focus
6,facial
6,expression
6,body
6,language
6,adapt
6,social
6,situation
6,listen
6,describe
6,situation
6,relational
6,context
6,focus
6,describe
6,strategy
6,adapt
6,social
6,expression
6,situation
6,meet
6,foster
6,feel
6,focus
6,ability
6,flourish
6,strategy
6,shift
6,focus
6,discuss
6,engage
6,easier
6,navigate
6,social
6,situation
6,naturally
6,align
6,close
6,functioning
6,explain
6,relationship
6,unnecessary
6,people
6,observe
6,situation
6,focus
6,solely
6,interpretation
6,sound
6,shudder
6,discomfort
6,interaction
6,engage
6,observe
6,feel
6,comfortable
6,strategy
6,retreat
6,describe
6,reflex
6,constantly
6,space
6,imaginary
6,friend
6,dialogue
6,monitor
6,social
6,situation
6,time
6,people
6,social
6,situation
6,describe
6,feel
6,comfortable
6,people
6,social
6,situation
6,task
6,focus
6,create
6,space
6,distance
6,reflection
6,conversation
6,topic
6,level
6,intoxication
6,regulate
6,aware
6,affect
6,time
6,close
6,prevent
6,consum
6,discomfort
6,stiff
6,emptiness
6,simultaneously
6,watch
6,external
6,critical
6,criticism
6,integrate
6,outer
6,worlds
6,perspective
6,describe
6,sense
6,social
6,observe
6,accept
6,depend
6,environment
6,interact
6,constantly
6,situation
6,monitoring
6,space
6,experience
6,genuine
6,connection
6,engage
6,socially
6,analyze
6,real
6,time
6,describe
6,importance
6,observing
6,describe
6,social
6,situation
6,safe
6,deep
6,close
6,relationship
6,-relationship
6,loyal
6,engage
6,interaction
6,authentic
6,topic
6,personal
6,steer
6,relationship
6,dive
6,straight
6,conversation
6,conversation
6,engage
6,social
6,situation
6,jump
6,meeting
6,framed
6,pay
6,task
6,feel
6,genuinely
6,meaningful
6,relationship
6,complete
6,overanalyze
6,question
6,family
6,friend
6,colleague
6,client
6,patient
6,service
6,user
6,move
6,describe
6,social
6,describe
6,communication
6,skill
6,learn
6,play
6,instrument
6,game
6,viewe
6,social
6,situation
6,feel
6,colleague
6,daily
6,spend
6,lot
6,time
6,enjoyable
6,aspect
6,strategy
6,social
6,move
6,intense
6,social
6,contact
6,unfiltered
6,interaction
6,attune
6,pace
6,cognitive
6,processing
6,frontiers
6,sociology
6,frontiersin.org
6,hedlund
6,10.3389/fsoc.2025.1611803
6,interviewer
6,people
6,explain
6,social
6,situation
6,feel
6,bear
6,tall
6,straight
6,comfortable
6,time
6,seemingly
6,random
6,topic
6,speak
6,feel
6,authentic
6,set
6,people
6,amuse
6,illustrate
6,strategy
6,shift
6,non-pathological
6,love
6,bit
6,funny
6,nice
6,bad
6,perspective
6,describe
6,shift
6,focus
6,feel
6,inadequate
6,forgive
6,social
6,struggle
6,funny
6,situation
6,refram
6,wrong
6,feel
6,specific
6,funny
6,simply
6,situation
6,fitte
6,function
6,red
6,blame
6,situation
6,response
6,funny
6,toothbrush
6,choose
6,social
6,environment
6,talk
6,communication
6,social
6,interaction
6,focus
6,spending
6,time
6,discuss
6,choose
6,social
6,aimlessly
6,reflect
6,social
6,activity
6,environment
6,seek
6,social
6,situation
6,people
6,feel
6,comfortable
6,feel
6,comfortable
6,avoid
6,suit
6,friend
6,water
6,treatment
6,plant
6,relationship
6,describe
6,energy
6,consum
6,house
6,tour
6,prefer
6,spend
6,time
6,people
6,water
6,treatment
6,plant
6,feel
6,easier
6,word
6,safe
6,relationship
6,describe
6,crucial
6,respect
6,feel
6,experience
6,interviewer
6,talk
6,call
6,violence
6,close
6,feel
6,tired
6,signal
6,person
6,accept
6,learn
6,talk
6,socialize
6,harder
6,interaction
6,friend
6,tired
6,bye
6,prefer
6,function
6,larger
6,describe
6,social
6,environment
6,enjoy
6,describe
6,people
6,background
6,simple
6,stimulate
6,define
6,direct
6,character
6,focusing
6,directly
6,informative
6,fast
6,focus
6,fun
6,topics
6,situation
6,manageable
6,enjoy
6,describe
6,inclusive
6,social
6,break
6,feel
6,pressure
6,loving
6,environment
6,feel
6,understood
6,focus
6,time
6,emphasize
6,respect
6,emphasize
6,autistic
6,live
6,choose
6,automatically
6,function
6,autistic
6,people
6,engage
6,socially
6,depend
6,person
6,personality
6,trait
6,people
6,close
6,communicate
6,directly
6,easily
6,live
6,home
6,retreat
6,connect
6,neurotypical
6,person
6,talk
6,socialize
6,home
6,laugh
6,prefer
6,social
6,setting
6,unusual
6,unexpected
6,question
6,follow
6,explore
6,mixture
6,amusement
6,plan
6,conversation
6,odd
6,question
6,interviewer
6,tend
6,lot
6,question
6,usual
6,describe
6,plan
6,daily
6,life
6,essential
6,people
6,pet
6,grandkid
6,home
6,renovation
6,deep
6,question
6,completely
6,random
6,mind
6,plan
6,week
6,meticulously
6,love
6,planning
6,love
6,follow
6,plan
6,inflexible
6,toothbrush
6,satisfie
6,planning
6,describe
6,stress
6,reduce
6,ensure
6,interviewer
6,activity
6,walk
6,complete
6,task
6,method
6,establish
6,maintain
6,plan
6,type
6,wonderful
6,question
6,list
6,digital
6,app
6,program
6,reminders
6,toothbrush
6,plan
6,specific
6,activity
6,set
6,goal
6,activity
6,frontiers
6,sociology
6,frontiersin.org
6,hedlund
6,10.3389/fsoc.2025.1611803
6,describe
6,app
6,remind
6,task
6,literature
6,vander
6,weele
6,autistic
6,feel
6,resistant
6,prompt
6,conceptualization
6,flourishing
6,detail
6,oriented
6,walk
6,realize
6,internally
6,drive
6,flow
6,mental
6,physical
6,space
6,link
6,experience
6,balance
6,intellectual
6,sensory
6,stimulation
6,contrast
6,social
6,app
6,app
6,bird
6,emotional
6,metric
6,underpinn
6,traditional
6,conceptualization
6,walk
6,boring
6,flourish
6,weight
6,walk
6,god
6,amazing
6,concurrent
6,perception
6,time
6,valued
6,life
6,follow
6,flourishing
6,highly
6,individualized
6,autistic
6,adhd
6,describe
6,adhd
6,experience
6,extant
6,literature
6,emphasis
6,medication
6,time
6,adult
6,life
6,relationship
6,occupations
6,community
6,build
6,routines
6,participation
6,pathway
6,flourish
6,autistic
6,flourishing
6,describe
6,drive
6,space
6,grateful
6,adhd
6,medication
6,time
6,communication
6,processing
6,time
6,meet
6,emphasis
6,adult
6,life
6,build
6,routines
6,stimulant
6,intellectual
6,sensory
6,stimulation
6,medication
6,strong
6,challenge
6,seek
6,develop
6,plan
6,routines
6,follow
6,feel
6,conceptualization
6,autistic
6,flourishing
6,demarcation
6,unsettle
6,disrupt
6,qualifies
6,flourishing
6,issue
6,extant
6,significantly
6,improve
6,baseline
6,mood
6,literature
6,flourishing
6,definitions
6,attribute
6,agenor
6,difficulty
6,define
6,boundary
6,planning
6,function
6,ensure
6,flourishing
6,stem
6,inherently
6,encompasse
6,forget
6,basic
6,eat
6,sleep
6,exercise
6,nature
6,note
6,risk
6,concept
6,vague
6,regularly
6,proper
6,amount
6,identify
6,conceptual
6,overlaps
6,discussion
6,concept
6,emphasize
6,importance
6,wellbeing
6,autistic
6,joy
6,conceptual
6,overlap
6,lead
6,naturally
6,autistic
6,people
6,sensory
6,experience
6,conceptual
6,discussion
6,neurotypical
6,fram
6,hunger
6,natural
6,circadian
6,rhythm
6,concept
6,feeling
6,contentment
6,distinct
6,society
6,stress
6,benefit
6,regular
6,exercise
6,maintain
6,temporary
6,view
6,component
6,outcome
6,peaceful
6,mind
6,plan
6,basic
6,describe
6,flourishing
6,autistic
6,view
6,indistinguishable
6,daily
6,life
6,include
6,regular
6,break
6,rest
6,flourish
6,finding
6,importance
6,exercise
6,extra
6,snack
6,prevent
6,fatigue
6,neurodiverse
6,frame
6,analysis
6,combine
6,differing
6,interpretation
6,interview
6,challenge
6,autistic
6,impact
6,epistemic
6,injustice
6,autistic
6,theorizing
6,discussion
6,fricker
6,chapman
6,carel
6,lack
6,hermeneutic
6,interpretative
6,resource
6,autistic
6,experience
6,contribut
6,definition
6,autistic
6,lack
6,autistic
6,language
6,describe
6,autistic
6,experience
6,flourish
6,language
6,limit
6,explore
6,experience
6,limitation
6,language
6,influence
6,neurodiverse
6,frame
6,analysis
6,begin
6,internal
6,understanding
6,express
6,frustration
6,shape
6,conceptualization
6,autistic
6,flourishing
6,interview
6,banal
6,flat
6,shallow
6,collective
6,autoethnography
6,focus
6,specifically
6,woman
6,difficult
6,convey
6,comprehensive
6,response
6,exist
6,inside
6,liv
6,experience
6,collectively
6,explore
6,understanding
6,description
6,sensory
6,experience
6,fall
6,flat
6,autistic
6,life
6,autistic
6,flourishing
6,autistic
6,flourishing
6,shape
6,establish
6,language
6,simply
6,lack
6,word
6,exploration
6,summarize
6,bodymind
6,describe
6,experience
6,establish
6,language
6,hand
6,internal
6,day
6,experience
6,balance
6,authenticity
6,energy
6,speed
6,changeability
6,richness
6,detail
6,nuance
6,core
6,attribute
6,description
6,capture
6,context-dependence
6,capture
6,internal
6,external
6,autistic
6,flourishing
6,compare
6,describe
6,follow
6,chapman
6,carel
6,hermeneutic
6,injustice
6,mindfulness
6,moment
6,experience
6,contribute
6,neurotypical
6,world
6,miss
6,essential
6,knowledge
6,sense
6,judgment
6,focus
6,time
6,autistic
6,people
6,inside
6,formulate
6,detail
6,oriented
6,reality
6,spoken
6,language
6,sensory
6,experience
6,initial
6,description
6,autistic
6,flourishing
6,overlap
6,create
6,freely
6,linguistic
6,rule
6,conventions
6,contrast
6,prior
6,neurotypical
6,conceptualization
6,importance
6,authentic
6,alignment
6,intend
6,flourishing
6,neurotypical
6,draw
6,lived
6,experience
6,require
6,precision
6,repetition
6,process
6,extant
6,neurotypical
6,literature
6,revolve
6,happiness
6,understand
6,grant
6,category
6,language
6,wellbeing
6,personally
6,meaningful
6,fulfillment
6,life
6,necessarily
6,align
6,autistic
6,perceiving
6,express
6,relationship
6,productive
6,personal
6,occupations
6,world
6,describe
6,interview
6,compare
6,autistic
6,neurotypical
6,frame
6,reference
6,form
6,receptivity
6,active
6,behavior
6,relation
6,similarity
6,experience
6,feeling
6,internal
6,external
6,experience
6,presence
6,happiness
6,central
6,aspect
6,flourishing
6,extant
6,sensory
6,non-speaking
6,level
6,internal
6,process
6,neurotypical
6,frontiers
6,sociology
6,frontiersin.org
6,hedlund
6,people
6,remain
6,unaware
6,limitation
6,spoken
6,language
6,understanding
6,note
6,energy
6,flourishing
6,hyperfocus
6,negative
6,consequence
6,exhaustion
6,recovery
6,possibly
6,low
6,energy
6,flourishing
6,afterward
6,autistic
6,flourish
6,form
6,low
6,energy
6,account
6,support
6,autistic
6,woman
6,flourishing
6,life
6,gender
6,conscious
6,understanding
6,autistic
6,flourishing
6,study
6,embed
6,autistic
6,woman
6,perspective
6,flourishing
6,seek
6,balance
6,historically
6,neurotypical
6,male
6,centric
6,focus
6,autism
6,research
6,authenticity
6,selfawareness
6,cornerstone
6,autistic
6,flourishing
6,authenticity
6,difficult
6,autistic
6,people
6,frequently
6,conflict
6,gender
6,expectation
6,expectation
6,prescriptive
6,demand
6,woman
6,alaghband
6,rad
6,al.
6,awareness
6,autism
6,diagnosis
6,girl
6,woman
6,historically
6,misdiagnose
6,lack
6,diagnosis
6,barrier
6,flourish
6,result
6,view
6,non-pathological
6,perspective
6,autistic
6,flourishing
6,difficult
6,aware
6,autistic
6,kentrou
6,woman
6,report
6,perceive
6,misdiagnose
6,personality
6,disorder
6,anxiety
6,disorder
6,mood
6,disorder
6,importance
6,girl
6,opportunity
6,discover
6,autistic
6,functioning
6,central
6,finding
6,study
6,role
6,sensory
6,stimulation
6,flourishing
6,autistic
6,woman
6,male
6,counterpart
6,seek
6,sensory
6,stimulation
6,societal
6,expectation
6,additional
6,pressure
6,woman
6,fit
6,suppress
6,charlton
6,result
6,crucial
6,create
6,environment
6,acknowledge
6,actively
6,accommodate
6,autistic
6,woman
6,sensory
6,preference
6,express
6,sensory
6,fear
6,judgment
6,provide
6,support
6,beneficial
6,comfort
6,fundamental
6,promote
6,short
6,term
6,term
6,autistic
6,flourishing
6,study
6,engage
6,personal
6,essential
6,sense
6,flourishing
6,support
6,previous
6,finding
6,yau
6,emphasize
6,positive
6,impact
6,yau
6,note
6,autistic
6,woman
6,struggle
6,engage
6,lack
6,minded
6,peer
6,societal
6,norm
6,woman
6,expect
6,conform
6,study
6,struggle
6,articulate
6,experience
6,experience
6,autistic
6,language
6,mention
6,understand
6,light
6,language
6,shape
6,neurotypical
6,conceptualization
6,difficult
6,autistic
6,people
6,identify
6,express
6,communicate
6,feeling
6,feel
6,authentic
6,autistic
6,woman
6,challenge
6,complex
6,influence
6,gender
6,norm
6,emotional
6,frontiers
6,sociology
6,expression
6,result
6,autistic
6,woman
6,doubly
6,deprive
6,autistic
6,language
6,neurotypical
6,standard
6,gender
6,expectation
6,hinder
6,flourishing
6,move
6,forward
6,neurodiverse
6,frame
6,analysis
6,illustrate
6,importance
6,develop
6,autistic
6,lead
6,conceptualization
6,autistic
6,flourishing
6,autistic
6,derive
6,definition
6,flourishing
6,pathway
6,flourish
6,conceptualization
6,neurotypical
6,extant
6,literature
6,align
6,neurodiversity
6,approach
6,autism
6,move
6,solely
6,neurotypical
6,conceptualization
6,flourishing
6,respect
6,acknowledge
6,difference
6,entail
6,autistic
6,life
6,term
6,day
6,moment
6,flourishing
6,short
6,term
6,pathway
6,flourish
6,follow
6,autistic
6,theorist
6,joanne
6,limburg
6,language
6,moment
6,human
6,existence
6,accumulation
6,moment
6,trivial
6,determine
6,life
6,limburg
6,seek
6,capture
6,flourishing
6,autistic
6,people
6,note
6,similarity
6,autistic
6,neurotypical
6,people
6,share
6,experience
6,flow
6,pleasure
6,joy
6,experience
6,partly
6,impact
6,epistemic
6,injustice
6,meaning
6,internal
6,experience
6,word
6,behavior
6,neurotype
6,explore
6,autistic
6,language
6,understand
6,intensely
6,experienced
6,life
6,define
6,essential
6,experience
6,behavior
6,follow
6,analysis
6,fundamental
6,shift
6,firstly
6,shift
6,deficit-oriented
6,approach
6,flourishingorient
6,approaches
6,autism
6,shift
6,neurotypical
6,conceptualization
6,flourish
6,autistic
6,lead
6,regard
6,research
6,practice
6,autism
6,remain
6,firmly
6,embed
6,deficit-oriented
6,approach
6,focus
6,autistic
6,suffering
6,advocate
6,shift
6,autistic
6,flourishing
6,focus
6,opportunity
6,support
6,autistic
6,people
6,live
6,autistic
6,life
6,shift
6,deficit-oriented
6,approach
6,flourishing
6,focus
6,approach
6,task
6,study
6,suggest
6,fundamental
6,difference
6,conceptualize
6,create
6,experience
6,autistic
6,neurotypical
6,people
6,efforts
6,share
6,understanding
6,pathway
6,prerequisite
6,strategy
6,priority
6,promote
6,flourish
6,individual
6,concerned
6,conclude
6,reflection
6,initial
6,investigation
6,autistic
6,flourishing
6,woman
6,embed
6,autistic
6,lead
6,approach
6,draw
6,neurodiverse
6,frame
6,analysis
6,neurodiverse
6,lens
6,step
6,share
6,understanding
6,autistic
6,flourishing
6,neurodiverse
6,approach
6,opportunity
6,move
6,insights
6,capture
6,frame
6,analysis
6,frontiersin.org
6,hedlund
6,note
6,key
6,challenge
6,conceptualizing
6,flourishing
6,notably
6,limitation
6,language
6,capture
6,autistic
6,experience
6,blurry
6,boundary
6,encompasse
6,concept
6,flourishing
6,attempt
6,tackle
6,challenge
6,refine
6,understanding
6,autistic
6,flourishing
6,future
6,implications
6,research
6,practice
6,move
6,forward
6,assume
6,concept
6,people
6,capture
6,experience
6,underpin
6,factor
6,data
6,collection
6,notice
6,concept
6,align
6,cognitive
6,style
6,language
6,feel
6,limiting
6,unable
6,provide
6,nuanced
6,accurate
6,detailed
6,description
6,desire
6,autistic
6,flourishing
6,time
6,language
6,enormous
6,power
6,shape
6,people
6,perception
6,reality
6,reflection
6,neurodiverse
6,frame
6,analysis
6,challenge
6,possibility
6,meet
6,cognitive
6,process
6,autistic
6,frame
6,analysis
6,dominate
6,detail
6,bottom
6,process
6,contrast
6,neurotypical
6,frame
6,analysis
6,dominate
6,emphasize
6,detail
6,top
6,processing
6,inclusion
6,neurotypical
6,researcher
6,continuation
6,analyse
6,stage
6,priority
6,autistic
6,frame
6,analysis
6,paper
6,autistic
6,lead
6,decision
6,research
6,design
6,lead
6,autistic
6,researchers
6,analytical
6,process
6,center
6,autistic
6,cognitive
6,processing
6,decenter
6,neurotypical
6,cognitive
6,processing
6,stress
6,challenge
6,associate
6,unreflective
6,top
6,language
6,categorization
6,autism
6,research
6,risk
6,misinterpretation
6,predominantly
6,neurotypical
6,outsider
6,interpretation
6,autistic
6,flourishing
6,identify
6,woman
6,emphasize
6,binary
6,categorization
6,gender
6,problematic
6,context
6,autism
6,neurotypical
6,expectation
6,gender
6,reflect
6,autistic
6,people
6,actual
6,experience
6,question
6,gender
6,identity
6,break
6,cis
6,norm
6,binary
6,view
6,gender
6,common
6,autistic
6,people
6,mittertreiner
6,neurotypical
6,expectation
6,gender
6,risk
6,reproduce
6,reinforce
6,limit
6,stereotype
6,autistic
6,people
6,flourish
6,knowledge
6,filter
6,diagnosntic
6,criterion
6,assessment
6,tool
6,create
6,patriarchal
6,structure
6,understanding
6,autism
6,cis-man
6,norm
6,neurotypical
6,perspective
6,expect
6,image
6,autism
6,limit
6,behavior
6,deviate
6,gender
6,expectation
6,neurotypicality
6,autism
6,girl
6,woman
6,visible
6,create
6,category
6,subtype
6,female
6,autism
6,perception
6,female
6,male
6,autistic
6,function
6,problematic
6,combination
6,gender
6,base
6,expectation
6,prevail
6,conception
6,autistic
6,functioning
6,restrictive
6,risk
6,limit
6,representation
6,complexity
6,autistic
6,people
6,reality
6,recognize
6,broad
6,spectrum
6,autistic
6,functioning
6,combine
6,consequence
6,gender
6,structural
6,injustice
6,risk
6,render
6,experience
6,female
6,nonbinary
6,people
6,invisible
6,misinterpret
6,gender
6,base
6,expectation
6,power
6,structure
6,contribute
6,negative
6,outcome
6,mental
6,health
6,issue
6,neurotypical
6,autistic
6,people
6,enable
6,autistic
6,flourish
6,autistic
6,people
6,gender
6,aware
6,autistic
6,functioning
6,intersectional
6,understanding
6,structure
6,expectation
6,live
6,frontiers
6,sociology
6,affect
6,interpretation
6,world
6,data
6,availability
6,statement
6,raw
6,data
6,support
6,conclusion
6,undue
6,reservation
6,ethic
6,statement
6,ethical
6,approval
6,require
6,study
6,involve
6,human
6,autoetnography
6,include
6,study
6,conduct
6,accordance
6,local
6,legislation
6,institutional
6,requirement
6,write
6,inform
6,consent
6,participation
6,require
6,participant
6,participant
6,legal
6,guardian
6,kin
6,accordance
6,national
6,legislation
6,institutional
6,requirement
6,contribution
6,conceptualization
6,data
6,curation
6,formal
6,analysis
6,investigation
6,methodology
6,writing
6,draft
6,writing
6,review
6,editing
6,conceptualization
6,formal
6,analysis
6,investigation
6,writing
6,draft
6,writing
6,review
6,editing
6,conceptualization
6,formal
6,analysis
6,investigation
6,writing
6,draft
6,writing
6,review
6,editing
6,conceptualization
6,formal
6,analysis
6,investigation
6,writing
6,draft
6,writing
6,review
6,editing
6,conceptualization
6,formal
6,analysis
6,investigation
6,writing
6,draft
6,writing
6,review
6,editing
6,conceptualization
6,formal
6,analysis
6,investigation
6,writing
6,draft
6,writing
6,review
6,editing
6,conceptualization
6,formal
6,analysis
6,investigation
6,writing
6,draft
6,writing
6,review
6,editing
6,conceptualization
6,validation
6,writing
6,draft
6,writing
6,review
6,editing
6,conceptualization
6,funding
6,acquisition
6,validation
6,writing
6,draft
6,writing
6,review
6,editing
6,hbenefit
6,conceptualization
6,formal
6,analysis
6,fund
6,acquisition
6,methodology
6,project
6,administration
6,supervision
6,writing
6,draft
6,writing
6,review
6,editing
6,fund
6,declare
6,financial
6,support
6,receive
6,research
6,publication
6,support
6,swedish
6,research
6,council
6,grant
6,funding
6,agency
6,role
6,study
6,design
6,data
6,collection
6,analysis
6,decision
6,publish
6,preparation
6,manuscript
6,acknowledgment
6,sven
6,bölte
6,tatja
6,hirvikoski
6,involvement
6,grant
6,conceptualization
6,flourishing
6,contribute
6,paper
6,comment
6,manuscript
6,draft
6,frontiersin.org
6,hedlund
6,10.3389/fsoc.2025.1611803
6,conflict
6,alternative
6,text
6,alt
6,text
6,provide
6,figure
6,generate
6,frontiers
6,support
6,artificial
6,declare
6,research
6,conduct
6,intelligence
6,reasonable
6,effort
6,ensure
6,accuracy
6,absence
6,commercial
6,financial
6,relationship
6,include
6,review
6,identify
6,construe
6,potential
6,conflict
6,issue
6,contact
6,handling
6,editor
6,declare
6,share
6,parent
6,affiliation
6,time
6,review
6,publisher
6,note
6,claim
6,express
6,solly
6,generative
6,statement
6,necessarily
6,represent
6,affiliated
6,organization
6,publisher
6,editor
6,reviewer
6,product
6,declare
6,gen
6,creation
6,evaluate
6,claim
6,manuscript
6,manufacturer
6,guarantee
6,endorse
6,publisher
7,public
7,manuscript
7,undergrad
7,public
7,health
7,univ
7,mich
7,manuscript
7,pmc2025
7,august
7,author21
7,publish
7,final
7,edited
7,form
7,undergrad
7,public
7,health
7,univ
7,mich.2025
7,doi:10.3998/ujph.7613
7,manuscript
7,autistic
7,woman
7,maternal
7,health
7,review
7,literature
7,prenatal
7,birth
7,postpartum
7,experiences
7,autistic
7,mothers
7,micah
7,hopkins
7,university
7,michigan
7,abstract
7,prior
7,autism
7,research
7,death
7,knowledge
7,related
7,autistic
7,mother
7,experience
7,maternal
7,care
7,literature
7,review
7,synthesize
7,exist
7,research
7,autistic
7,mother
7,maternal
7,experience
7,focus
7,perinatal
7,birth
7,postpartum
7,manuscript
7,childhood
7,period
7,search
7,result
7,final
7,analysis
7,review
7,highlight
7,major
7,disparity
7,non-autistic
7,woman
7,autistic
7,woman
7,phase
7,maternity
7,autistic
7,woman
7,significant
7,stigma
7,poor
7,understanding
7,autism
7,medical
7,provider
7,receive
7,information
7,accessible
7,form
7,experienced
7,distress
7,sensory
7,overload
7,hospital
7,environment
7,rate
7,postpartum
7,anxiety
7,depression
7,autistic
7,woman
7,motherhood
7,rewarding
7,experience
7,resilience
7,advocating
7,proper
7,care
7,share
7,intense
7,feeling
7,love
7,connection
7,empathy
7,child
7,literature
7,leadership
7,autistic
7,mother
7,expert
7,lived
7,experience
7,set
7,priority
7,change
7,system
7,autistic
7,woman
7,reach
7,reproductive
7,justice
7,manuscript
7,keywords
7,autism
7,maternal
7,health
7,introduction
7,autism
7,spectrum
7,disorder
7,neurodevelopmental
7,condition
7,affect
7,sensory
7,processing
7,communication
7,autism
7,manifest
7,spectrum
7,individual
7,unique
7,trait
7,impairment
7,american
7,psychiatric
7,association
7,past
7,decade
7,autism
7,research
7,highlight
7,gender
7,disparity
7,autism
7,presentation
7,diagnosis
7,combination
7,historical
7,exclusion
7,research
7,green
7,lai
7,szatmari
7,lovelace
7,gender
7,socialization
7,start
7,age
7,begeer
7,manuscript
7,research
7,autism
7,sex
7,discrimination
7,impact
7,autistic
7,woman
7,common
7,milestone
7,adulthood
7,child
7,mcdonnell
7,delucia
7,crucial
7,autistic
7,woman
7,uphill
7,battle
7,receive
7,support
7,emihop@umich.edu
7,conflict
7,conflict
7,disclose
7,hopkin
7,diagnosis
7,adulthood
7,lockwood
7,gender
7,bia
7,lead
7,clinician
7,misdiagnose
7,autistic
7,woman
7,personality
7,disorder
7,lead
7,inadequate
7,psychoeducation
7,misunderstan
7,future
7,care
7,provider
7,watt
7,literature
7,review
7,synthesize
7,exist
7,research
7,autistic
7,mother
7,manuscript
7,experience
7,maternal
7,care
7,closing
7,recommendation
7,maternal
7,care
7,provider
7,improve
7,autistic
7,woman
7,child
7,autistic
7,woman
7,overview
7,research
7,sex
7,ratio
7,autism
7,diagnosis
7,suggest
7,approximate
7,ratio
7,male
7,female
7,loome
7,diagnosntic
7,marker
7,autism
7,spectrum
7,disorder
7,delayed
7,speech
7,childhood
7,american
7,psychiatric
7,association
7,diagnosis
7,typically
7,occur
7,age
7,van
7,hon
7,girl
7,receive
7,diagnosis
7,average
7,boy
7,petrou
7,delay
7,attribute
7,female
7,phenotype
7,hull
7,externalizing
7,symptom
7,aggression
7,internalizing
7,symptom
7,anxiety
7,mcgillivray
7,evert
7,gender
7,stereotypical
7,special
7,manuscript
7,animal
7,math
7,notably
7,autistic
7,girl
7,mask
7,autism
7,wood
7,downie
7,observe
7,behavior
7,reflect
7,blend
7,non-autistic
7,describe
7,autistic
7,girl
7,socialize
7,distress
7,disinterest
7,peer
7,significant
7,strain
7,mental
7,effort
7,require
7,masking
7,tierney
7,invisibility
7,lack
7,support
7,implication
7,autistic
7,woman
7,adulthood
7,autistic
7,woman
7,burden
7,mental
7,health
7,issue
7,study
7,autistic
7,woman
7,severely
7,extremely
7,severely
7,depressed
7,anxious
7,stress
7,mcgillivray
7,evert
7,seek
7,support
7,autistic
7,woman
7,report
7,service
7,inaccessible
7,cost
7,inappropriate
7,tailoring
7,adult
7,lack
7,transportation
7,stigma
7,provider
7,difficulty
7,navigat
7,medical
7,system
7,tint
7,weiss
7,manuscript
7,study
7,autistic
7,woman
7,diagnose
7,adulthood
7,reveal
7,experience
7,punish
7,hidden
7,condition
7,leedham
7,passive
7,navigate
7,social
7,rule
7,disbelief
7,diagnosis
7,learn
7,advocate
7,autistic
7,person
7,woman
7,seer
7,hogg
7,struggle
7,relate
7,neurotypical
7,woman
7,disidentification
7,gender
7,autistic
7,stereotype
7,kanfiszer
7,experience
7,autism
7,condition
7,identity
7,seer
7,hogg
7,autistic
7,mother
7,maternal
7,health
7,transition
7,motherhood
7,include
7,shift
7,identity
7,parent
7,re-negotiate
7,daily
7,life
7,social
7,expectation
7,time
7,period
7,bring
7,woman
7,frequent
7,contact
7,medical
7,system
7,prenatal
7,care
7,appointment
7,manuscript
7,birth
7,follow
7,care
7,infant
7,prior
7,research
7,suggest
7,autistic
7,non-autistic
7,woman
7,attend
7,vast
7,majority
7,pregnancy
7,related
7,care
7,appointment
7,hampton
7,autistic
7,woman
7,unique
7,pressure
7,negotiate
7,diagnostic
7,disclosure
7,autistic
7,woman
7,disbelief
7,disclose
7,autistic
7,minimize
7,struggle
7,claim
7,undergrad
7,public
7,health
7,univ
7,mich
7,manuscript
7,pmc2025
7,august
7,hopkins
7,neurotypical
7,seers
7,hogg
7,impact
7,autistic
7,mother
7,fit
7,stereotype
7,autistic
7,people
7,people
7,envision
7,mother
7,masculine
7,lack
7,emotion
7,disinterest
7,manuscript
7,additionally
7,autistic
7,mother
7,experience
7,poorer
7,physical
7,wellness
7,pregnancy
7,compare
7,non-autistic
7,woman
7,sensorimotor
7,difference
7,rate
7,comorbid
7,physical
7,mental
7,disorder
7,beltagi
7,neurotypical
7,woman
7,experience
7,sensory
7,process
7,change
7,pregnancy
7,smell
7,cameron
7,autistic
7,woman
7,experience
7,change
7,intensity
7,autistic
7,woman
7,coping
7,strategy
7,grow
7,sensory
7,sensitivity
7,physically
7,disabled
7,woman
7,rate
7,maternal
7,mortality
7,worse
7,outcomes
7,compare
7,nondisabled
7,peer
7,signore
7,al.
7,autistic
7,woman
7,rate
7,physical
7,disabilitie
7,beltagi
7,navigate
7,burden
7,inequality
7,attempt
7,maternal
7,care
7,research
7,autistic
7,woman
7,maternal
7,health
7,experience
7,provide
7,practitioner
7,guidance
7,experience
7,autistic
7,patient
7,manuscript
7,autistic
7,woman
7,navigate
7,medical
7,systems
7,interaction
7,practitioner
7,context
7,provider
7,knowledge
7,gap
7,morris
7,lack
7,adherence
7,stereotype
7,kanfiszer
7,warrants
7,additional
7,research
7,stigmatize
7,encounter
7,produce
7,insufficient
7,care
7,create
7,distrust
7,worse
7,outcome
7,autistic
7,mother
7,inequality
7,care
7,result
7,barrier
7,reproductive
7,injustice
7,autistic
7,patient
7,centere
7,support
7,system
7,autistic
7,mother
7,invisibly
7,push
7,child
7,raise
7,supportive
7,environment
7,literature
7,review
7,section
7,review
7,current
7,literature
7,autistic
7,woman
7,experience
7,manuscript
7,motherhood
7,review
7,organize
7,theme
7,theme
7,result
7,chronological
7,finding
7,explain
7,prenatal
7,birth
7,postpartum
7,period
7,date
7,comprehensive
7,review
7,autistic
7,maternal
7,health
7,literature
7,criteria
7,methods
7,pubmed
7,conduct
7,search
7,term
7,summarize
7,table
7,inclusion
7,population
7,autistic
7,woman
7,diagnose
7,determine
7,pregnant
7,birth
7,autistic
7,mother
7,feeling
7,perspectife
7,experience
7,related
7,prenatal
7,birth
7,postpartum
7,period
7,motherhood
7,papers
7,exclude
7,population
7,include
7,autistic
7,mother
7,discuss
7,infant
7,outcome
7,population
7,include
7,autistic
7,mother
7,study
7,separate
7,participant
7,autistic
7,manuscript
7,trait
7,diagnosis
7,determination
7,papers
7,exclude
7,literature
7,review
7,study
7,singular
7,autistic
7,participant
7,commentary
7,field
7,exclude
7,animal
7,study
7,build
7,search
7,filter
7,pubmed
7,prove
7,sufficient
7,undergrad
7,public
7,health
7,univ
7,mich
7,manuscript
7,pmc2025
7,august
7,hopkins
7,results
7,result
7,summarize
7,search
7,result
7,remove
7,duplicate
7,retraction
7,remain
7,common
7,reason
7,manuscript
7,exclusion
7,papers
7,study
7,investigate
7,maternal
7,factor
7,impact
7,child
7,risk
7,autism
7,study
7,focus
7,autistic
7,child
7,mother
7,papers
7,pertain
7,neurodevelopmental
7,genetic
7,condition
7,commentary
7,response
7,pull
7,review
7,base
7,abstract
7,additional
7,papers
7,systematic
7,review
7,papers
7,additional
7,paper
7,publish
7,review
7,process
7,check
7,meet
7,criteria
7,final
7,literature
7,review
7,study
7,characteristics
7,institution
7,united
7,kingdom
7,institution
7,united
7,australia
7,ireland
7,majority
7,participant
7,united
7,kingdom
7,united
7,australia
7,study
7,disclose
7,autistic
7,grant
7,manuscript
7,seek
7,community
7,advisory
7,board
7,feedback
7,autistic
7,community
7,remain
7,disclose
7,community
7,involvement
7,note
7,parent
7,autistic
7,child
7,seek
7,feedback
7,midwife
7,autistic
7,people
7,direct
7,autistic
7,community
7,advice
7,diverse
7,range
7,method
7,employ
7,qualitative
7,method
7,include
7,data
7,autistic
7,non-autistic
7,participant
7,major
7,theme
7,emerge
7,literature
7,negative
7,experience
7,staff
7,include
7,stigma
7,lack
7,feeling
7,understood
7,practitioner
7,unwanted
7,touching
7,theme
7,inaccessibility
7,address
7,barriers
7,positive
7,pregnancy
7,birth
7,postpartum
7,experience
7,examination
7,trigger
7,sensory
7,overload
7,lack
7,information
7,unwelcoming
7,peer
7,sensorimotor
7,impact
7,include
7,change
7,sensory
7,processing
7,sensory
7,experience
7,motherhood
7,theme
7,support
7,detail
7,manuscript
7,autistic
7,mother
7,struggle
7,postpartum
7,depression
7,executive
7,functioning
7,dismissive
7,treatment
7,seek
7,cop
7,strategy
7,include
7,tactic
7,autistic
7,woman
7,cope
7,struggle
7,rely
7,fellow
7,neurodivergent
7,parent
7,finally
7,autistic
7,mother
7,reflect
7,strength
7,challenge
7,autistic
7,mother
7,identity
7,negative
7,experience
7,staff
7,period
7,birth
7,pregnancy
7,birth
7,postpartum
7,period
7,negative
7,interaction
7,staff
7,common
7,create
7,lack
7,trust
7,patients
7,practitioner
7,study
7,participant
7,disclose
7,autistic
7,agree
7,practitioner
7,understand
7,autism
7,impact
7,participant
7,choose
7,disclose
7,fear
7,negative
7,bia
7,feel
7,disclosure
7,unhelpful
7,hampton
7,research
7,pattern
7,disclosure
7,avoidance
7,continue
7,birth
7,hampton
7,allison
7,social
7,interaction
7,health
7,practitioner
7,adversarial
7,interviewee
7,mention
7,situation
7,undergrad
7,public
7,health
7,univ
7,mich
7,manuscript
7,pmc2025
7,august
7,hopkin
7,midwive
7,mother
7,autistic
7,hampton
7,recall
7,doctor
7,assume
7,incapable
7,manage
7,medication
7,dugdale
7,manuscript
7,participant
7,cite
7,poor
7,treatment
7,staff
7,stressor
7,birth
7,burton
7,donovan
7,gardner
7,hampton
7,hampton
7,allison
7,lewis
7,al.
7,inappropriate
7,treatment
7,include
7,unwanted
7,intervention
7,birth
7,burton
7,moore
7,al.
7,hostility
7,bring
7,accommodation
7,blanket
7,gardner
7,al.
7,label
7,mentally
7,unstable
7,stimm
7,stimulatory
7,behavior
7,donovan
7,participant
7,recall
7,miscommunication
7,birth
7,lead
7,heighten
7,distress
7,donovan
7,gardner
7,hampton
7,hampton
7,allison
7,tlewis
7,lum
7,moore
7,lead
7,patient
7,feeling
7,powerless
7,lewis
7,meltdown
7,hampton
7,autistic
7,patient
7,dismiss
7,speak
7,pain
7,calm
7,donovan
7,lewis
7,manuscript
7,practitioner
7,educate
7,sensory
7,processing
7,communication
7,impact
7,autism
7,calm
7,pain
7,result
7,mistrust
7,lewis
7,mask
7,labor
7,dugdale
7,moore
7,impairing
7,communication
7,compare
7,nonautistic
7,woman
7,significantly
7,agree
7,communicating
7,pain
7,birth
7,lum
7,autistic
7,woman
7,agree
7,staff
7,understand
7,physically
7,feel
7,stigma
7,lack
7,knowledge
7,result
7,practitioner
7,understand
7,patient
7,insufficient
7,care
7,inaccessibility
7,aspect
7,maternal
7,care
7,inaccessible
7,autistic
7,mother
7,manuscript
7,compare
7,non-autistic
7,woman
7,autistic
7,woman
7,environment
7,prenatal
7,appointment
7,overwhelme
7,hampton
7,specific
7,aspect
7,include
7,physical
7,contact
7,consent
7,burton
7,moore
7,fluorescent
7,light
7,gel
7,fetal
7,heart
7,check
7,gardner
7,al.
7,participant
7,hospital
7,overwhelming
7,experience
7,shutdown
7,hampton
7,participant
7,disclose
7,autistic
7,rarely
7,offer
7,accommodation
7,home
7,visit
7,waiting
7,appointment
7,hampton
7,birth
7,sensory
7,stressor
7,include
7,bright
7,light
7,burton
7,donovan
7,donovan
7,al.
7,gardner
7,al.
7,hampton
7,lewis
7,talcer
7,al.
7,noise
7,woman
7,staff
7,baby
7,gardner
7,al.
7,hampton
7,lewis
7,talcer
7,al.
7,maternal
7,period
7,poor
7,accessibility
7,information
7,prevalent
7,compare
7,manuscript
7,non-autistic
7,woman
7,autistic
7,mother
7,satisfied
7,amount
7,information
7,receive
7,satisfied
7,information
7,agree
7,seek
7,related
7,pregnancy
7,hampton
7,study
7,autistic
7,woman
7,undergrad
7,public
7,health
7,univ
7,mich
7,manuscript
7,pmc2025
7,august
7,hopkins
7,page6
7,process
7,birth
7,adequately
7,explain
7,compare
7,non-autistic
7,woman
7,pohl
7,al.
7,compare
7,non-autistic
7,mother
7,autistic
7,woman
7,agree
7,breastfeeding
7,resource
7,appropriately
7,suit
7,agree
7,resource
7,accessible
7,satisfy
7,manuscript
7,receive
7,support
7,hampton
7,allison
7,socialization
7,barrier
7,autistic
7,woman
7,feel
7,pressure
7,socialize
7,prenatal
7,class
7,class
7,class
7,loud
7,hampton
7,autistic
7,mother
7,recommend
7,peer
7,breastfeeding
7,grant
7,hampton
7,parental
7,support
7,hampton
7,issue
7,information
7,deliver
7,social
7,interaction
7,grant
7,sensorimotor
7,impact
7,study
7,autistic
7,woman
7,experience
7,heighten
7,sensory
7,sensitivity
7,heighten
7,sense
7,taste
7,sound
7,touch
7,pregnancy
7,burton
7,gardner
7,hampton
7,hampton
7,talcer
7,al.
7,manuscript
7,sensory
7,process
7,change
7,autistic
7,non-autistic
7,mother
7,hampton
7,autistic
7,woman
7,report
7,change
7,frequency
7,impact
7,sense
7,change
7,debilitating
7,routine
7,tasnks
7,shopping
7,difficult
7,unbearable
7,hampton
7,earlier
7,study
7,woman
7,report
7,mundane
7,sensation
7,smell
7,chicken
7,noise
7,radio
7,magnify
7,avoid
7,busy
7,environment
7,gardner
7,addition
7,increase
7,sensitivity
7,autistic
7,participant
7,experience
7,frequent
7,meltdown
7,worsening
7,pelvic
7,girdle
7,pain
7,rate
7,severe
7,persistent
7,nausea
7,hampton
7,talcer
7,birth
7,child
7,crying
7,meltdown
7,burton
7,hampton
7,talcer
7,baby
7,physical
7,contact
7,attachment
7,dugdale
7,manuscript
7,al.
7,talcer
7,mention
7,stressful
7,breastfeeding
7,challenging
7,study
7,autistic
7,mother
7,breastfeeding
7,overstimulation
7,baby
7,pumps
7,frequent
7,barrier
7,comfortably
7,breastfeeding
7,grant
7,hampton
7,wilson
7,andrassy
7,survey
7,autistic
7,woman
7,highly
7,motivated
7,breastfeed
7,mother
7,intensity
7,difficul
7,majority
7,time
7,experienced
7,pain
7,time
7,grant
7,non-autistic
7,autistic
7,woman
7,experience
7,change
7,sensory
7,processing
7,physical
7,health
7,difficulty
7,breastfeeding
7,autistic
7,mother
7,experience
7,frequent
7,magnify
7,support
7,autistic
7,woman
7,support
7,maternal
7,care
7,manuscript
7,autistic
7,woman
7,strongly
7,prefer
7,midwife
7,appointment
7,midwive
7,inform
7,time
7,hampton
7,moore
7,study
7,participant
7,share
7,negative
7,experience
7,receiving
7,breastfeeding
7,support
7,compare
7,participant
7,share
7,positive
7,experience
7,grant
7,al.
7,receive
7,support
7,home
7,visit
7,undergrad
7,public
7,health
7,univ
7,mich
7,manuscript
7,pmc2025
7,august
7,hopkin
7,difficult
7,function
7,unsure
7,visit
7,happen
7,surprise
7,visit
7,social
7,stress
7,routine
7,disruption
7,hampton
7,stigma
7,stress
7,autistic
7,mother
7,feel
7,isolated
7,judge
7,unable
7,comparison
7,non-autistic
7,mother
7,majority
7,autistic
7,mother
7,manuscript
7,feel
7,autistic
7,specific
7,support
7,beneficial
7,hampton
7,allison
7,social
7,demand
7,related
7,child
7,form
7,play
7,create
7,support
7,network
7,mother
7,challenge
7,burton
7,hampton
7,talcer
7,challenge
7,ease
7,existence
7,support
7,autistic
7,mother
7,autistic
7,people
7,experience
7,increase
7,stress
7,executive
7,functioning
7,capability
7,child
7,infant
7,care
7,require
7,change
7,routine
7,skill
7,accept
7,amount
7,chaos
7,change
7,routine
7,difficult
7,parent
7,autistic
7,people
7,experience
7,distress
7,response
7,routine
7,change
7,non-autistic
7,woman
7,grant
7,hampton
7,compare
7,non-autistic
7,woman
7,autistic
7,mother
7,feel
7,capable
7,cop
7,multitasking
7,manuscript
7,agree
7,organize
7,feel
7,cop
7,responsibility
7,parenting
7,mother
7,mention
7,track
7,clean
7,formula
7,bottle
7,overwhelming
7,grant
7,dditionally
7,half
7,surveyed
7,difficulty
7,unpredictability
7,breastfeeding
7,grant
7,al.
7,woman
7,overwhelm
7,stress
7,anxiety
7,practice
7,wilson
7,andrassy
7,autistic
7,woman
7,consistently
7,report
7,poor
7,mental
7,health
7,comparison
7,non-autistic
7,mother
7,autistic
7,mother
7,report
7,postpartum
7,depression
7,anxiety
7,stress
7,low
7,feeling
7,life
7,satisfaction
7,hampton
7,allison
7,autistic
7,mother
7,mention
7,exhaustion
7,difficulty
7,coping
7,demand
7,motherhood
7,donovan
7,dugdale
7,grant
7,hampton
7,manuscript
7,pohl
7,talcer
7,postpartum
7,anxiety
7,depression
7,exhaustion
7,impact
7,internalize
7,externalize
7,stigma
7,feeling
7,inadequacy
7,explored
7,autistic
7,woman
7,non-autistic
7,woman
7,concurrent
7,mental
7,health
7,diagnosis
7,hampton
7,allison
7,stigma
7,lack
7,satisfactory
7,support
7,hurtful
7,cop
7,strategy
7,manage
7,anxiety
7,related
7,sensory
7,overwhelm
7,unpredictability
7,autistic
7,woman
7,seek
7,prepare
7,environment
7,labor
7,gardner
7,autistic
7,woman
7,birth
7,hospital
7,tour
7,time
7,mentally
7,prepare
7,labor
7,unfamiliar
7,environment
7,stressful
7,autistic
7,people
7,gardner
7,woman
7,additional
7,advocate
7,manuscript
7,doula
7,family
7,midwife
7,hampton
7,allison
7,crucial
7,verbal
7,communication
7,difficult
7,birth
7,additionally
7,choose
7,section
7,talcer
7,al.
7,home
7,birth
7,burton
7,woman
7,comfortable
7,plan
7,specific
7,procedure
7,undergrad
7,public
7,health
7,univ
7,mich
7,manuscript
7,pmc2025
7,august
7,hopkins
7,page8
7,control
7,environment
7,nurse
7,offer
7,blindfold
7,dimmer
7,light
7,reduce
7,sensory
7,stress
7,hampton
7,participant
7,stress
7,importance
7,trust
7,relationship
7,medical
7,professional
7,burton
7,lack
7,trusting
7,relationship
7,lead
7,mother
7,hide
7,struggle
7,postpartum
7,depression
7,manuscript
7,donovan
7,autistic
7,mother
7,rely
7,knowledge
7,body
7,support
7,adapt
7,challenge
7,motherhood
7,autistic
7,woman
7,non-autistic
7,woman
7,feel
7,sufficiently
7,support
7,hampton
7,allison
7,share
7,experience
7,reach
7,family
7,burton
7,gardner
7,rely
7,partner
7,dugdale
7,grant
7,autistic
7,woman
7,seek
7,support
7,neurodivergent
7,friend
7,child
7,dugdale
7,support
7,exchange
7,information
7,seek
7,support
7,autistic
7,mother
7,talcer
7,al.
7,additionally
7,cope
7,specific
7,sensory
7,stressor
7,autistic
7,woman
7,seek
7,time
7,rest
7,hampton
7,talcer
7,distract
7,breastfeed
7,grant
7,manuscript
7,wilson
7,andrassy
7,autistic
7,mother
7,pregnancy
7,create
7,unique
7,social
7,interaction
7,pregnant
7,people
7,attend
7,prenatal
7,appointment
7,interact
7,practitioner
7,prenatal
7,class
7,mother
7,family
7,question
7,strangers
7,situation
7,tax
7,autistic
7,woman
7,autistic
7,pregnant
7,woman
7,conversation
7,strangers
7,pleasant
7,specific
7,question
7,baby
7,unsolicited
7,attention
7,tiring
7,hampton
7,social
7,experience
7,experience
7,woman
7,feel
7,instant
7,connection
7,infant
7,woman
7,bonding
7,experience
7,donovan
7,gardner
7,mother
7,pretend
7,manuscript
7,play
7,feel
7,capable
7,child
7,autistic
7,notably
7,woman
7,feel
7,breastfeeding
7,improve
7,ability
7,bond
7,child
7,read
7,cue
7,gardner
7,grant
7,autistic
7,mother
7,discuss
7,intense
7,bond
7,child
7,burton
7,grant
7,hampton
7,stereotype
7,autistic
7,people
7,lack
7,empathy
7,disinterest
7,mother
7,feel
7,intense
7,empathy
7,baby
7,burton
7,mother
7,feel
7,protective
7,baby
7,anxiously
7,cry
7,feel
7,anxious
7,dugdale
7,al.
7,mother
7,aspect
7,parenting
7,reward
7,watch
7,child
7,developmental
7,progress
7,dugdale
7,teach
7,hampton
7,additionally
7,mother
7,mention
7,positive
7,aspect
7,related
7,personal
7,growth
7,manuscript
7,flexible
7,routine
7,change
7,dugdale
7,handle
7,environment
7,previously
7,sensory
7,overload
7,hampton
7,autistic
7,mother
7,struggle
7,barrier
7,non-autistic
7,woman
7,majority
7,undergrad
7,public
7,health
7,univ
7,mich
7,manuscript
7,pmc2025
7,august
7,hopkins
7,autistic
7,mother
7,agree
7,motherhood
7,reward
7,experience
7,al.
7,conclusion
7,recommendation
7,manuscript
7,research
7,demonstrate
7,significant
7,disparity
7,autistic
7,woman
7,receive
7,experience
7,maternal
7,care
7,significantly
7,stigmatize
7,encounter
7,staff
7,adequate
7,support
7,unique
7,coping
7,strategy
7,increase
7,people
7,diagnose
7,autism
7,spectrum
7,disorder
7,critical
7,healthcare
7,system
7,adapt
7,support
7,grow
7,population
7,adult
7,autism
7,structural
7,barriers
7,neurotypicalcentered
7,support
7,stigma
7,disability
7,reproductive
7,freedom
7,power
7,dynamics
7,practitioner
7,patient
7,prevent
7,autistic
7,mother
7,adequate
7,maternal
7,health
7,experience
7,begin
7,address
7,issue
7,healthcare
7,practitioner
7,collaborat
7,autistic
7,expert
7,researchers
7,patient
7,apply
7,knowledge
7,experience
7,priority
7,lead
7,project
7,improve
7,autistic
7,mother
7,framework
7,reproductive
7,justice
7,barrier
7,autistic
7,manuscript
7,woman
7,pursue
7,child
7,raise
7,supportive
7,environment
7,research
7,autistic
7,mother
7,uphill
7,battle
7,advocating
7,time
7,healthcare
7,system
7,advocate
8,psychology
8,research
8,paper
8,autistic
8,woman
8,report
8,level
8,pain
8,pain
8,related
8,anxiety
8,pain
8,interference
8,benefit
8,care
8,nathan
8,haid
8,michelle
8,failla
8,alexandra
8,sturm
8,abstract
8,introduction
8,evidence
8,suggest
8,autistic
8,adult
8,experience
8,pain
8,compare
8,nonautistic
8,people
8,autistic
8,adult
8,report
8,pain
8,related
8,anxiety
8,associate
8,increase
8,pain
8,sensitivity
8,experience
8,rate
8,generalized
8,anxiety
8,generalized
8,anxiety
8,related
8,pain
8,related
8,anxiety
8,autistic
8,people
8,nonautistic
8,woman
8,experience
8,pain
8,sensitivity
8,pain
8,interference
8,autistic
8,woman
8,risk
8,experience
8,impact
8,pain
8,related
8,anxiety
8,daily
8,life
8,objective
8,seek
8,examine
8,relationship
8,pain
8,related
8,anxiety
8,generalize
8,anxiety
8,pain
8,interference
8,daily
8,activity
8,mood
8,autistic
8,woman
8,life
8,method
8,study
8,include
8,autistic
8,adult
8,assign
8,female
8,birth
8,afab
8,report
8,pain
8,pain
8,inventory
8,pain
8,relate
8,anxiety
8,pain
8,anxiety
8,symptoms
8,scale
8,generalize
8,anxiety
8,generalize
8,anxiety
8,disorder
8,item
8,scale
8,result
8,sample
8,participant
8,report
8,pain
8,hour
8,rate
8,pain
8,interference
8,autistic
8,afab
8,people
8,report
8,rate
8,generalize
8,anxiety
8,pain
8,relate
8,anxiety
8,cognitive
8,pain
8,related
8,anxiety
8,subscale
8,significantly
8,correlate
8,generalize
8,anxiety
8,total
8,pain
8,related
8,anxiety
8,associate
8,pain
8,interference
8,enjoyment
8,life
8,conclusion
8,autistic
8,people
8,experience
8,rate
8,pain
8,pain
8,interference
8,anxiety
8,pain
8,related
8,anxiety
8,relationship
8,pain
8,anxiety
8,report
8,autistic
8,woman
8,therapie
8,specifically
8,target
8,pain
8,related
8,anxiety
8,profound
8,impact
8,autistic
8,woman
8,quality
8,life
8,keyword
8,autism
8,pain
8,woman
8,anxiety
8,pain
8,anxiety
8,pain
8,interference
8,introduction
8,emotional
8,distress
8,cognitive
8,functioning
8,varie
8,experiencing
8,pain
8,acute
8,chronic
8,pain
8,degree
8,pain
8,interference
8,daily
8,life
8,include
8,disruption
8,profound
8,effect
8,person
8,mental
8,ability
8,daily
8,presence
8,impact
8,pain
8,maintain
8,regular
8,daily
8,activity
8,emerge
8,evidence
8,suggest
8,daily
8,life
8,autistic
8,people
8,research
8,autistic
8,people
8,experience
8,rate
8,chronic
8,"pain3,50"
8,factor
8,affect
8,autistic
8,individual
8,experience
8,pain
8,experience
8,express
8,acute
8,pain
8,pain
8,related
8,anxiety
8,predictor
8,pain
8,percepnonautistic
8,people
8,review
8,moore352015
8,bogdanova
8,tion
8,intensity
8,population
8,recent
8,study
8,report
8,autistic
8,adult
8,pain
8,experience
8,autistic
8,neural
8,response
8,compare
8,nonautistic
8,adult
8,increase
8,pain
8,related
8,anxiety
8,related
8,adult
8,pain
8,sensitivity
8,suprathreshold
8,increase
8,pain
8,sensitivity
8,autistic
8,adult
8,compare
8,qualitative
8,describe
8,lived
8,experience
8,nonautistic
8,adult
8,increase
8,pain
8,anxiety
8,report
8,autistic
8,adult
8,highlight
8,adverse
8,impact
8,pain
8,sensitivity
8,individual
8,condition
8,frequently
8,co-occur
8,autism
8,sponsorship
8,compete
8,relevant
8,content
8,disclose
8,benefit
8,class
8,college
8,nursing
8,ohio
8,university
8,columbus
8,usa
8,nisonger
8,center
8,ohio
8,university
8,columbus
8,usa
8,loyola
8,marymount
8,university
8,los
8,angeles
8,usa
8,correspond
8,address
8,loyola
8,marymount
8,"university,1"
8,lmu
8,suite
8,los
8,angeles
8,ca90045
8,tel
8,e-mail
8,address
8,alexandra.sturm
8,sturm
8,copyright
8,publish
8,wolters
8,kluwer
8,health
8,inc.
8,behalf
8,international
8,association
8,study
8,pain
8,distribute
8,term
8,creative
8,commons
8,attribution
8,commercial
8,license
8,ccby
8,permissible
8,download
8,share
8,remix
8,transform
8,buildup
8,provide
8,properly
8,cite
8,commercially
8,permission
8,journal
8,pr910
8,n.w.
8,haid
8,include
8,chronic
8,pain
8,depression
8,"anxiety.7,27"
8,monitoring
8,management
8,pain
8,anxiety
8,role
8,play
8,development
8,maintenance
8,chronic
8,pain
8,level
8,interference
8,pain
8,daily
8,life
8,".2,4,34"
8,treatment
8,anxiety
8,successfully
8,reduce
8,pain
8,catastrophizing
8,pain
8,intensity
8,chronic
8,pain
8,population
8,suggest
8,understand
8,role
8,anxiety
8,etiology
8,perpetuation
8,pain
8,specific
8,population
8,degree
8,generalize
8,anxiety
8,related
8,impact
8,pain
8,related
8,anxiety
8,autistic
8,people
8,breadth
8,pain
8,research
8,population
8,autistic
8,people
8,-especially
8,autistic
8,cisgender
8,woman
8,people
8,assign
8,female
8,birth
8,neglect
8,research
8,gender
8,sex
8,base
8,difference
8,experience
8,pain
8,are3
8,establish
8,nonautistic
8,population
8,woman
8,develop
8,chronic
8,pain
8,disorder
8,headach
8,fibromyalgia
8,experience
8,pain
8,interference
8,pain
8,related
8,anxiety
8,",5,39"
8,demonstrate
8,pain
8,sensitivity
8,woman
8,experience
8,internalizing
8,disorder
8,associate
8,heighten
8,experience
8,pain
8,generalize
8,limited
8,autistic
8,adult
8,pain
8,study
8,examine
8,factor
8,occur
8,woman
8,impact
8,experience
8,pain
8,autistic
8,woman
8,pain
8,anxiety
8,generalize
8,anxiety
8,autistic
8,woman
8,experience
8,mental
8,health
8,outcome
8,adult
8,compare
8,autistic
8,experience
8,cognitive
8,behavioral
8,process
8,understanding
8,relationship
8,anxiety
8,pain
8,crucial
8,autistic
8,woman
8,dually
8,risk
8,increase
8,pain
8,anxiety
8,gender
8,autism
8,related
8,risk
8,factor
8,lack
8,empirical
8,research
8,deprive
8,autistic
8,woman
8,health
8,care
8,provider
8,understanding
8,pain
8,limit
8,treatment
8,management
8,option
8,current
8,study
8,aim
8,characterize
8,frequency
8,pain
8,pain
8,treatment
8,utilization
8,impact
8,pain
8,interference
8,regular
8,daily
8,activity
8,locomotion
8,social
8,interaction
8,mood
8,examine
8,correlation
8,pain
8,related
8,anxiety
8,level
8,generalize
8,anxiety
8,examine
8,correlation
8,pain
8,related
8,anxiety
8,pain
8,interference
8,largest
8,sample
8,autistic
8,adult
8,assign
8,female
8,birth
8,pain
8,study
8,date
8,method
8,participant
8,draw
8,larger
8,mixed
8,methods
8,study
8,aim
8,characterize
8,eat
8,behavior
8,sensory
8,experience
8,autistic
8,woman
8,nonbinary
8,afab
8,people
8,socialize
8,girl
8,childhood
8,sample
8,comprise
8,cisgender
8,woman
8,nonbinary
8,afab
8,autistic
8,people
8,characterize
8,autistic
8,people
8,larger
8,study
8,consist
8,interview
8,participant
8,mental
8,health
8,diagnostic
8,journey
8,sensory
8,experience
8,sensory
8,experience
8,related
8,food
8,interoceptive
8,awareness
8,participant
8,complete
8,qualtric
8,survey
8,include
8,quantitative
8,measure
8,anxiety
8,depression
8,stress
8,disorder
8,eat
8,sensory
8,processing
8,autism
8,symptom
8,report
8,publish
8,report
8,study
8,focus
8,topic
8,pain
8,ethical
8,approval
8,study
8,larger
8,study
8,include
8,measure
8,study
8,obtain
8,loyola
8,marymount
8,university
8,institutional
8,review
8,board
8,participant
8,inform
8,consent
8,study
8,participation
8,pain
8,report
8,participant
8,recruit
8,digital
8,flyer
8,post
8,social
8,media
8,forum
8,web
8,site
8,eligibility
8,study
8,determine
8,screening
8,questionnaire
8,eligibility
8,criterion
8,include
8,age
8,afab
8,selfidentify
8,autism
8,spectrum
8,receive
8,diagnosis
8,autism
8,spectrum
8,disorder
8,medical
8,mental
8,health
8,professional
8,exclusion
8,criterion
8,include
8,diagnosis
8,intellectual
8,disability
8,conservatorship
8,participant
8,complete
8,survey
8,semi-structured
8,interview
8,survey
8,month
8,participant
8,receive
8,gift
8,card
8,participation
8,month
8,follow
8,study
8,participant
8,include
8,study
8,complete
8,study
8,timepoint
8,result
8,sample
8,n552
8,measure
8,measure
8,study
8,collect
8,qualtrics
8,autism
8,trait
8,assess
8,ritvo
8,autism
8,asperger
8,diagnostic
8,scale
8,revised
8,raads
8,initial
8,timepoint
8,measure
8,study
8,complete
8,month
8,follow
8,pain
8,inventory
8,pain
8,intensity
8,interference
8,treatment
8,utilization
8,measure
8,pain
8,inventory
8,bpi
8,bpi
8,participant
8,report
8,nature
8,intensity
8,current
8,pain
8,hour
8,pain
8,intensity
8,measure
8,average
8,pain
8,intensity
8,hour
8,score
8,scale
8,amount
8,pain
8,amount
8,pain
8,participant
8,hurt
8,average
8,pain
8,interference
8,response
8,score
8,scale
8,interfere
8,completely
8,interfere
8,rate
8,follow
8,subcategory
8,activity
8,mood
8,walking
8,ability
8,normal
8,relation
8,people
8,sleep
8,enjoyment
8,life
8,participant
8,report
8,pain
8,treatment
8,utilization
8,type
8,treatment
8,percent
8,pain
8,relief
8,specific
8,treatment
8,scale
8,relief
8,complete
8,relief
8,pain
8,anxiety
8,symptom
8,scale
8,pain
8,anxiety
8,symptom
8,scale
8,pass
8,item
8,selfreport
8,measure
8,pain
8,related
8,fear
8,anxiety
8,assess
8,cognitive
8,anxiety
8,escape
8,avoidance
8,fearful
8,appraisal
8,pain
8,physiological
8,symptom
8,participant
8,frequency
8,engage
8,variety
8,behavior
8,experience
8,pain
8,avoid
8,activity
8,hurt
8,score
8,sum
8,create
8,total
8,score
8,include
8,item
8,response
8,subscale
8,cognitive
8,fear
8,escape
8,avoidance
8,physiological
8,pass
8,total
8,subscale
8,score
8,study
8,internal
8,consistency
8,total
8,subscale
8,adequate
8,excellent
8,literature
8,cronbach
8,alpha
8,coefficient
8,0.67-0.92
8,sample
8,fear
8,escape
8,avoidance
8,physiological
8,total
8,pass
8,include
8,item
8,likert
8,response
8,scale
8,study
8,error
8,presentation
8,pass
8,survey
8,administration
8,response
8,collect
8,scale
8,inconsistent
8,scale
8,measure
8,study
8,thitey
8,likert
8,scale
8,report
8,analyse
8,facilitate
8,interpretation
8,pass
8,subscale
8,score
8,relative
8,score
8,transform
8,item
8,assign
8,sex
8,female
8,subscale
8,item
8,total
8,score
8,calculate
8,birth
8,identify
8,identify
8,gender
8,item
8,multiplied
8,by6
8,nonbinary
8,provide
8,gender
8,identification
8,consistent
8,scale
8,sum
8,score
8,item
8,participant
8,identify
8,white
8,response
8,thitey
8,analysis
8,hold
8,college
8,degree
8,subsequently
8,transform
8,score
8,relevant
8,employ
8,n53
8,student
8,n55
8,table
8,purpose
8,interpretability
8,unemployed
8,participant
8,identify
8,autistic
8,recruitment
8,process
8,sample
8,receive
8,formal
8,autism
8,spectrum
8,diagnosis
8,medical
8,generalize
8,disorder
8,item
8,scale
8,mental
8,health
8,professional
8,raad
8,score
8,sample
8,score
8,generalized
8,anxiety
8,disorder
8,item
8,scale
8,gad
8,recommend
8,clinical
8,cut
8,gad
8,report
8,measure
8,assess
8,anxiety
8,symptom
8,related
8,gad
8,score
8,score
8,measure
8,participant
8,report
8,moderate
8,severe
8,range
8,bother
8,anxiety
8,symptom
8,week
8,scale
8,day
8,day
8,day
8,total
8,score
8,pain
8,characterization
8,range
8,score
8,minimal
8,anxiety
8,thirty
8,participant
8,report
8,experience
8,pain
8,mild
8,anxiety
8,moderate
8,anxiety
8,hour
8,day
8,study
8,participation
8,table
8,severe
8,anxiety
8,gad
8,excellent
8,internal24
8,autism
8,diagnostic
8,status
8,impact
8,likelihood
8,consistency
8,population
8,cronbach
8,alpha
8,experiencing
8,pain
8,coefficient
8,sample
8,participant
8,common
8,hurt
8,low
8,head
8,participant
8,ritvo
8,autism
8,asperger
8,diagnostic
8,scale
8,revise
8,report
8,pain
8,hour
8,report
8,pain
8,moderate
8,intensity
8,raad
8,r40
8,question
8,report
8,scale
8,participants
8,average
8,demonstrate
8,moderate
8,level
8,pain
8,assess
8,autism
8,trait
8,adult
8,raad
8,select
8,interference
8,activity
8,mood
8,study
8,establish
8,psychometric
8,validity
8,walk
8,ability
8,normal
8,instrument
8,adult
8,identify
8,autistic
8,relation
8,people
8,diagnose
8,item
8,rate
8,likert
8,sleep
8,enjoyment
8,life
8,scale
8,true
8,true
8,"16,"""
8,true
8,true
8,participant
8,report
8,experience
8,pain
8,item
8,sum
8,create
8,total
8,hour
8,treatment
8,pain
8,score
8,raad
8,total
8,score
8,measure
8,treatment
8,include
8,medication
8,medical
8,treatment
8,autism
8,trait
8,study
8,score
8,-to
8,counter
8,pain
8,medication
8,prescription
8,pain
8,associate
8,autism
8,trait
8,internal
8,consistency
8,medication
8,medical
8,cannabis
8,botox
8,specialist
8,measure
8,describe
8,excellent
8,literature
8,cronbach
8,physical
8,therapy
8,chiropractor
8,yoga
8,stretching
8,meditation
8,alpha
8,coefficient
8,sample
8,treatment
8,pain
8,relief
8,statistical
8,analysis
8,analyse
8,conduct
8,stata
8,variable
8,descriptive
8,summary
8,demographic
8,sample
8,summary
8,pain
8,characteristic
8,check
8,normality
8,skewness
8,ensure
8,test
8,characterize
8,frequency
8,impact
8,variable
8,descriptive
8,summary
8,pain
8,summary
8,descriptive
8,statistic
8,calculate
8,autism
8,spectrum
8,diagnosis
8,mographic
8,variable
8,pass
8,total
8,subscale
8,score
8,gad
8,age
8,total
8,score
8,bpi
8,score
8,examine
8,correlation
8,raads
8,total
8,pain
8,anxiety
8,generalize
8,anxiety
8,pearson
8,correlation
8,gender
8,female
8,n548
8,coefficient
8,calculate
8,pass
8,subscale
8,score
8,pass
8,total
8,score
8,gad
8,total
8,score
8,examine
8,gad
8,correlation
8,pain
8,interference
8,pain
8,anxiety
8,pain
8,inventory
8,pearson
8,correlation
8,coefficient
8,calculate
8,pass
8,experience
8,pain
8,subscale
8,score
8,total
8,score
8,bpi
8,interference
8,scor
8,pain
8,intensity
8,treatment
8,utilization
8,pain
8,relief
8,treatment
8,result
8,pain
8,interference
8,activity
8,participant
8,mood
8,walking
8,ability
8,larger
8,mix
8,methods
8,study
8,individual
8,normal
8,screen
8,n5128
8,eligible
8,participation
8,consent
8,relation
8,people
8,participate
8,participant
8,complete
8,sleep
8,enjoyment
8,life
8,qualtric
8,survey
8,qualtric
8,survey
8,interview
8,n561
8,participant
8,n552
8,complete
8,pain
8,intensity
8,pain
8,relief
8,treatment
8,pain
8,interference
8,include
8,individual
8,endors
8,experience
8,pain
8,previous
8,hour
8,additional
8,follow
8,study
8,include
8,gad
8,generalize
8,anxiety
8,disorder
8,item
8,scale
8,raads
8,ritvo
8,autism
8,asperger
8,diagnosntic
8,study
8,participant
8,study
8,range
8,age
8,scale
8,revise
8,n.w.
8,haid
8,summary
8,pain
8,anxiety
8,symptom
8,scale
8,pain
8,anxiety
8,people
8,cognitive
8,avoidance
8,fear
8,physiological
8,anxiety
8,total
8,pain
8,anxiety
8,people
8,endors
8,pain
8,cognitive
8,escape
8,avoidance
8,fear
8,physiological
8,anxiety
8,total
8,treatment
8,variable
8,individual
8,experience
8,relief
8,treatment
8,pain
8,anxiety
8,interference
8,participant
8,report
8,similarly
8,pain
8,anxiety
8,symptom
8,subscale
8,cognitive
8,anxiety
8,table
8,examine
8,generalized
8,anxiety
8,correlate
8,painrelated
8,anxiety
8,generalize
8,anxiety
8,disorder
8,item
8,scale
8,total
8,score
8,significantly
8,correlate
8,cognitive
8,pain
8,anxiety
8,subscale
8,total
8,pain
8,anxiety
8,pain
8,related
8,anxiety
8,subscale
8,avoidance
8,fear
8,physiological
8,pain
8,anxiety
8,correlation
8,pain
8,anxiety
8,symptom
8,pain
8,interference
8,measure
8,pain
8,inventory
8,report
8,importantly
8,total
8,pain
8,anxiety
8,correlate
8,pain
8,interference
8,subscale
8,enjoyment
8,life
8,pain
8,anxiety
8,subscale
8,correlate
8,pain
8,interference
8,subscale
8,cognitive
8,pain
8,-relate
8,anxiety
8,associate
8,pain
8,interference
8,mood
8,walk
8,ability
8,enjoyment
8,life
8,discussion
8,study
8,describe
8,pain
8,associate
8,anxiety
8,symptom
8,autistic
8,afab
8,people
8,highlight
8,potential
8,relationship
8,pain
8,anxiety
8,pain
8,interference
8,daily
8,life
8,study
8,suggest
8,autistic
8,afab
8,people
8,experience
8,level
8,pain
8,significantly
8,affect
8,daily
8,life
8,report
8,evidence
8,rate
8,cognitive
8,pain
8,related
8,anxiety
8,autistic
8,afab
8,people
8,cognitive
8,pain
8,related
8,anxiety
8,associate
8,generalized
8,anxiety
8,increase
8,pain
8,correlation
8,subscale
8,pain
8,anxiety
8,symptoms
8,scale
8,pain
8,inventory
8,pain
8,anxiety
8,symptom
8,scale
8,subscale
8,pain
8,interference
8,subscale
8,total
8,cognitive
8,activity
8,mood
8,walk
8,ability
8,normal
8,relation
8,sleep
8,enjoyment
8,life
8,pain
8,report
8,transform
8,n552
8,interference
8,subscale
8,include
8,mood
8,walk
8,ability
8,enjoyment
8,life
8,finding
8,suggest
8,cognitive
8,painrelate
8,anxiety
8,symptom
8,distressing
8,type
8,pain
8,anxiety
8,impact
8,pain
8,quality
8,life
8,autistic
8,people
8,sample
8,report
8,pain
8,hour
8,directly
8,compare
8,autistic
8,nonautistic
8,samples
8,national
8,health
8,interview
8,survey
8,woman
8,report
8,pain
8,day
8,week
8,addition
8,level
8,pain
8,interference
8,report
8,study
8,subscale
8,range
8,comparable
8,report
8,level
8,chronic
8,pain
8,population
8,subscale
8,range
8,".26,43"
8,current
8,understanding
8,pain
8,experience
8,autistic
8,people
8,remain
8,complex
8,understudied
8,pain
8,autistic
8,individual
8,diverse
8,grow
8,evidence
8,incidence
8,pain
8,related
8,condition
8,life
8,autistic
8,child
8,chronic
8,pain
8,conditio
8,n.50
8,addition
8,autistic
8,people
8,experience
8,central
8,sensitization
8,syndrome
8,syndrome
8,reflect
8,increase
8,excitability
8,central
8,nervous
8,system
8,related
8,"pain.30,52"
8,result
8,experimental
8,study
8,pain
8,autistic
8,people
8,remain
8,mix
8,regard
8,pain
8,threshold
8,evidence
8,difference
8,autistic
8,"people.35,37"
8,robust
8,recent
8,experimental
8,study
8,report
8,pain
8,sensitivity
8,suprathreshold
8,"pain,16,19,25"
8,consistent
8,pain
8,relate
8,anxiety
8,majority
8,individual
8,report
8,pain
8,study
8,half
8,treatment
8,pain
8,treatament
8,report
8,effective
8,participant
8,finding
8,significant
8,pain
8,management
8,support
8,autistic
8,afab
8,people
8,exist
8,pain
8,interference
8,pain
8,inventory
8,total
8,escape
8,avoidance
8,fear
8,physiological
8,study
8,evidence
8,rate
8,pain
8,related
8,anxiety
8,people
8,sample
8,size
8,autistic
8,afab
8,people
8,level
8,pain
8,related
8,anxiety
8,potential
8,comparison
8,improve
8,inreport
8,total
8,similar
8,previous
8,terpretation
8,finding
8,include
8,autistic
8,people
8,assign
8,autistic
8,adult
8,comparable
8,slightly
8,male
8,birth
8,chronic
8,pain
8,population
8,nonautistic
8,popreport
8,chronic
8,pain
8,population
8,total
8,publish
8,ulation
8,data
8,collection
8,error
8,survey
8,nonclinical
8,pain
8,free
8,programming
8,collect
8,pass
8,scale
8,population
8,total
8,publish
8,survey
8,addition
8,record
8,information
8,study
8,inform
8,study
8,pain
8,anxiety
8,factor
8,co-occurr
8,chronic
8,pain
8,condition
8,sample
8,affect
8,experience
8,pain
8,autistic
8,afab
8,people
8,cognitive
8,finding
8,reflect
8,rate
8,chronic
8,pain
8,central
8,pain
8,related
8,anxiety
8,pain
8,anxiety
8,domain
8,endors
8,sensitization
8,condition
8,population
8,future
8,study
8,sample
8,gad
8,significantly
8,related
8,cognitive
8,examine
8,finding
8,autistic
8,afab
8,people
8,pain
8,related
8,anxiety
8,cognitive
8,escape
8,avoidance
8,pain
8,related
8,chronic
8,pain
8,condition
8,determine
8,effect
8,daily
8,acute
8,anxiety
8,strongly
8,associate
8,interference
8,pain
8,context
8,chronic
8,pain
8,future
8,research
8,participant
8,daily
8,life
8,weak
8,relationship
8,explore
8,factor
8,unique
8,autistic
8,people
8,facet
8,pain
8,anxiety
8,generalize
8,anxiety
8,observe
8,contribute
8,increase
8,pain
8,related
8,anxiety
8,include
8,interocepsample
8,suggest
8,construct
8,highly
8,distinguishable
8,tion
8,appraisal
8,pain
8,communication
8,pain
8,cognitive
8,symptom
8,pain
8,related
8,rumination
8,fixation
8,addition
8,note
8,autistic
8,people
8,pain
8,straight
8,pain
8,result
8,hard
8,time
8,answer
8,question
8,related
8,pain
8,interference
8,daily
8,life
8,cognitive
8,preoccupation
8,actively
8,pain.36
8,pain
8,finding
8,suggest
8,treatment
8,focus
8,assessing
8,trait
8,related
8,pain
8,pain
8,anxiety
8,study
8,cognitive
8,component
8,anxiety
8,potential
8,positive
8,compare
8,pain
8,related
8,anxiety
8,autistic
8,people
8,effect
8,pain
8,related
8,anxiety
8,pain
8,study
8,similar
8,level
8,pain
8,related
8,anxiety
8,score
8,interference
8,prior
8,research
8,cognitive
8,intervention
8,individual
8,pain
8,hour
8,focus
8,trait
8,anxiety
8,reduce
8,pain
8,improve
8,suggest
8,concern
8,validity
8,experience
8,pain
8,intensity
8,pain
8,interference
8,chronic
8,pain
8,response
8,warrant
8,populations
8,future
8,research
8,explore
8,role
8,cognitive
8,pain
8,related
8,anxiety
8,avoidance
8,pain
8,subsequent6
8,conclusion
8,maintenance
8,chronic
8,pain
8,autistic
8,afab
8,people
8,lack
8,empirical
8,data
8,investigate
8,impact
8,pain
8,cognitive
8,intervention
8,target
8,anxiety
8,test
8,autistic
8,afab
8,people
8,study
8,suggest
8,time
8,means
8,reduce
8,pain
8,related
8,anxiety
8,autistic
8,afab
8,afab
8,people
8,experience
8,rate
8,anxiety
8,population
8,study
8,finding
8,importance
8,addressing
8,pain
8,specific
8,intervention
8,pain
8,related
8,anxiety
8,mechanism
8,reduce
8,pain
8,level
8,individual
8,reduce
8,impact
8,pain
8,daily
8,life
8,promote
8,recovery
8,pain
8,management
8,finally
8,qualitative
8,interview
8,determine
8,pain
8,anxiety
8,symptom
8,scale
8,item
8,interpret
8,autistic
8,individual
8,specifically
8,disclosure
8,derstand
8,nature
8,pain
8,experience
8,sensory
8,physical
8,conflict
8,declare
8,relationship
8,generalize
8,anxiety
8,pain
8,anxiety
8,symptoms
8,scale
8,specifically
8,validate
8,autistic
8,adult
8,note
8,level
8,anxiety
8,acknowledgement
8,demonstrate
8,study
8,inflate
8,difference
8,research
8,support
8,national
8,institutes
8,aging
8,interpretation
8,scale
8,item
8,r21ag
8,award
8,support
8,m.d.f
8,finding
8,critical
8,address
8,pain
8,experience
8,national
8,institute
8,neurological
8,disorders
8,stroke
8,autistic
8,woman
8,study
8,demonstrate
8,level
8,r01ns133354
8,award
8,support
8,m.d.
8,anxiety
8,tend
8,pain
8,functionally
8,worse
8,data
8,availability
8,statement
8,data
8,support
8,finding
8,chronic
8,pain.13
8,anxiety
8,specifically
8,pain
8,related
8,anxiety
8,study
8,request
8,change
8,treatment
8,seek
8,behavior
8,avoid
8,pain
8,data
8,publicly
8,inclusion
8,information
8,study
8,support
8,autistic
8,adult
8,compromise
8,privacy
8,research
8,participant
8,barrier
8,exist
8,autistic
8,adult
8,seek
8,health
8,care
8,include
8,knowledge
8,health
8,care
8,history
8,provider
8,autism
8,sensory
8,difficulty
8,health
8,care
8,receive
8,environment
8,bright
8,light
8,loud
8,noise
8,deviation
8,receive
8,revise
8,"routines.15,42"
8,anxiety
8,pain
8,add
8,barrier
8,accept
8,affect
8,rate
8,preventative
8,care
8,utilization
8,autistic
8,adults.22
8,october2025
8,autistic
8,adult
8,suffer
8,chronic
8,illness
8,examine
8,context
8,heart
8,disease
8,dementia
8,pain
8,sign
8,illness
9,journal
9,reproductive
9,infant
9,psychology
9,issn
9,print
9,journal
9,homepage
9,interpersonal
9,experience
9,autistic
9,woman
9,birth
9,people
9,perinatal
9,period
9,systematic
9,review
9,autistic
9,space
9,framework
9,lucy
9,smith
9,jennifer
9,kirton
9,helen
9,west
9,leanne
9,jackson
9,katie
9,herron
9,mary
9,gemma
9,cherry
9,cite
9,lucy
9,smith
9,jennifer
9,kirton
9,helen
9,west
9,leanne
9,jackson
9,katie
9,herron
9,mary
9,gemma
9,cherry
9,interpersonal
9,experience
9,autistic
9,woman
9,birth
9,people
9,perinatal
9,period
9,systematic
9,review
9,autistic
9,space
9,framework
9,journal
9,reproductive
9,infant
9,psychology
9,link
9,publish
9,informa
9,publish
9,jul2025
9,limited
9,trade
9,taylor
9,francis
9,views
9,submit
9,journal
9,view
9,related
9,view
9,crossmark
9,dato
9,cite
9,view
9,cite
9,term
9,condition
9,https://www.tandfonline.com/action/journalinformation?journalcode=cjri20
9,journal
9,reproductive
9,infa
9,psychology
9,no.
9,interpersonal
9,experience
9,autistic
9,woman
9,birth
9,people
9,perinatal
9,period
9,systematic
9,review
9,autistic
9,space
9,framework
9,care
9,lucy
9,smith
9,jennifer
9,kirton
9,helen
9,west
9,leanne
9,jackson
9,katie
9,herron
9,mary
9,gemma
9,cherry
9,primary
9,care
9,mental
9,health
9,university
9,liverpool
9,liverpool
9,benefit
9,psychology
9,university
9,liverpool
9,liverpool
9,walton
9,centre
9,nhs
9,foundation
9,trust
9,lower
9,lane
9,liverpool
9,abstract
9,history
9,aims
9,background
9,autistic
9,woman
9,birth
9,people
9,encounter
9,accept
9,challenge
9,typically
9,experience
9,perinatal
9,iod
9,non-perinatal
9,healthcare
9,setting
9,autistic
9,people
9,feel
9,keywords
9,understand
9,support
9,healthcare
9,professional
9,autism
9,perinatal
9,systematic
9,autistic
9,people
9,experience
9,maternity
9,perinatal
9,review
9,healthcare
9,healthcare
9,service
9,systematic
9,review
9,synthesise
9,study
9,experience
9,communication
9,explore
9,autistic
9,woman
9,birth
9,people
9,interpersonal
9,experi
9,ence
9,engage
9,perinatal
9,healthcare
9,service
9,autistic
9,space
9,framework
9,guide
9,interpretation
9,design
9,method
9,search
9,medline
9,cinahl
9,embase
9,psycinfo
9,scopus
9,web
9,science
9,supplement
9,hand
9,search
9,study
9,include
9,include
9,qualitative
9,data
9,peer-reviewed
9,publication
9,relate
9,autistic
9,woman
9,birth
9,people
9,experience
9,perinatal
9,healthcare
9,study
9,assess
9,critical
9,appraisal
9,skills
9,programme
9,casp
9,qualitative
9,checklist
9,data
9,extract
9,synthesise
9,thematic
9,synthesis
9,confidence
9,findings
9,assess
9,grade
9,cer
9,qual
9,framework
9,result
9,quality
9,study
9,participant
9,include
9,over-arching
9,theme
9,identify
9,con
9,fidence
9,map
9,space
9,framework
9,feel
9,overstimulated
9,build
9,rapport
9,healthcare
9,profe
9,sional
9,factual
9,information
9,judge
9,poor
9,understanding
9,autism
9,autism
9,tailor
9,communication
9,feel
9,uncared
9,conclusion
9,autistic
9,woman
9,birth
9,people
9,-understand
9,support
9,perinatal
9,maternity
9,service
9,negatively
9,effect
9,experience
9,care
9,autism
9,nuanced
9,training
9,include
9,education
9,sensory
9,munication
9,difference
9,contact
9,mary
9,gemma
9,cherry
9,gcherry@liverpool.ac.uk
9,primary
9,care
9,mental
9,health
9,university
9,liverpool
9,liverpool
9,l697za
9,publish
9,informa
9,limited
9,trade
9,taylor
9,francis
9,this2025
9,distribute
9,term
9,creative
9,commons
9,attribution
9,license
9,license
9,permit
9,unrestricted
9,distribution
9,reproduction
9,medium
9,provide
9,properly
9,cite
9,term
9,publish
9,posting
9,accepted
9,manuscript
9,repository
9,consent
9,journal
9,reproductive
9,infa
9,psychology5
9,report
9,disparity
9,autistic
9,people
9,healthcare
9,result
9,autistic
9,people
9,experience
9,unmet
9,healthcare
9,recent
9,study
9,autistic
9,people
9,compare
9,non-autistic
9,adult
9,difficulty
9,visit
9,practitioner
9,doherty
9,autistic
9,people
9,live
9,untreated
9,physical
9,mental
9,health
9,difficulty
9,attend
9,specialist
9,referral
9,appoint
9,ment
9,treatment
9,life
9,threaten
9,condition
9,healthcare
9,disparity
9,doherty
9,poor
9,patient
9,-provider
9,communication
9,healthcare
9,professional
9,hcps
9,language
9,tone
9,insufficient
9,time
9,processing
9,respond
9,consultation
9,tint
9,weiss
9,consistently
9,identify
9,barriers
9,equitable
9,care
9,doherty
9,al.
9,nicolaidis
9,autistic
9,people
9,report
9,feel
9,misunderstood
9,hcps
9,negatively
9,impact
9,patient
9,provider
9,relationship
9,create
9,barriers
9,care
9,perinatal
9,period
9,conception
9,postpartum
9,rapid
9,physical
9,hormonal
9,psychological
9,adjustment
9,associate
9,increase
9,physical
9,mental
9,health
9,risk
9,cantwell
9,smith
9,howard
9,khalifeh
9,perinatal
9,adapta
9,tion
9,influence
9,health
9,trajectory
9,birthing
9,parent
9,develop
9,neonate
9,saxbe
9,autistic
9,woman
9,birthing
9,people
9,wbp
9,barriers
9,adjustment
9,non-autistic
9,people
9,sensory
9,social
9,emotional
9,difference
9,ferrara
9,autism
9,neurodevelopmental
9,condition
9,characterise
9,ence
9,social
9,communication
9,interaction
9,sensory
9,processing
9,focus
9,restrict
9,repetitive
9,behaviour
9,pattern
9,national
9,institute
9,health
9,care
9,excellence
9,sensory
9,difference
9,challenge
9,autistic
9,wbp
9,ferrara
9,hypersensitivity
9,negatively
9,influence
9,emotional
9,wellbeing
9,physical
9,examination
9,pregnancy
9,birth
9,experience
9,breastfeeding
9,ferrara
9,gardner
9,grant
9,rogers
9,conversely
9,hyposensitivity
9,variability
9,interoception
9,reduce
9,awareness
9,potential
9,pregnancy
9,complication
9,ferrara
9,autistic
9,wbp
9,experience
9,pre-term
9,birth
9,suffer
9,pre-eclampsia
9,non-autistic
9,people
9,al.
9,difficulty
9,communicate
9,hcps
9,identify
9,contributor
9,childbirth
9,disparity
9,compare
9,non-autistic
9,wbp
9,autistic
9,wbp
9,experience
9,perinatal
9,depression
9,parenthood
9,isolating
9,feel
9,judged
9,unable
9,cope
9,support
9,hcps
9,lack
9,knowledge
9,understanding
9,autism
9,hcps
9,limit
9,opportunity
9,hcps
9,receive
9,autism
9,-specific
9,training
9,underpin
9,healthcare
9,disparity
9,autistic
9,people
9,target
9,improvement
9,department
9,health
9,autistic
9,space
9,framework
9,develop
9,guide
9,hcps
9,car
9,autistic
9,people
9,promote
9,equitable
9,healthcare
9,doherty
9,space
9,framework
9,identify
9,core
9,autistic
9,sensory
9,predictability
9,acceptance
9,communication
9,empathy
9,additional
9,domain
9,physical
9,space
9,processe
9,space
9,emotional
9,space
9,recommend
9,hcp
9,accommo
9,dation
9,table
9,government
9,committ
9,improve
9,understanding
9,acceptance
9,aut
9,ism
9,society
9,tackle
9,health
9,care
9,inequality
9,autistic
9,people
9,government
9,grow
9,evidence
9,suggest
9,autistic
9,adult
9,benefit
9,additional
9,support
9,transition
9,period
9,mcdonnell
9,delucia
9,clinical
9,guidance
9,support
9,autistic
9,wbp
9,perinatally
9,smith
9,autistic
9,space
9,framework
9,doherty
9,autistic
9,space
9,principle
9,description
9,sensory
9,autistic
9,people
9,sensory
9,difference
9,include
9,sight
9,sound
9,smell
9,taste
9,touch
9,temperature
9,proprioception
9,interception
9,pain
9,influence
9,experience
9,communicate
9,hcps
9,procedure
9,healthcare
9,environment
9,predictability
9,autistic
9,people
9,experience
9,heighten
9,anxiety
9,regard
9,change
9,unfamiliarity
9,provide
9,information
9,environment
9,consultation
9,staff
9,reduce
9,anxiety
9,autistic
9,characteristic
9,understand
9,accept
9,accommodate
9,adaptation
9,practice
9,communication
9,autistic
9,people
9,communicate
9,unambiguous
9,language
9,additional
9,consideration
9,pain
9,expression
9,empathy
9,autistic
9,people
9,experience
9,express
9,empathy
9,non-autistic
9,people
9,struggle
9,empathise
9,healthcare
9,professional
9,directly
9,autistic
9,people
9,interpretation
9,event
9,seek
9,understand
9,perspective
9,eligibility
9,criterion
9,spider
9,framework
9,spider
9,inclusion
9,criteria
9,exclusion
9,criteria
9,sample
9,adult
9,autistic
9,wbp
9,formal
9,study
9,themes
9,autistic
9,people
9,diagnosis
9,autism
9,population
9,combine
9,data
9,autistic
9,wbp
9,extract
9,study
9,report
9,experience
9,autistic
9,wbp
9,learn
9,disability
9,study
9,capture
9,experience
9,autistic
9,wbp
9,focus
9,autistic
9,child
9,phenomenon
9,report
9,interpersonal
9,experience
9,experience
9,healthcare
9,perinatal
9,healthcare
9,disincline
9,service
9,period
9,experience
9,perinatal
9,period
9,perinatal
9,period
9,include
9,limit
9,relate
9,engage
9,hcps.
9,midwifery
9,obstetrics
9,health
9,visit
9,sonography
9,perinatal
9,mental
9,health
9,service
9,design
9,qualitative
9,mix
9,methods
9,design
9,quantitative
9,study
9,mix
9,methods
9,study
9,provide
9,qualitative
9,data
9,regard
9,experience
9,adult
9,autistic
9,wbp
9,phenomena
9,extract
9,separate
9,experience
9,evaluation
9,qualitive
9,study
9,report
9,data
9,wbps
9,interpersonal
9,experience
9,hcps
9,perinatal
9,period
9,gather
9,limit
9,interview
9,mix
9,methods
9,survey
9,focus
9,study
9,ethnography
9,research
9,peer-review
9,study
9,text
9,grey
9,literature
9,type
9,study
9,conduct
9,publish
9,study
9,abstract
9,format
9,study
9,conduct
9,publish
9,prior
9,study
9,write
9,english
9,study
9,write
9,english
9,change
9,diagnostic
9,criterion
9,create
9,shift
9,frequency
9,profile
9,people
9,diagnose
9,autism
9,autism
9,recognise
9,spectrum
9,neurodevelopment
9,difference
9,singular
9,pathology
9,american
9,psychiatric
9,association
9,decision
9,include
9,study
9,publish
9,onward
9,attempt
9,maintain
9,homogeneity
9,participant
9,samples
9,broader
9,research
9,autistic
9,people
9,experience
9,healthcare
9,consistently
9,poor
9,provider
9,communication
9,interpersonal
9,exchange
9,patient
9,hcp
9,factor
9,underpinning
9,healthcare
9,inequality
9,popula
9,tion
9,doherty
9,al.
9,nicolaidis
9,depth
9,analysis
9,autistic
9,wbp
9,experience
9,interaction
9,hcps
9,perinatal
9,period
9,conduct
9,synthesis
9,qualitative
9,literature
9,multiple
9,implication
9,relation
9,understand
9,autistic
9,wbps
9,journal
9,reproductive
9,infant
9,psychology
9,experience
9,maternity
9,perinatal
9,healthcare
9,service
9,communican
9,tion
9,meet
9,review
9,aim
9,address
9,synthesising
9,exist
9,qualitative
9,literature
9,autistic
9,wbp
9,interpersonal
9,experience
9,hcps
9,perinatally
9,core
9,autistic
9,space
9,framework
9,guide
9,interpreof
9,tion
9,objective
9,understand
9,extent
9,wbp
9,space
9,meet
9,interaction
9,hcps
9,perinatally
9,propose
9,recommendation
9,improve
9,hcps
9,interaction
9,autistic
9,wbp
9,perinatally
9,method
9,report
9,follow
9,preferred
9,reporting
9,systematic
9,review
9,meta-analysis
9,prisma
9,guideline
9,associate
9,checklist
9,page
9,al.
9,protocol
9,regis
9,ter
9,international
9,prospective
9,register
9,systematic
9,review
9,prospero
9,crd42023473446
9,prior
9,commence
9,searching
9,eligibility
9,criterion
9,eligibility
9,criterion
9,develop
9,spider
9,framework
9,sample
9,phenomenonon
9,design
9,evaluation
9,research
9,type
9,cooke
9,table
9,geogra
9,phical
9,restriction
9,include
9,study
9,search
9,strategy
9,electronic
9,database
9,medline
9,cinahl
9,embase
9,psycinfo
9,scopus
9,web
9,science
9,search
9,relevant
9,literature
9,december2023
9,database
9,choose
9,span
9,range
9,relevant
9,discipline
9,maximise
9,retrieval
9,relevant
9,qualitative
9,evidence
9,search
9,term
9,include
9,autis
9,autism
9,spectrum
9,neurodiv
9,asperger
9,asd
9,asc
9,neurodevelopmental
9,parenthood
9,motherhood
9,pregnancy
9,birth
9,child
9,birth
9,perinatal
9,postnatal
9,postpartum
9,breastfeeding
9,infant
9,feeding
9,woman
9,maternal
9,mother
9,female
9,birthing
9,parent
9,experie
9,qualitative
9,story
9,report
9,account
9,views
9,interview
9,phenomenology
9,discourse
9,thematic
9,analysis
9,narrative
9,perspective
9,quality
9,life
9,autobiographical
9,biographical
9,life
9,filter
9,apply
9,english
9,language
9,journal
9,date
9,publish
9,date
9,search
9,database
9,search
9,supplement
9,hand
9,search
9,reference
9,list
9,include
9,papers
9,relevant
9,systematic
9,review
9,check
9,publication
9,relevant
9,researchers
9,field
9,study
9,screening
9,remove
9,duplicate
9,title
9,abstract
9,screen
9,eligibility
9,criterion
9,independently
9,screen
9,independently
9,screen
9,fulltext
9,papers
9,determine
9,eligibility
9,discrepancy
9,resolve
9,discussion
9,smith
9,data
9,extraction
9,relevant
9,data
9,include
9,study
9,characteristic
9,participant
9,characteristic
9,analytical
9,data
9,extract
9,pre-defined
9,table
9,microsoft
9,word
9,data
9,include
9,participant
9,quotation
9,interpretation
9,recom
9,mendation
9,extracte
9,import
9,nvivo
9,software
9,lumivero
9,data
9,synthesis
9,data
9,analyse
9,thematic
9,synthesis
9,thomas
9,harden
9,data-driven
9,framework
9,driven
9,method
9,code
9,form
9,theme
9,space
9,framework
9,guiding
9,interpretation
9,thomas
9,harden
9,stage
9,thematic
9,synthesis
9,follow
9,primary
9,researcher
9,code
9,extract
9,data
9,form
9,initial
9,descriptive
9,theme
9,sub-theme
9,base
9,meaning
9,content
9,source
9,papers
9,space
9,domain
9,section
9,coded
9,data
9,review
9,research
9,team
9,feed
9,consistency
9,inter
9,pretation
9,accuracy
9,undergo
9,cyclical
9,process
9,review
9,descriptive
9,theme
9,transform
9,analytical
9,theme
9,space
9,domain
9,thomas
9,harden
9,involve
9,content
9,study
9,inferring
9,meaning
9,interpretation
9,descriptive
9,theme
9,answer
9,review
9,question
9,cyclical
9,process
9,sha
9,research
9,team
9,interpretation
9,discussion
9,guide
9,development
9,final
9,analytical
9,theme
9,study
9,assess
9,quality
9,critical
9,appraisal
9,skills
9,programme
9,casp
9,qualitative
9,checklist
9,casp
9,grading
9,recommendations
9,assessment
9,development
9,evaluation
9,confidence
9,evidence
9,review
9,qualitative
9,research
9,grade
9,cerqual
9,approach
9,assess
9,confidence
9,theme
9,support
9,usability
9,finding
9,lewin
9,al.
9,result
9,study
9,selection
9,search
9,yield
9,result
9,result
9,unique
9,reference
9,duplicate
9,remove
9,application
9,eligibility
9,criterion
9,result
9,inclusion
9,study
9,report
9,data
9,unique
9,participant
9,sample
9,figure
9,publish
9,recruite
9,participant
9,australia
9,sample
9,size
9,range
9,study
9,include
9,autistic
9,wbp
9,postnatal
9,include
9,autistic
9,wbp
9,trimester
9,pregnancy
9,include
9,autistic
9,wbp
9,pregnant
9,postnatal
9,include
9,time
9,wbp
9,wbp
9,multiple
9,child
9,gardner
9,al.
9,hampton
9,al.
9,hampton
9,talcer
9,al.
9,wilson
9,andrassy
9,remainder
9,child
9,study
9,include
9,wbp
9,formal
9,autism
9,diagnosis
9,rogers
9,talcer
9,al.
9,wilson
9,andrassy
9,include
9,wbp
9,identify
9,autistic
9,donovan
9,hampton
9,hampton
9,lewis
9,include
9,wbp
9,formal
9,diagnosis
9,autism
9,gardner
9,al.
9,grant
9,al.
9,study
9,exclusively
9,recruit
9,autistic
9,wbp
9,journal
9,reproductive
9,infa
9,psychology9
9,record
9,identify
9,database
9,medline
9,identification
9,cinahl
9,=1003
9,duplicate
9,record
9,remove
9,embase
9,=3203
9,=6637
9,psycinfo
9,=1729
9,scopus
9,web
9,science
9,=2379
9,total
9,=11069
9,record
9,screen
9,record
9,exclude
9,=4432
9,=4417
9,report
9,seek
9,retrieval
9,report
9,retrieve
9,=15
9,screening
9,report
9,exclude
9,report
9,assess
9,eligibility
9,text
9,include
9,autistic
9,wbp
9,interpersonal
9,=15
9,experience
9,relation
9,hcps
9,data
9,autistic
9,wbp
9,extract
9,participant
9,study
9,include
9,synthesis
9,include
9,study
9,unique
9,participant
9,samples
9,diagram
9,study
9,primary
9,aim
9,concerned
9,autistic
9,wbp
9,experience
9,healthcare
9,perinatally
9,hampton
9,hampton
9,remaining
9,focus
9,autistic
9,wbp
9,broader
9,perinatal
9,experience
9,grant
9,al.
9,pregnancy
9,hampton
9,sensory
9,experience
9,perinatally
9,talcer
9,birth
9,postpartum
9,experience
9,donovan
9,gardener
9,tlewis
9,breastfeed
9,experience
9,wilson
9,andrassy
9,display
9,study
9,participant
9,characteristic
9,table5
9,display
9,result
9,quality
9,assessment
9,grade
9,cerqual
9,assessment
9,confidence
9,finding
9,thematic
9,synthesis
9,overarching
9,theme
9,identify
9,feel
9,-stimulated
9,build
9,rapport
9,hcps
9,factual
9,information
9,feel
9,judge
9,poor
9,smith
9,autistic
9,experience
9,autistic
9,woman
9,perinatal
9,woman
9,woman
9,birth
9,people
9,maternity
9,experience
9,set
9,breastfeed
9,healthcare
9,autistic
9,support
9,pregnancy
9,childbirth
9,pregnancy
9,woman
9,autistic
9,healthcare
9,childbirth
9,autistic
9,transition
9,autistic
9,experience
9,experience
9,care
9,stories
9,aim
9,autistic
9,sensory
9,childbirth
9,mother
9,include
9,postpartum
9,acute
9,woman
9,study
9,care
9,issue
9,autistic
9,birth
9,motherhood
9,experience
9,understand
9,experience
9,experience
9,experience
9,impact
9,experience
9,bhspmh
9,autistic
9,postnatal
9,describe
9,describe
9,explore
9,explore
9,explore
9,explore
9,identify
9,explore
9,service
9,explore
9,woman
9,woman
9,barrier
9,woman
9,autistic
9,period
9,period
9,sense
9,fund
9,multiple1
9,multiple1
9,multiple
9,n/s
9,n/s
9,n/s
9,n/s
9,n/s
9,involvement
9,community
9,autistic
9,n/s
9,n/s
9,n/s
9,n/s
9,n/s
9,semisemi
9,semi
9,email
9,semi
9,semimethod
9,design
9,structure
9,interview
9,structure
9,interview
9,structure
9,interview
9,interview
9,structure
9,interview
9,structure
9,structure
9,interview
9,structure
9,interview
9,semiinterview
9,qualitative
9,qualitative
9,qualitative
9,qualitative
9,qualitative
9,qualitative
9,qualitative
9,qualitative
9,qualitative
9,write
9,mix
9,methodology
9,data
9,interpretive
9,description
9,qualitative
9,thematic
9,thematic
9,thematic
9,qualitative
9,analysis
9,analysis
9,analysis
9,analysis
9,secondary
9,analysis
9,exist
9,analysis
9,analysis
9,analysis
9,analysis
9,inductive
9,inductive
9,inductive
9,thematic
9,thematic
9,thematic
9,thematic
9,narrative
9,america.
9,birth
9,non-autistic
9,breastf
9,2-3
9,woman
9,birth
9,ireland
9,ireland
9,autistic
9,caseload
9,united
9,population
9,setting
9,autistic
9,birth
9,birth
9,patient
9,woman
9,woman
9,woman
9,woman
9,female
9,woman
9,woman
9,woman
9,bhspmhs
9,care
9,adult
9,ago
9,infant
9,autistic
9,autistic
9,autistic
9,autistic
9,autistic
9,autistic
9,autistic
9,autistic
9,australia
9,study
9,kingdom
9,acute
9,recently
9,recently
9,woman
9,pregnant
9,birth
9,adult
9,adult
9,adult
9,adult
9,adult
9,adult
9,adult
9,adult
9,united
9,recruitment
9,hospital
9,hospital
9,mental
9,service
9,perinatal
9,health
9,characteristic
9,country
9,australia
9,study
9,hampton
9,hampton
9,donovan
9,gardner
9,rogers
9,wilson
9,talcer
9,table
9,grant
9,lewis
9,pentz
9,n/s
9,journal
9,reproductive
9,infa
9,psychology
9,continue
9,co-occurring
9,disability
9,condition
9,unknow
9,addition
9,disability
9,n/s
9,n/s
9,measures
9,diagnosis
9,self-diagnosis
9,self-diagnosis
9,formal
9,birth
9,undergoing
9,selfdiagnosis
9,diagnosis
9,birth
9,autism
9,formal
9,formal
9,:35
9,relationship:1
9,relationship
9,support
9,married
9,separate
9,divorce
9,marry
9,single
9,feeding
9,feed
9,feeding
9,feed
9,method
9,formula5
9,formula
9,feed
9,infant
9,breast
9,breast
9,n/s
9,caesarean
9,delivery
9,method
9,vaginal:17
9,n/s
9,n/s
9,child
9,pregnancy
9,child
9,include
9,child
9,had7
9,n/s1
9,british
9,multi-racial
9,unknown
9,unknown
9,multiple
9,white
9,mix
9,asian
9,white
9,female
9,non-binary
9,female
9,unknown
9,female
9,gender
9,sexith
9,characteristics.14
9,range
9,age
9,n/s39
9,participant
9,n193248
9,donovan
9,gardner
9,table
9,grant
9,smith
9,continue
9,co-occurr
9,depression
9,depression
9,condition
9,depression
9,depression
9,anxiety
9,anxiety
9,anxiety
9,anxiety
9,ocd
9,none:7
9,ocd
9,n/s
9,measures
9,autistic
9,autistic
9,autistic
9,baron
9,baron
9,cohen
9,cohan
9,al.
9,al.
9,diagnosis
9,selfdiagnosis
9,diagnosis
9,diagnosis
9,autism
9,relationship
9,relationship
9,support
9,single
9,n/s
9,feeding
9,method
9,infant
9,n/s
9,n/s
9,n/s
9,caesarian
9,pregnant
9,delivery
9,vaginal
9,assisted
9,method
9,vaginal
9,n/s
9,child
9,pregnancy
9,child
9,include
9,children3
9,child
9,n/s
9,n/s
9,unspecifi
9,white
9,white
9,white
9,:142
9,non-white
9,ethnicity
9,female
9,female
9,female
9,gender
9,sex
9,range
9,age
9,continue
9,n2416
9,hampton
9,table
9,lewis
9,journal
9,reproductive
9,infant
9,psychology
9,mental
9,diagnosis
9,service
9,co-occurring
9,depression
9,mental
9,conditions
9,dyspraxia
9,migrane
9,unknown
9,specialist
9,ibs
9,perinatal
9,dyslexia
9,warrant
9,illness
9,health
9,anxiety
9,ocd
9,severe
9,n/s
9,n/s
9,n/s
9,measures
9,diagnosis
9,n/s
9,diagnosis
9,diagnosis
9,await
9,assessment
9,diagnosis
9,autism
9,formal
9,formal
9,formal
9,formal
9,marry
9,support
9,married:17
9,marry
9,n/s
9,n/s
9,feed
9,combination
9,breastf
9,method
9,infant
9,feed
9,n/s
9,n/s
9,n/s
9,delivery
9,method
9,n/s
9,n/s
9,n/s
9,n/s
9,child
9,pregnancy
9,child
9,include
9,child
9,child
9,child
9,child
9,n/s
9,n/s1
9,non-white
9,unknown
9,ethnicity
9,white
9,size
9,n/s
9,n/s6
9,white
9,sample
9,gender
9,study
9,range
9,age
9,n/s
9,n/s
9,continue
9,n23517
9,rogers
9,wilson
9,talcer
9,table
9,pentz
9,n/s
9,smith
9,understanding
9,autism
9,autism
9,tailor
9,communication
9,feel
9,uncared
9,theme
9,illustrative
9,verbatim
9,quote
9,include
9,signify
9,omit
9,text
9,grade
9,cerqual
9,theme
9,rate
9,confidence
9,table
9,sensory
9,feel
9,overstimulate
9,autistic
9,wbp
9,feel
9,hcps
9,understand
9,sensory
9,respond
9,request
9,sensory
9,adaptation
9,talcer
9,sensory
9,overstimulation
9,lead
9,increase
9,anxiety
9,difficulty
9,communicate
9,hcps
9,hampton
9,lewis
9,complete
9,sensory
9,overload
9,situation
9,noise
9,lights
9,pressure
9,nonverbal
9,stress
9,overwhelm
9,speak
9,pain
9,tlewis
9,study
9,report
9,autistic
9,wbp
9,feeling
9,overstimulate
9,response
9,touch
9,hcps
9,maternity
9,setting
9,grant
9,al.
9,lewis
9,rogers
9,talcer
9,wilson
9,andrassy
9,study
9,wbp
9,experience
9,touch
9,uncomfortable
9,labour
9,cop
9,sensation
9,birthing
9,cope
9,people
9,touch
9,shape
9,form
9,difficult
9,midwive
9,examination
9,cervix
9,dilated
9,stop
9,screaming
9,jump
9,bed
9,autistic
9,wbp
9,share
9,similar
9,response
9,hcp
9,physical
9,touch
9,infant
9,feeding
9,grant
9,wilson
9,andrassy
9,midwive
9,physically
9,grab
9,breast
9,latch
9,feel
9,uncom
9,touch
9,feel
9,confident
9,stop
9,wilson
9,andrassy
9,study
9,report
9,wbp
9,hcps
9,gain
9,consent
9,touch
9,accommodation
9,sensory
9,environment
9,limit
9,people
9,dimm
9,light
9,wbp
9,apply
9,monitor
9,municat
9,wbp
9,eye
9,close
9,lewis
9,al.
9,predictability
9,build
9,rapport
9,autistic
9,wbp
9,prefer
9,approach
9,continuity
9,care
9,navigat
9,unfamiliarity
9,maternity
9,service
9,grant
9,hampton
9,hampton
9,rogers
9,talcer
9,wilson
9,andrassy
9,helpful
9,person
9,feel
9,comfortable
9,person
9,importantly
9,presence
9,patient-professional
9,rapport
9,wbp
9,reduce
9,feeling
9,anxiety
9,create
9,sense
9,safety
9,wilson
9,andrassy
9,journal
9,reproductive
9,infa
9,psychology
9,assessment
9,rankings
9,include
9,study
9,donovan
9,gardner
9,grant
9,hampton
9,hampton
9,lewis
9,pentz
9,rogers
9,talcer
9,wilson
9,andrassy
9,statement
9,aim
9,research
9,qualitative
9,methodology
9,research
9,design
9,address
9,aim
9,research
9,recruitment
9,strategy
9,aim
9,research
9,data
9,collect
9,address
9,research
9,issue
9,relationship
9,research
9,participant
9,adequately
9,ethical
9,issue
9,considera
9,tion
9,data
9,analysis
9,sufficiently
9,rigorous
9,statement
9,finding
9,parachute
9,check
9,regularly
9,reassure
9,pick
9,tip
9,predictability
9,factual
9,information
9,autistic
9,wbp
9,inform
9,hcps
9,advance
9,expect
9,appointment
9,consultation
9,structure
9,write
9,week
9,person
9,talk
9,outcome
9,autistic
9,wbp
9,description
9,physical
9,sensation
9,expect
9,birth
9,breastfeeding
9,grant
9,aware
9,sensory
9,issue
9,plenty
9,honest
9,advice
9,sugar
9,coate
9,hurt
9,honest
9,expect
9,grant
9,preference
9,detailed
9,birth
9,plan
9,carefully
9,hcps
9,reflecte
9,study
9,donovan
9,hampton
9,lewis
9,addition
9,standard
9,birth
9,plan
9,study
9,note
9,oriente
9,birthing
9,environment
9,advance
9,hcps
9,helpful
9,retrospect
9,ward
9,sort
9,huge
9,difference
9,anticipate
9,sound
9,smell
9,acceptance
9,feel
9,judge
9,autistic
9,wbp
9,feel
9,judge
9,hcps
9,ability
9,parent
9,result
9,wbp
9,choose
9,disclose
9,autism
9,diagnosis
9,feel
9,pressure
9,perform
9,neurotypical
9,standard
9,parenting
9,avoid
9,label
9,incompetent
9,study
9,report
9,wbps
9,experience
9,autistic
9,trait
9,mis-identify
9,mental
9,health
9,difficulty
9,risk
9,infant
9,grant
9,al.
9,hampton
9,smith
9,grade
9,review
9,confidence
9,study
9,participant
9,judge
9,hcps
9,confidence
9,ability
9,parent
9,neurotypical
9,standard
9,parenting
9,wbp
9,feel
9,disclose
9,autism
9,diagnosis
9,acceptance
9,understanding
9,study
9,participant
9,feel
9,hcps
9,understand
9,confidence
9,autism
9,identity
9,overlook
9,dismisse
9,recommend
9,staff
9,receive
9,autism
9,training
9,communication
9,autism
9,study
9,autistic
9,wbp
9,express
9,autism
9,confidence
9,tailor
9,communication
9,hcps
9,cent
9,individual
9,sensory
9,communication
9,communication
9,study
9,autistic
9,wbp
9,mask
9,confidence
9,struggle
9,emotionally
9,perinatal
9,period
9,outward
9,expression
9,pain
9,support
9,pain
9,relief
9,recognise
9,finding
9,explanation
9,grade
9,-cerqual
9,assessment
9,reference
9,methodological
9,limitation
9,gardner
9,grant
9,minor
9,concern
9,study
9,hampton
9,report
9,researcher
9,rogers
9,talcer
9,reflexivity
9,recruitment
9,wilson
9,analysis
9,andrassy
9,process
9,coherence
9,minor
9,concern
9,adequacy
9,minor
9,concern
9,study
9,samples
9,relevance
9,minor
9,concern
9,study
9,conduct
9,multiple
9,country
9,methodological
9,limitation
9,donovan
9,gardner
9,minor
9,concern
9,study
9,grant
9,report
9,researcher
9,hampton
9,reflexivity
9,recruitment
9,hampton
9,lewis
9,strategy
9,data
9,analysis
9,pentz
9,process
9,ethical
9,rogers
9,al.
9,consideration
9,coherence
9,talcer
9,al.
9,wilson
9,minor
9,concern
9,andrassy
9,adequacy
9,minor
9,concern
9,relevance
9,minor
9,concern
9,study
9,conduct
9,multiple
9,country
9,tailored
9,communication
9,methodological
9,limitation
9,donovan
9,gardner
9,minor
9,concern
9,study
9,grant
9,report
9,researcher
9,hampton
9,reflexivity
9,participant
9,hampton
9,lewis
9,recruitment
9,data
9,pentz
9,analysis
9,process
9,rogers
9,al.
9,ethical
9,consideration
9,talcer
9,al.
9,wilson
9,coherence
9,minor
9,andrassy
9,concern
9,adequcy
9,minor
9,concern
9,relevance
9,minor
9,concern
9,study
9,conduct
9,multiple
9,country
9,setting
9,methodological
9,limitation
9,donovan
9,gardner
9,minor
9,concern
9,study
9,grant
9,report
9,researcher
9,hampton
9,reflexivity
9,participant
9,hampton
9,lewis
9,recruitment
9,ethical
9,rogers
9,consideration
9,coherence
9,talcer
9,al.
9,minor
9,concern
9,wilson
9,andrassy
9,adequacy
9,minor
9,concern
9,relevance
9,minor
9,concern
9,study
9,conduct
9,australia
9,continue
9,continue
9,assessment
9,summarise
9,review
9,finding
9,confidence
9,empathy
9,feeling
9,uncared
9,study
9,autistic
9,wbp
9,feel
9,uncared
9,hcps
9,feel
9,disrespected
9,listen
9,predictability
9,factual
9,in9
9,study
9,autistic
9,wbp
9,factual
9,confidence
9,write
9,verbal
9,information
9,prior
9,appointment
9,enable
9,plan
9,cope
9,ahead
9,predictability
9,build
9,study
9,autistic
9,wbp
9,prefer
9,confidence
9,approach
9,continuity
9,care
9,navigat
9,maternity
9,service
9,wbp
9,build
9,rapport
9,hcps
9,uncertain
9,slightly
9,predictable
9,sensory
9,feel
9,stimulate
9,in8
9,study
9,autistic
9,wbp
9,experience
9,sensory
9,confidence
9,overstimulation
9,engage
9,hcp
9,light
9,smell
9,noise
9,hospital
9,environment
9,feel
9,touch
9,sensory
9,overstimulate
9,unable
9,communicate
9,hcps
9,couple
9,daughter
9,possibility
9,hampton
9,journal
9,reproductive
9,infant
9,psychology
9,explanation
9,grade
9,cerqual
9,assessment
9,reference
9,methodological
9,limitation
9,donovan
9,gardner
9,minor
9,concern
9,study
9,grant
9,report
9,researcher
9,hampton
9,lewis
9,reflexivity
9,participant
9,rogers
9,recruitment
9,data
9,analysis
9,process
9,coherence
9,minor
9,concern
9,adequacy
9,minor
9,concern
9,study
9,contribute
9,sample
9,size
9,relevance
9,minor
9,concern
9,study
9,conduct
9,multiple
9,country
9,information
9,methodological
9,limitation
9,donovan
9,grant
9,minor
9,concern
9,study
9,hampton
9,report
9,researcher
9,hampton
9,lewis
9,reflexivity
9,coherence
9,pentz
9,minor
9,concern
9,rogers
9,adequacy
9,minor
9,talcer
9,al.
9,wilson
9,concern
9,relevance
9,minor
9,andrassy
9,concern
9,study
9,conduct
9,multiple
9,country
9,methodological
9,limitation
9,donovan
9,grant
9,minor
9,concern
9,study
9,hampton
9,report
9,researcher
9,hampton
9,pentz
9,reflexivity
9,coherence
9,rogers
9,minor
9,concern
9,talcer
9,adequacy
9,minor
9,concern
9,wilson
9,andrassy
9,data
9,thin
9,study
9,relevance
9,minor
9,concern
9,study
9,conduct
9,australia
9,study
9,setting
9,mental
9,health
9,inpatient
9,ward
9,methodological
9,limitation
9,donovan
9,gardner
9,minor
9,concern
9,study
9,grant
9,report
9,data
9,collection
9,hampton
9,al.
9,lewis
9,method
9,researcher
9,rogers
9,reflexivity
9,coherence
9,talcer
9,al.
9,minor
9,concern
9,wilson
9,andrassy
9,adequacy
9,minor
9,concern
9,study
9,samples
9,relevamce
9,minor
9,concern
9,study
9,conduct
9,australia
9,midwive
9,mum
9,autistic
9,danger
9,feeling
9,al.
9,smith
9,acceptance
9,poor
9,understanding
9,autism
9,autistic
9,wbp
9,feel
9,autism
9,diagnosis
9,space
9,consultation
9,overlook
9,dismiss
9,selfadvocate
9,educate
9,hcp
9,autism
9,hampton
9,hampton
9,mention
9,appointment
9,bit
9,explain
9,bring
9,study
9,highlight
9,autism
9,training
9,maternity
9,service
9,hcps
9,adaptation
9,donovan
9,gardner
9,grant
9,hampton
9,hampton
9,lewis
9,talcer
9,include
9,develope
9,hcps
9,knowledge
9,understanding
9,pain
9,communication
9,sensory
9,difference
9,autistic
9,wbp
9,donovan
9,gardner
9,grant
9,hampton
9,lewis
9,talcer
9,raise
9,awareness
9,health
9,visitor
9,midwive
9,autism
9,service
9,adult
9,non-existent
9,midwive
9,sort
9,understanding
9,impact
9,mother
9,pregnant
9,autism
9,talcer
9,recommend
9,hcps
9,encourage
9,wbp
9,share
9,diagnosis
9,suspect
9,diagnosis
9,assure
9,safety
9,non-judgement
9,hampton
9,lewis
9,communication
9,wbp
9,report
9,resorte
9,scripting
9,answer
9,question
9,acquiesce
9,hcps
9,maternity
9,appointment
9,additional
9,support
9,unrecognised
9,donovan
9,tlewis
9,wilson
9,andrassy
9,similarly
9,wbp
9,report
9,mask
9,emotional
9,distress
9,engage
9,hcps
9,support
9,unrecognised
9,strong
9,strong
9,person
9,emote
9,emotion
9,home
9,hospital
9,staff
9,feel
9,bother
9,donovan
9,autistic
9,wbp
9,receive
9,pain
9,relief
9,pain
9,express
9,neurotypical
9,donovan
9,pain
9,childbirth
9,wbp
9,shut
9,unable
9,voice
9,hcps
9,trap
9,body
9,happen
9,autism
9,sort
9,dissociate
9,shut
9,nurse
9,pat
9,head
9,strok
9,stop
9,donovan
9,discordance
9,autistic
9,wbp
9,interoceptive
9,experience
9,outward
9,expre
9,sion
9,wbp
9,experience
9,hcps
9,listen
9,tend
9,aware
9,body
9,laugh
9,baby
9,donovan
9,journal
9,reproductive
9,infa
9,psychology
9,communication
9,autism
9,tailor
9,communication
9,autistic
9,wbp
9,express
9,flexibility
9,adjustment
9,consultation
9,methods
9,prefer
9,telephone
9,appointment
9,anxiety
9,meet
9,people
9,convenience
9,childcare
9,responsibility
9,wilson
9,andrassy
9,express
9,interaction
9,hcps
9,difficult
9,attend
9,information
9,video
9,consultation
9,feel
9,anxious
9,talk
9,phone
9,rogers
9,theme
9,encompass
9,hcp
9,verbal
9,non-verbal
9,communication
9,wbp
9,feel
9,con
9,sultation
9,rush
9,time
9,processing
9,leave
9,feel
9,overwhelmed
9,donovan
9,lewis
9,wbp
9,close
9,hcp
9,physical
9,proximity
9,uncomfortable
9,consultation
9,gardner
9,wbp
9,confuse
9,hcps
9,humour
9,ambiguous
9,language
9,highlight
9,direct
9,question
9,donovan
9,hampton
9,pentz
9,wilson
9,andrassy
9,pelvic
9,pain
9,terrible
9,specific
9,answer
9,bit
9,study
9,autistic
9,wbp
9,voice
9,preference
9,verbal
9,information
9,support
9,visual
9,cue
9,include
9,write
9,information
9,picture
9,practical
9,demon
9,stration
9,support
9,processing
9,understanding
9,information
9,involve
9,infant
9,care
9,gardner
9,grant
9,wilson
9,andrassy
9,wbp
9,partner
9,family
9,appointment
9,helpful
9,communication
9,birth
9,pain
9,sensory
9,overstimulation
9,increase
9,communication
9,difficulty
9,donovan
9,gardner
9,hampton
9,lewis
9,wilson
9,andrassy
9,talk
9,terrifie
9,overwhelm
9,mother
9,nurse
9,sort
9,tlewis
9,empathy
9,feel
9,uncared
9,autistic
9,wbp
9,feel
9,hcps
9,listen
9,respect
9,donovan
9,gardner
9,grant
9,lewis
9,talcer
9,matter
9,time
9,explain
9,aggravate
9,asperger
9,syndrome
9,hospital
9,stress
9,listen
9,wbp
9,feel
9,action
9,expression
9,dismiss
9,hcps
9,accompany
9,facial
9,expression
9,nonverbal
9,cue
9,feel
9,understood
9,meet
9,donovan
9,gardner
9,hampton
9,lewis
9,feeling
9,exaggerat
9,bigger
9,deal
9,literal
9,smith
9,wbp
9,report
9,experience
9,unkindness
9,hcps
9,describe
9,lidat
9,body
9,language
9,eye
9,roll
9,donovan
9,gardner
9,wbp
9,feel
9,ridicule
9,hcps
9,laugh
9,time
9,perceive
9,lewis
9,wbp
9,hcps
9,threaten
9,pushy
9,feel
9,choice
9,decision
9,report
9,sense
9,perinatal
9,nurse
9,decide
9,overwhelm
9,organise
9,home
9,visit
9,community
9,nurse
9,pick
9,time
9,day
9,house
9,literally
9,home
9,invasion
9,discussion
9,knowledge
9,review
9,autistic
9,wbp
9,experience
9,engage
9,support
9,hcps
9,perinatal
9,period
9,result
9,highlight
9,difficulty
9,autistic
9,wbp
9,draw
9,attention
9,significance
9,interpersonal
9,interaction
9,hcps
9,time
9,consistent
9,broader
9,research
9,healthcare
9,experience
9,autistic
9,adult
9,patient
9,provider
9,perspective
9,silvana
9,hcps
9,poor
9,understanding
9,autism
9,strongly
9,support
9,review
9,sensory
9,experience
9,direct
9,communication
9,pressing
9,unmet
9,autistic
9,wbp
9,line
9,strömberg
9,sensory
9,environment
9,healthcare
9,consultation
9,stimulate
9,autistic
9,people
9,lead
9,overwhelm
9,shutdown
9,render
9,wbp
9,unable
9,communicate
9,hcps
9,consistent
9,stromberg
9,sensory
9,communication
9,inextricably
9,intertwin
9,autistic
9,wbp
9,attend
9,hcps
9,negative
9,implication
9,perinatal
9,wellbeing
9,instance
9,unmet
9,sensory
9,communication
9,pertinent
9,maternity
9,set
9,ting
9,autistic
9,wbp
9,sensory
9,overstimulation
9,unable
9,voice
9,advocate
9,childbirth
9,concern
9,poor
9,quality
9,patient
9,hcp
9,communication
9,identify
9,major
9,risk
9,factor
9,birth
9,trauma
9,simpson
9,catling
9,experience
9,wbp
9,feel
9,uncared
9,underpin
9,lack
9,hcp
9,empathy
9,lack
9,empathy
9,outwardly
9,express
9,hcp
9,form
9,gesture
9,sighing
9,eye
9,roll
9,yell
9,response
9,wbps
9,request
9,hcp
9,unaware
9,autistic
9,wbps
9,express
9,neurotypical
9,instance
9,wbp
9,report
9,mask
9,emotional
9,distress
9,shut
9,manage
9,pain
9,lead
9,request
9,additional
9,pain
9,relief
9,support
9,explain
9,double
9,empathy
9,breakdown
9,mutual
9,understanding
9,people
9,occur
9,people
9,differing
9,neurotype
9,milton
9,autistic
9,wbp
9,feel
9,understood
9,care
9,hcps
9,perinatally
9,negative
9,implication
9,wbp
9,wellbeing
9,autistic
9,wbp
9,minority
9,pre-existing
9,healthcare
9,disparity
9,feel
9,raise
9,concern
9,feel
9,wrong
9,pregnancy
9,childbirth
9,subsequently
9,avoid
9,journal
9,reproductive
9,infant
9,psychology
9,healthcare
9,childbirth
9,shaw
9,carravallah
9,significant
9,perinatal
9,context
9,period
9,increase
9,risk
9,wbp
9,howard
9,khalifeh
9,wbp
9,responsible
9,health
9,care
9,born
9,addition
9,autistic
9,wbp
9,feel
9,interaction
9,mis
9,interpret
9,hcps
9,mental
9,health
9,difficulty
9,sign
9,inadequate
9,parenting
9,feel
9,judge
9,fear
9,judgement
9,exacerbate
9,autistic
9,camoufla
9,camouflaging
9,explore
9,perinatal
9,period
9,broader
9,research
9,consistently
9,link
9,poorer
9,mental
9,health
9,psychological
9,outcome
9,autistic
9,people
9,beck
9,cook
9,predictability
9,autistic
9,people
9,shaw
9,doherty
9,navigating
9,pregnancy
9,birth
9,postpartum
9,period
9,associate
9,health
9,care
9,appointment
9,bring
9,change
9,uncertainty
9,autistic
9,wbp
9,receive
9,consistent
9,support
9,preferably
9,hcp
9,wbp
9,develop
9,sense
9,safety
9,trust
9,journey
9,hcp
9,rapport
9,echo
9,research
9,explore
9,autistic
9,people
9,healthcare
9,link
9,positive
9,wbp
9,hcp
9,relationship
9,improved
9,report
9,health
9,outcome
9,carravallah
9,rapport
9,wbp
9,express
9,factual
9,information
9,ambiguous
9,language
9,difficult
9,understand
9,autistic
9,wbp
9,voice
9,structure
9,scaffold
9,hcp
9,consultation
9,notify
9,expect
9,advance
9,plan
9,interaction
9,hcps
9,wbp
9,feel
9,empowered
9,align
9,qualitative
9,research
9,suggest
9,rehearse
9,understand
9,outcomes
9,inter
9,act
9,hcp
9,helpful
9,autistic
9,adult
9,current
9,review
9,highlight
9,preference
9,wbp
9,detailed
9,birth
9,plan
9,autistic
9,people
9,interpret
9,plan
9,instruction
9,literally
9,vicente
9,falkum
9,birth
9,plan
9,follow
9,hcps
9,lead
9,disempowerment
9,anxiety
9,strength
9,limitation
9,data
9,analyse
9,rigorously
9,autistic
9,space
9,framework
9,guide
9,interpreta
9,tion
9,finding
9,doherty
9,space
9,framework
9,evaluate
9,research
9,tool
9,implication
9,validity
9,metho
9,dology
9,review
9,report
9,follow
9,guidance
9,completeness
9,tran
9,parency
9,page
9,grade
9,cer
9,qual
9,determine
9,confidence
9,finding
9,include
9,participant
9,formal
9,diagnosis
9,influence
9,homogeneity
9,participant
9,pool
9,validity
9,finding
9,decision
9,report
9,barriers
9,autistic
9,people
9,seek
9,autism
9,diagnostic
9,assessment
9,jones
9,facilitate
9,neurodiversity
9,-affirming
9,perspective
9,recognise
9,individual
9,expert
9,experience
9,search
9,electronic
9,database
9,yield
9,highquality
9,peer-review
9,papers
9,include
9,grey
9,literature
9,strengthen
9,review
9,aim
9,include
9,study
9,participant
9,range
9,background
9,data
9,represent
9,view
9,white
9,wbp
9,finding
9,smith
9,transferrable
9,racially
9,minoritise
9,autistic
9,wbp
9,participant
9,interview
9,pregnancy
9,hampton
9,provide
9,retrospec
9,tive
9,account
9,exclusion
9,criterion
9,length
9,time
9,birth
9,wilson
9,andrassy
9,time
9,influence
9,accuracy
9,recall
9,influence
9,validity
9,study
9,rely
9,retrospective
9,participant
9,account
9,study
9,carry
9,country
9,healthcare
9,system
9,interpersonal
9,experi
9,ence
9,hcps
9,vary
9,clinical
9,implication
9,hcps
9,maternity
9,perinatal
9,healthcare
9,setting
9,understand
9,autism
9,adequately
9,support
9,autistic
9,wbp
9,person
9,cent
9,mandatory
9,training
9,exist
9,evans
9,nuanced
9,training
9,maternity
9,perinatal
9,setting
9,include
9,education
9,autistic
9,wbp
9,sensory
9,communication
9,difference
9,support
9,space
9,framework
9,logical
9,structure
9,build
9,develop
9,doherty
9,arrange
9,appointment
9,purpose
9,explain
9,appointment
9,scaffold
9,hcp
9,plan
9,adhere
9,explanation
9,consultation
9,format
9,preference
9,video
9,telephone
9,call
9,email
9,hcp
9,wbp
9,information
9,share
9,preference
9,attend
9,e.g.
9,offer
9,information
9,supplement
9,demonstration
9,picture
9,aid
9,processing
9,hcp
9,aware
9,physical
9,contact
9,preference
9,minimise
9,touch
9,prefer
9,touch
9,heavy
9,time
9,childbirth
9,hcp
9,explain
9,purpose
9,gain
9,consent
9,physical
9,contact
9,tic
9,wbp
9,reduce
9,uncertainty
9,continuity
9,care
9,prioritise
9,autistic
9,people
9,feel
9,safe
9,build
9,rapport
9,hcps
9,autistic
9,wbp
9,benefit
9,visit
9,birthing
9,suite
9,maternity
9,wards
9,pre-childbirth
9,hcp
9,wbp
9,stand
9,support
9,wbp
9,sensory
9,reduce
9,fear
9,birthing
9,unfamiliar
9,environment
9,finally
9,hcps
9,involve
9,wbp
9,support
9,system
9,care
9,decisionmak
9,hcp
9,monitor
9,wbp
9,require
9,support
9,communication
9,decisionmak
9,childbirth
9,ideally
9,involve
9,extended
9,birth
9,plan
9,appoint
9,ment
9,facilitate
9,midwife
9,clinical
9,psychologist
9,wbp
9,birth
9,partner
9,session
9,include
9,psychoeducation
9,wbp
9,birth
9,partner
9,autistic
9,space
9,development
9,co-created
9,birth
9,plan
9,future
9,research
9,future
9,research
9,usefully
9,focus
9,designing
9,deliver
9,evalua
9,hcp
9,training
9,autistic
9,wbp
9,interpersonal
9,perinatal
9,period
9,obstetric
9,midwifery
9,service
9,birth
9,pivotal
9,period
9,wbps
9,meet
9,interpersonal
9,communication
9,barrier
9,similarly
9,research
9,designing
9,deliver
9,evalua
9,autism
9,-inform
9,birth
9,planning
9,session
9,facilitate
9,midwifery
9,clinical
9,psychology
9,current
9,review
9,highlight
9,journal
9,reproductive
9,infant
9,psychology
9,gap
9,research
9,explore
9,experience
9,racially
9,minoritise
9,potentially
9,doubly
9,disadvantage
9,autistic
9,wbps
9,research
9,conclusion
9,autistic
9,wbp
9,understand
9,support
9,hcps
9,perinatal
9,maternity
9,service
9,negatively
9,influence
9,wbp
9,experience
9,care
9,provide
9,nuanced
9,autism
9,training
9,maternity
9,health
9,visit
9,perinatal
9,service
9,hcps
9,understand
9,support
9,autistic
9,wbp
9,note
9,acknowledge
9,people
9,birth
9,identify
9,female
9,term
9,woman
9,birthing
9,people
9,include
9,birthe
9,child
9,debate
9,identity
9,language
9,manuscript
9,recognition
9,preference
9,autistic
9,people
9,study
9,draw
9,participant
9,pool
9,recruit
9,autistic
9,non-autistic
9,wbp
9,hampton
9,fortuna
9,data
9,autistic
9,wbp
9,separate
9,non-autistic
9,data
9,include
9,study
9,hampton
9,recruite
9,participant
9,larger
9,study
9,cambridge
9,human
9,image
9,longitudinal
9,development
9,study
9,perinatal
9,experience
9,autism
9,study
9,participant
9,demographic
9,information
9,slightly
9,study
9,partici
9,pants
9,hampton
9,participate
9,fortuna
9,al.
9,study
9,conduct
9,time
9,distinct
9,aim
9,treat
9,separate
9,study
9,contribution
9,contribute
9,review
9,conception
9,design
9,literature
9,search
9,perform
9,lucy
9,smith
9,screening
9,data
9,extraction
9,lucy
9,smith
9,jennifer
9,kirton
9,analysis
9,perform
9,lucy
9,smith
9,draft
9,manuscript
9,write
9,lucy
9,smith
9,comment
9,previous
9,version
9,manuscript
9,read
9,approve
9,final
9,manuscript
9,disclosure
9,statement
9,potential
9,conflict
9,report
9,fund
9,report
9,funding
9,associate
9,feature
9,lucy
9,smith
9,jennifer
9,kirton
9,http://orcid.org/0000-0001-7034-195x
9,helen
9,west
9,leanne
9,jackson
9,mary
9,gemma
9,cherry
11,bmc
11,psychiatry
11,westgate
11,bmc
11,psychiatry
11,research
11,autism
11,qualitative
11,study
11,staff
11,experience
11,autistic
11,woman
11,birth
11,people
11,community
11,perinatal
11,mental
11,health
11,team
11,westgate
11,thompson2
11,caramaschi1
11,o'mahen1
11,abstract
11,background
11,autistic
11,woman
11,birthing
11,people
11,awbp
11,increase
11,risk
11,perinatal
11,mental
11,health
11,issue
11,refer
11,community
11,perinatal
11,mental
11,health
11,teams
11,cpmhts
11,staff
11,cpmhts
11,lack
11,sufficient
11,training
11,knowledge
11,autism
11,lead
11,barrier
11,provide
11,care
11,date
11,study
11,examine
11,experience
11,staff
11,support
11,autistic
11,woman
11,birth
11,people
11,cpmhts
11,methods
11,carry
11,individual
11,qualitative
11,interview
11,staff
11,professional
11,background
11,cpmht
11,england
11,understand
11,experience
11,awbp
11,identify
11,cpmht
11,meet
11,thematic
11,analysis
11,synthesise
11,finding
11,result
11,identify
11,key
11,theme
11,recognize
11,complexity
11,awbp
11,address
11,unique
11,awbp
11,varie
11,level
11,knowledge
11,understand
11,cpmht
11,individual
11,clinician
11,envision
11,improvement
11,future
11,staff
11,report
11,awbp
11,unexpected
11,aspect
11,role
11,complicate
11,difficulty
11,accessing
11,autism
11,assessment
11,receive
11,formal
11,diagnosis
11,highlight
11,barrier
11,provide
11,care
11,adjustment
11,improve
11,practice
11,additionally
11,staff
11,express
11,targeted
11,training
11,suggest
11,development
11,include
11,appoint
11,autism
11,champion
11,employ
11,autistic
11,peer
11,support
11,worker
11,involve
11,individual
11,lived
11,experience
11,autism
11,perinatal
11,mental
11,health
11,challenge
11,co-producing
11,service
11,improvement
11,conclusion
11,awbp
11,current
11,challenge
11,cpmhts
11,perinatal
11,-focused
11,autism
11,training
11,expert
11,supervision
11,staff
11,feel
11,confident
11,adaption
11,care
11,provide
11,support
11,keywords
11,mental
11,health
11,perinatal
11,qualitative
11,research
11,mental
11,health
11,service
11,autism
11,correspondence
11,department
11,psychology
11,university
11,exeter
11,exeter
11,westgate
11,population
11,health
11,sciences
11,institute
11,university
11,newcastle
11,newcastle
11,vw286@exeter.ac.uk
11,tyne
11,correct
11,publication2025
11,license
11,creative
11,commons
11,attribution
11,international
11,license
11,permit
11,share
11,adaptation
11,distribution
11,reproduction
11,medium
11,format
11,credit
11,source
11,provide
11,link
11,creative
11,commons
11,licence
11,change
11,image
11,party
11,material
11,include
11,creative
11,commons
11,licence
11,credit
11,line
11,material
11,material
11,include
11,creative
11,commons
11,licence
11,intend
11,permit
11,statutory
11,regulation
11,exceed
11,permit
11,obtain
11,permission
11,directly
11,copyright
11,holder
11,view
11,copy
11,licence
11,visit
11,westgate
11,bmc
11,psychiatry
11,background
11,autistic
11,woman
11,birthing
11,people
11,awbp
11,increase
11,risk
11,experience
11,perinatal
11,mental
11,health
11,issue
11,research
11,clinician
11,adult
11,healthcare
11,setting
11,include
11,mental
11,health
11,service
11,limit
11,training
11,knowledge
11,autism
11,provide
11,care
11,autistic
11,individual
11,autistic
11,individual
11,significant
11,barriers
11,mental
11,healthcare
11,recent
11,systematic
11,review
11,include
11,draw
11,attention
11,unique
11,challenge
11,autistic
11,perinatal
11,period
11,sensory
11,demand
11,pregnancy
11,baby
11,healthcare
11,service
11,design
11,neurotypical
11,people
11,executive
11,functioning
11,difference
11,manage
11,infant
11,routine
11,impact
11,parent
11,mental
11,health
11,gap
11,literature
11,regard
11,experience
11,professional
11,support
11,mental
11,health
11,awbp
11,perinatal
11,period
11,autism
11,neurodevelopmental
11,condition
11,characterise
11,challenge
11,social
11,communication
11,social
11,interaction
11,repetitive
11,restrictive
11,behaviour
11,alongside
11,sensory
11,processing
11,difference
11,autistic
11,people
11,experience
11,incidence
11,mental
11,health
11,cohort
11,study
11,autistic
11,woman
11,include
11,analysis
11,psychiatric
11,diagnosis
11,contribute
11,increase
11,mortality
11,evidence
11,research
11,autistic
11,woman
11,time
11,non-autistic
11,woman
11,die
11,suicide
11,autistic
11,people
11,healthcare
11,inequality
11,challenge
11,appointment
11,telephone
11,communicate
11,clinician
11,double
11,empathy
11,suggest
11,communication
11,break
11,autistic
11,non-autistic
11,people
11,mutual
11,misunderstanding
11,struggle
11,waiting
11,environment
11,individual
11,sensory
11,addition
11,lack
11,knowledge
11,training
11,healthcare
11,provider
11,contribute
11,difficulty
11,understanding
11,autistic
11,people
11,onward
11,referral
11,treatment
11,plan
11,instance
11,psychological
11,therapy
11,obstruct
11,lack
11,therapist
11,expertise
11,willingness
11,tailor
11,approaches
11,support
11,autistic
11,people
11,clinicians
11,report
11,barriers
11,autistic
11,people
11,lack
11,evidence
11,training
11,guide
11,lack
11,connection
11,specialist
11,service
11,autistic
11,woman
11,specific
11,lack
11,recognition
11,challenge
11,male
11,result
11,recently
11,failure
11,identify
11,gender
11,-specific
11,presentations
11,autism
11,camouflaging
11,autism
11,symptom
11,associate
11,woman
11,page2
11,challenge
11,intersect
11,broader
11,gender
11,biase
11,healthcare
11,challenge
11,clinician
11,fail
11,attend
11,woman
11,report
11,physical
11,symptom
11,-reliance
11,attribute
11,symptom
11,emotional
11,result
11,lack
11,recognition
11,autism
11,extent
11,impact
11,autistic
11,woman
11,experience
11,health
11,mental
11,health
11,healthcare
11,service
11,increasingly
11,acknowledge
11,requirement
11,aware
11,autistic
11,individual
11,adaption
11,facilitate
11,prevent
11,harm
11,health
11,care
11,act
11,establish
11,requirement
11,health
11,social
11,care
11,staff
11,receive
11,learn
11,disability
11,autism
11,train
11,role
11,research
11,explore
11,improve
11,mental
11,healthcare
11,autistic
11,people
11,effectiveness
11,strategy
11,uncertain
11,low
11,quality
11,inconclusive
11,evidence
11,national
11,health
11,service
11,nhs
11,publicly
11,fund
11,healthcare
11,system
11,scotland
11,england
11,wale
11,community
11,perinatal
11,mental
11,health
11,team
11,cpmhts
11,england
11,provide
11,support
11,woman
11,birthing
11,people
11,experience
11,moderate
11,severe
11,complex
11,mental
11,health
11,difficulty
11,perinatal
11,period
11,define
11,pregnancy
11,postpartum
11,cpmht
11,multi-disciplinary
11,consist
11,psychiatrist
11,community
11,psychiatric
11,nurse
11,psychologist
11,psychological
11,therapist
11,social
11,worker
11,nursery
11,nurse
11,peer
11,support
11,worker
11,include
11,occupational
11,therapists
11,social
11,worker
11,parent
11,infant
11,therapist
11,follow
11,investment
11,english
11,government
11,cpmhts
11,accessible
11,england
11,recent
11,literature
11,increasingly
11,examine
11,experience
11,awbp
11,perinatal
11,period
11,study
11,address
11,specific
11,aspect
11,childbirth
11,breastfeed
11,sensory
11,dimension
11,motherhood
11,perinatal
11,period
11,broadly
11,encompasse
11,pregnancy
11,birth
11,postnatal
11,phase
11,interaction
11,healthcare
11,service
11,notably
11,study
11,awbp
11,experience
11,perinatal
11,mental
11,health
11,include
11,rate
11,antenatal
11,postnatal
11,anxiety
11,depression
11,non-autistic
11,counterpart
11,study
11,prevalence
11,common
11,perinatal
11,mental
11,illness
11,postpartum
11,psychosis
11,obsessive
11,compulsive
11,disorder
11,ocd
11,awbp
11,cpmht
11,encounter
11,disproportionately
11,autistic
11,individual
11,service
11,compare
11,population
11,recently
11,autism
11,research
11,clinical
11,practice
11,gender
11,biase
11,consequence
11,lack
11,recognition
11,autism
11,woman
11,adulthand
11,westgate
11,bmc
11,psychiatry
11,cpmhts
11,meet
11,awbp
11,lack
11,formal
11,diagnosis
11,autism
11,include
11,possibility
11,misdiagnose
11,clinician
11,challenge
11,aware
11,sign
11,symptom
11,autism
11,understanding
11,support
11,perinatal
11,awbp
11,current
11,study
11,aim
11,understand
11,skill
11,experience
11,training
11,perinatal
11,mental
11,health
11,staff
11,specialist
11,community
11,perinatal
11,mental
11,health
11,teams
11,cpmht
11,england
11,capture
11,provide
11,support
11,awbp
11,mental
11,ill
11,health
11,research
11,question
11,experience
11,cpmht
11,staff
11,awbp
11,barrier
11,provide
11,care
11,adjustment
11,improve
11,meet
11,awbp
11,methods
11,design
11,set
11,study
11,employ
11,qualitative
11,descriptive
11,design
11,qualitative
11,approach
11,choose
11,provide
11,rich
11,information
11,individual
11,reflection
11,view
11,skill
11,knowledge
11,experience
11,perinatal
11,awbp
11,cpmht
11,lead
11,lived
11,experience
11,researcher
11,autistic
11,perinatal
11,service
11,desig
11,carry
11,interview
11,lead
11,analysis
11,write
11,rest
11,study
11,team
11,include
11,researcher
11,autistic
11,collaborate
11,coding
11,analysis
11,non-autistic
11,autism
11,researcher
11,academic
11,clinical
11,psychologist
11,specialise
11,perinatal
11,mental
11,health
11,hom
11,diverse
11,experience
11,bring
11,multiple
11,perspectife
11,additional
11,input
11,seek
11,autistic
11,perinatal
11,community
11,individual
11,provide
11,input
11,plan
11,interview
11,staff
11,specific
11,comment
11,interview
11,topic
11,guide
11,setting
11,cpmht
11,england.2024
11,leverage
11,exist
11,clinical
11,research
11,relationship
11,site
11,select
11,previously
11,involved
11,esmi
11,study
11,effectiveness
11,cost
11,effectiveness
11,community
11,perinatal
11,mental
11,health
11,service
11,project
11,sample
11,cpmhts
11,england
11,represent
11,variability
11,provision
11,base
11,project
11,programme
11,theory
11,constitute
11,perinatal
11,mental
11,health
11,care
11,study
11,site
11,select
11,optimise
11,variability
11,staff
11,support
11,provision
11,associate
11,positive
11,perinatal
11,mental
11,health
11,outcome
11,study
11,purposive
11,sampling
11,obtain
11,professional
11,cpmht
11,total
11,psychiatrist
11,psychologist
11,practitioner
11,hold
11,load
11,care
11,coordinator
11,perinatal
11,practitioner
11,community
11,psychiatic
11,nurse
11,depend
11,service
11,terminology
11,occupational
11,therapist
11,professional
11,parentinfant
11,therapist
11,therapist
11,parent
11,baby
11,develop
11,positive
11,relationship
11,peer
11,support
11,worker
11,support
11,worker
11,lived
11,experience
11,perinatal
11,mental
11,health
11,nursery
11,nurse
11,qualified
11,childcare
11,practitioner
11,provide
11,specialist
11,support
11,woman
11,birthing
11,people
11,sample
11,strategy
11,afforde
11,broad
11,range
11,perspective
11,participant
11,pay
11,time
11,cpmht
11,support
11,participation
11,hour
11,study
11,carry
11,accordance
11,standard
11,clinical
11,practice
11,approve
11,west
11,scotland3
11,research
11,ethics
11,committee
11,southwest
11,central
11,bristol
11,research
11,ethics
11,committee
11,19/sw/0218
11,participant
11,characteristic
11,people
11,cpmht
11,psychiatrist
11,psychologist
11,occupational
11,therapist
11,practitioner
11,hold
11,load
11,interview
11,addition
11,peer
11,support
11,worker
11,parent
11,infant
11,therapist
11,pharmacist
11,nursery
11,nurse
11,participate
11,participant
11,neurodivergent
11,neurodivergent
11,close
11,relative
11,child
11,sibling
11,parent
11,time
11,cpmhts
11,range
11,month
11,median
11,length
11,time
11,eighteen
11,participant
11,female
11,male
11,genderbalance
11,typical
11,cpmhts
11,staff
11,receive
11,oliver
11,mcgowan
11,mandatory
11,training
11,autism
11,government
11,program
11,design
11,ensure
11,health
11,social
11,care
11,staff
11,england
11,receive
11,training
11,support
11,people
11,learn
11,disabilitie
11,autistic
11,people
11,line
11,rights
11,data
11,collection
11,individual
11,interview
11,conduct
11,march
11,december2024
11,record
11,microsoft
11,teams
11,video
11,call
11,written
11,consent
11,provide
11,participant
11,consent
11,form
11,return
11,email
11,study
11,information
11,consent
11,form
11,review
11,start
11,interview
11,participant
11,interviewer
11,autistic
11,mother
11,previously
11,cpmht
11,semi-structured
11,topic
11,guide
11,guide
11,interview
11,participant
11,experience
11,cpmht
11,neurodivergent
11,type
11,factor
11,influence
11,experience
11,westgate
11,bmc
11,psychiatry
11,shared
11,participant
11,formal
11,identifying
11,planning
11,diagnosis
11,interview
11,min
11,team
11,median
11,length
11,min
11,fill
11,diagnosis
11,autism
11,start
11,practireflexive
11,diary
11,interview
11,complete
11,tioner
11,reflection
11,enable
11,interview
11,question
11,evolve
11,inter
11,clinician
11,reflect
11,autism
11,overview
11,progress
11,build
11,raise
11,previous
11,earlier
11,life
11,woman
11,misdiagnose
11,participant
11,commonly
11,emotionally
11,unstable
11,personality
11,disorder
11,eupd
11,cpmht
11,frequently
11,disentangle
11,histories
11,analysis
11,interview
11,transcribe
11,pseudonymise
11,baffle
11,people
11,upload
11,nvivo
11,analysis
11,participant
11,service
11,past
11,tify
11,text
11,professional
11,role
11,numerical
11,mental
11,health
11,diagnose
11,identifier
11,peer
11,support
11,worker
11,parentthrown
11,infant
11,therapist
11,pharmacist
11,nursery
11,nurse
11,trait
11,lie
11,refer
11,collectively
11,practitioner
11,preserve
11,psychiatrist
11,anonymity
11,profession
11,interview
11,data
11,analysis
11,conduct
11,reflexive
11,thematic
11,analysis
11,approach
11,emphasize
11,clinicians
11,describe
11,difficulty
11,differentiating
11,reflective
11,thoughtful
11,engagement
11,data
11,autism
11,condition
11,perinatal
11,period
11,analytic
11,process
11,lot
11,challenge
11,pick
11,interview
11,include
11,analysis
11,presentation
11,immerse
11,data
11,repeat
11,reading
11,eupd
11,normal
11,challenge
11,transcript
11,support
11,deep
11,familiarisation
11,initial
11,enting
11,psychologist
11,code
11,begin
11,interview
11,code
11,develop
11,inductively
11,close
11,engagement
11,mental
11,health
11,condition
11,data
11,code
11,discuss
11,hom
11,clinicians
11,interview
11,report
11,perinatal
11,period
11,coding
11,approach
11,continue
11,evolve
11,trigger
11,mental
11,health
11,parinterview
11,complete
11,analyse
11,indepen
11,ticularly
11,awbp
11,instance
11,dently
11,read
11,code
11,transcript
11,offer
11,lot
11,autistic
11,woman
11,life
11,interpretive
11,insight
11,contribute
11,developreally
11,baby
11,ment
11,coding
11,process
11,potential
11,theme
11,subfall
11,overwhelming
11,wontheme
11,generate
11,iterative
11,der
11,retrospect
11,interpretive
11,process
11,discuss
11,collaboratively
11,autism
11,play
11,psychiatrist
11,team
11,theme
11,refin
11,relation
11,entire
11,data
11,set
11,ensure
11,capture
11,share
11,pattern
11,meaning
11,theme
11,develop
11,staff
11,observe
11,non-autistic
11,patient
11,awbp
11,reflect
11,central
11,organising
11,concept
11,final
11,theme
11,cpmht
11,experience
11,wide
11,range
11,review
11,agree
11,authors
11,mental
11,health
11,challenge
11,include
11,anxiety
11,depression
11,instance
11,team
11,anxi
11,result
11,ety
11,low
11,mood
11,practitioner
11,birth
11,trauma
11,major
11,theme
11,sub-theme
11,identi
11,instance
11,traumatic
11,birth
11,psyfied
11,illustrate
11,fig.1.
11,chologist
11,trauma
11,practitioner
11,perceive
11,difficulty
11,bond
11,baby
11,instance
11,mention
11,emotional
11,warmth
11,hear
11,recognise
11,complexity
11,awbp
11,clinicians
11,describe
11,awbp
11,multiple
11,woman
11,describe
11,describe
11,intersect
11,challenge
11,cpmht
11,staff
11,require
11,feel
11,navigate
11,include
11,uncertainty
11,recognition
11,diagnosis
11,autism
11,mental
11,health
11,difficulty
11,autism
11,related
11,challenge
11,sensory
11,social
11,factor
11,shape
11,care
11,addition
11,staff
11,note
11,awbp
11,frequently
11,specific
11,autism
11,related
11,challenge
11,understand
11,deliver
11,effective
11,recognition
11,diagnosis
11,autism
11,individual
11,exist
11,autism
11,diag
11,mental
11,health
11,care
11,experience
11,autistic
11,nosis
11,staff
11,report
11,undergone
11,sense
11,lot
11,mal
11,assessment
11,prior
11,referral
11,lead
11,delay
11,westgate
11,bmc
11,psychiatry
11,identify
11,interview
11,neurodivergent
11,psychologist
11,challenge
11,describe
11,unpredictability
11,routine
11,occupational
11,therapist
11,respond
11,change
11,baby
11,constantly
11,change
11,occupational
11,therapist
11,sensory
11,overwhelm
11,psychologist
11,struggle
11,express
11,feeling
11,psychiatrist
11,normal
11,coping
11,mechanism
11,accessible
11,baby
11,psychiatrist
11,sensory
11,challenge
11,experience
11,term
11,physical
11,experience
11,feel
11,pregnant
11,professional
11,healthcare
11,people
11,close
11,proximity
11,unpredictability
11,appointment
11,wait
11,unfamiliar
11,people
11,professional
11,physical
11,touch
11,baby
11,liive
11,person
11,time
11,breastfeeding
11,psychiatrist
11,noise
11,baby
11,cry
11,psychologist
11,wean
11,solid
11,texture
11,food
11,page5
11,occupational
11,therapist
11,staff
11,note
11,critical
11,balance
11,knowledge
11,specific
11,challenge
11,context
11,mental
11,health
11,note
11,reciprocal
11,compounding
11,impact
11,meeting
11,awbp
11,clinicians
11,interview
11,describe
11,range
11,meet
11,awbp
11,describe
11,follow
11,subtheme
11,adaption
11,reasonable
11,adjustment
11,barrier
11,care
11,autism
11,assessment
11,therapeutic
11,intervention
11,perinatal
11,mental
11,health
11,interventions
11,awbp
11,adaption
11,reasonable
11,adjustment
11,staff
11,familiar
11,basic
11,level
11,aspect
11,autism
11,impact
11,awbps
11,experience
11,perinatal
11,period
11,mental
11,health
11,staff
11,describe
11,range
11,westgate
11,bmc
11,psychiatry
11,autism
11,adaption
11,reasonable
11,adjustment
11,tailor
11,usual
11,care
11,meet
11,individual
11,cpmht
11,recently
11,adopt
11,reasonable
11,adjustment
11,checklist
11,create
11,local
11,adult
11,autism
11,team
11,provide
11,prompt
11,staff
11,potential
11,adaption
11,communication
11,arrange
11,appointment
11,environment
11,practitioner
11,individual
11,autism
11,difficult
11,adaptation
11,psychologist
11,common
11,adaption
11,flexibility
11,appointments
11,include
11,adapt
11,duration
11,appointment
11,shorter
11,provide
11,session
11,usual
11,intervention
11,bit
11,slower
11,specifically
11,material
11,question
11,professional
11,staff
11,describe
11,schedule
11,appointment
11,regular
11,time
11,provide
11,date
11,intervention
11,upfront
11,include
11,holiday
11,break
11,enhance
11,predictability
11,participant
11,highlight
11,importance
11,meeting
11,location
11,meet
11,client
11,sensory
11,appointment
11,happene
11,client
11,home
11,cpmht
11,offer
11,alternative
11,support
11,instance
11,deliver
11,support
11,session
11,staff
11,adapt
11,communication
11,autistic
11,client
11,include
11,avoid
11,phone
11,email
11,text
11,message
11,offer
11,change
11,communication
11,prefer
11,virtually
11,virtually
11,prefer
11,office
11,option
11,practitioner
11,practical
11,demonstration
11,draw
11,diagram
11,provide
11,write
11,information
11,reinforce
11,verbal
11,communication
11,perceive
11,valuable
11,participant
11,avoid
11,metaphor
11,check
11,understanding
11,adjustment
11,highlight
11,awbp
11,non-awbp
11,offer
11,home
11,visit
11,provide
11,summary
11,aid
11,memory
11,suggest
11,adopt
11,autism
11,-accessible
11,practices
11,offer
11,benefit
11,design
11,support
11,beneficial
11,woman
11,beneficial
11,people
11,autistic
11,recognise
11,autistic
11,psychiatrist
11,staff
11,acknowledge
11,adjustment
11,awbp
11,importance
11,individualise
11,adjustment
11,recognize
11,people
11,disservice
11,blanket
11,autistic
11,womeng
11,assumption
11,psychologist
11,staff
11,underscor
11,importance
11,build
11,positive
11,relationship
11,key
11,successful
11,care
11,awbp
11,note
11,time
11,person
11,occupational
11,therapist
11,approach
11,support
11,intervention
11,relevant
11,individual
11,care
11,feel
11,individual
11,practitioner
11,curiosity
11,thoughtful
11,curious
11,autistic
11,person
11,perinatal
11,experience
11,psychologist
11,barrier
11,care
11,participant
11,note
11,neurodivergent
11,individual
11,unanticipated
11,cpmht
11,feel
11,awbp
11,disproportionately
11,represent
11,caseload
11,compare
11,population
11,perinatal
11,emerge
11,significant
11,anticipate
11,advance
11,psychologist
11,proper
11,knowledge
11,skill
11,guidance
11,staff
11,feel
11,barriers
11,prevent
11,delivery
11,care
11,awbp
11,staff
11,ability
11,communicate
11,client
11,frequently
11,social
11,communication
11,interaction
11,challenging
11,perceive
11,potential
11,obstacle
11,participant
11,reflect
11,communicate
11,expect
11,appointment
11,check
11,communication
11,preference
11,build
11,idea
11,occupational
11,therapist
11,psychiatrist
11,reflect
11,vague
11,advice
11,specific
11,people
11,autistic
11,crave
11,detail
11,psychiatrist
11,written
11,information
11,pose
11,barrier
11,cater
11,main
11,neurotypical
11,audience
11,guilty
11,ambiguous
11,element
11,communication
11,autistic
11,woman
11,struggle
11,psychiatrist
11,staff
11,feel
11,usual
11,intervention
11,offer
11,cpmht
11,individual
11,therapie
11,awbp
11,style
11,experience
11,autistic
11,woman
11,struggle
11,bit
11,psychology
11,bit
11,abstract
11,psychiatrist
11,requirement
11,social
11,communication
11,lot
11,autistic
11,lady
11,sit
11,edge
11,sit
11,circle
11,join
11,conversation
11,westgate
11,bmc
11,psychiatry
11,professional
11,staff
11,lack
11,knowledge
11,light
11,lucky
11,individualise
11,support
11,nece
11,psychiatrist
11,sarily
11,service
11,offer
11,intervention
11,necessarily
11,design
11,people
11,autism
11,occupational
11,autism
11,assessment
11,therapeutic
11,intervention
11,therapist
11,autism
11,assessment
11,describe
11,therapeutically
11,participant
11,confusion
11,undiagnosed
11,client
11,role
11,service
11,mental
11,health
11,service
11,ver
11,autistic
11,sus
11,autism
11,-specific
11,service
11,unclear
11,psychiatrist
11,thoughtsupport
11,ful
11,space
11,diagnose
11,staff
11,sort
11,woman
11,massive
11,waiting
11,helpful
11,consultation
11,autism
11,team
11,list
11,spend
11,mum
11,autism
11,chunk
11,life
11,eupd
11,team
11,diagnose
11,emotionally
11,unstable
11,personality
11,disorder
11,comthem
11,offer
11,plex
11,ptsd
11,traumatic
11,stress
11,disorder
11,psychologist
11,autism
11,occupational
11,therapist
11,difficulty
11,negative
11,impact
11,staff
11,assume
11,awbp
11,psychi
11,sample
11,site
11,vari
11,ability
11,atric
11,job
11,cpmht
11,assessment
11,provider
11,site
11,consultant
11,autism
11,context
11,mental
11,health
11,psychiatrist
11,provide
11,assessment
11,focus
11,occupational
11,therapist
11,multi-disciplinary
11,team
11,recstaff
11,describe
11,client
11,re-refer
11,postnatally
11,ommend
11,national
11,institute
11,clinical
11,excelwith
11,severe
11,depression
11,antenatal
11,referral
11,lence
11,nice
11,wait
11,list
11,exceed
11,decline
11,issue
11,fram
11,amount
11,time
11,individual
11,attend
11,autism
11,relate
11,suffer
11,cpmht
11,refer
11,significant
11,anxiety
11,label
11,people
11,month
11,accept
11,practitioner
11,diagnosis
11,psychiatrist
11,participant
11,service
11,barrier
11,extend
11,cpmhts
11,report
11,actual
11,adult
11,autism
11,assessment
11,team
11,staff
11,report
11,service
11,closed
11,referral
11,autism
11,-friendly
11,swamp
11,occupational
11,therapist
11,adjustment
11,time
11,dismiss
11,option
11,describe
11,formularelate
11,service
11,create
11,birth
11,tion
11,psychological
11,approach
11,underplan
11,highlight
11,client
11,sensory
11,maternity
11,stand
11,person
11,psychological
11,difficulty
11,service
11,ignore
11,assessment
11,integration
11,psychological
11,theory
11,formulation
11,people
11,hold
11,move
11,mental
11,health
11,birth
11,service
11,manageable
11,plan
11,plan
11,adapt
11,psychologist
11,environment
11,maternity
11,diagnosis
11,provisional
11,diagnosis
11,gear
11,equally
11,understanding
11,await
11,assessment
11,keen
11,meet
11,autism
11,level
11,bit
11,diagnosis
11,model
11,cate
11,profesmore
11,confident
11,woman
11,sional
11,difficulty
11,diagnosis
11,acknowledge
11,encouragement
11,participant
11,describe
11,time
11,constraint
11,space
11,label
11,resonate
11,act
11,allocation
11,limitation
11,perinatal
11,service
11,bad
11,feel
11,helpmuch
11,pressure
11,ful
11,practitioner
11,benefit
11,session
11,time
11,capacity
11,offer
11,psy
11,perinatal
11,mental
11,health
11,interventions
11,awbp
11,chologist
11,cpmht
11,range
11,approach
11,physical
11,environment
11,appointment
11,awbp
11,table1
11,offer
11,inadequate
11,clinical
11,space
11,occupational
11,therapy
11,frequently
11,highlight
11,limit
11,staff
11,time
11,home
11,vis
11,beneficial
11,awbp
11,practical
11,nature
11,advice
11,plan
11,adapt
11,life
11,baby
11,awbp
11,westgate
11,bmc
11,psychiatry
11,table1
11,intervention
11,mention
11,awbp
11,honestly
11,patient
11,wrong
11,time
11,accord
11,intervention
11,commonly
11,offer
11,start
11,apology
11,cpmht
11,england
11,wrong
11,occupational
11,therapy
11,sensory
11,sensory
11,integration
11,learn
11,intervention
11,therapy
11,cope
11,challenge
11,misunderstood
11,psychiatrist
11,processe
11,sensory
11,input
11,occupational
11,service
11,participant
11,express
11,therapist
11,sensory
11,ladder
11,tool
11,lack
11,knowledge
11,sense
11,poor
11,people
11,understand
11,sensory
11,experience
11,regulate
11,emotion
11,occupational
11,efficacy
11,explore
11,option
11,therapist
11,honest
11,practical
11,skill
11,prepare
11,food
11,specifically
11,awbp
11,practitioner
11,baby
11,practitioner
11,baby
11,staff
11,feel
11,confident
11,public
11,transport
11,occupational
11,therapist
11,lack
11,training
11,feel
11,develop
11,routines
11,occupational
11,therapist
11,woman
11,parent
11,infant
11,video
11,interaction
11,guidance
11,intervention
11,bit
11,intervention
11,parent
11,guide
11,reflect
11,video
11,clip
11,interaction
11,baby
11,psychianecessarily
11,occupational
11,therapist
11,trist
11,practitioner
11,circle
11,security
11,parent
11,programme
11,individual
11,background
11,facilitate
11,support
11,parent
11,child
11,relationship
11,participant
11,background
11,personal
11,experience
11,professional
11,experience
11,professional
11,training
11,enable
11,understanding
11,respond
11,baby
11,cue
11,effectively
11,awbp
11,neu
11,practitioner
11,rodivergent
11,participant
11,neurodivergent
11,psychological
11,dialectical
11,behavioural
11,therapy
11,skill
11,therapy
11,psychiatrist
11,family
11,recognise
11,personal
11,knowledge
11,creative
11,therapy
11,journalling
11,art
11,arise
11,experience
11,advantage
11,therapy
11,psychiatrist
11,psy
11,compassion
11,focuss
11,therapy
11,psychologist
11,chiatrist
11,provide
11,psychoeducation
11,autism
11,staff
11,previously
11,autism
11,serpartner
11,family
11,support
11,partner
11,family
11,occupavice
11,provide
11,specialist
11,knowledge
11,intertional
11,therapist
11,est
11,staff
11,highlight
11,medication
11,medication
11,treat
11,mental
11,health
11,condition
11,team
11,psychiatrist
11,psychiatrist
11,autistic
11,individual
11,opportunity
11,discuss
11,cli
11,birth
11,planning
11,develop
11,birth
11,plan
11,share
11,maternity
11,service
11,psychologist
11,occupational
11,ent
11,draw
11,knowledge
11,profession
11,therapist
11,expertise
11,team
11,positive
11,professional
11,occupational
11,therapist
11,occupational
11,therapy
11,routine
11,level
11,understanding
11,autistic
11,love
11,routine
11,rou
11,autism
11,lead
11,autism
11,plan
11,tines
11,break
11,baby
11,arrive
11,practical
11,element
11,sensory
11,form
11,routine
11,element
11,sense
11,ots
11,receive
11,sensory
11,integration
11,training
11,feel
11,lead
11,expert
11,occupational
11,therabe
11,helpful
11,impact
11,sensory
11,chal
11,pist
11,lenge
11,baby
11,lucky
11,team
11,wonderful
11,occupational
11,therapist
11,vision
11,future
11,lot
11,sensory
11,assessment
11,woman
11,participant
11,cpmht
11,psychologist
11,support
11,awbp
11,unlimited
11,resource
11,fall
11,subtheme
11,autism
11,-focuse
11,care
11,perinatal
11,health
11,training
11,support
11,varying
11,level
11,knowledge
11,understand
11,knowledge
11,understanding
11,autism
11,vari
11,staff
11,cpmhts
11,individual
11,clinician
11,cpmht
11,highlight
11,awbp
11,service
11,autism
11,focus
11,care
11,cpmht
11,level
11,individual
11,staff
11,participant
11,specific
11,focus
11,stand
11,report
11,respond
11,autism
11,service
11,meet
11,autistic
11,special
11,client
11,perinatal
11,mental
11,health
11,aspiration
11,autism
11,champion
11,psychiatrist
11,staff
11,feel
11,care
11,shape
11,service
11,design
11,inter
11,agency
11,confident
11,reflect
11,instance
11,collaboration
11,desire
11,faster
11,assessment
11,practice
11,fall
11,short
11,communicate
11,enable
11,earlier
11,autism
11,diagnose
11,people
11,westgate
11,bmc
11,psychiatry
11,diagnose
11,autistic
11,sooner
11,psychologist
11,post-diagnostic
11,support
11,real
11,sort
11,understanding
11,diagnose
11,autism
11,pathway
11,neurodiverse
11,journey
11,offer
11,professional
11,join
11,care
11,midwifery
11,psychiatrist
11,hope
11,related
11,provision
11,amazing
11,dedicated
11,occupational
11,therapist
11,enable
11,sensory
11,support
11,sensory
11,profiling
11,woman
11,occupational
11,therapist
11,goal
11,peer
11,autistic
11,mum
11,service
11,psychologist
11,psychoeducation
11,partner
11,partner
11,education
11,diagnosis
11,nice
11,service
11,include
11,practitioner
11,desire
11,development
11,evidence
11,base
11,adaption
11,therapy
11,awbp
11,specific
11,...intervention
11,modify
11,autism
11,-inform
11,psychiatrist
11,idea
11,staffing
11,include
11,add
11,specialist
11,autism
11,practitioner
11,team
11,employ
11,autistic
11,perinatal
11,peer
11,support
11,worker
11,participant
11,highlight
11,specific
11,practitioner
11,woman
11,challenge
11,mental
11,health
11,perinatal
11,period
11,intertwined
11,experience
11,autistic
11,hold
11,specialist
11,practitioner
11,psychologist
11,autistic
11,peer
11,support
11,worker
11,provide
11,support
11,individual
11,challenge
11,system
11,meeting
11,wrong
11,psychiatrist
11,participant
11,adaption
11,exist
11,service
11,inexpensive
11,share
11,video
11,people
11,expect
11,visit
11,practitioner
11,improve
11,print
11,literature
11,lot
11,print
11,leaflet
11,medicine
11,necessarily
11,autism
11,friendly
11,psychiatrist
11,participant
11,highlight
11,future
11,service
11,development
11,co-produce
11,revolutionise
11,provide
11,service
11,obstreperous
11,male
11,service
11,user
11,listen
11,psychiatrist
11,staff
11,emphasise
11,support
11,time
11,implement
11,adaptation
11,resource
11,fit
11,prioritise
11,occupational
11,therapist
11,cpmht
11,develop
11,vision
11,awbp
11,autism
11,implement
11,cpmht
11,describe
11,safe
11,supportive
11,environment
11,autistic
11,mother
11,connect
11,share
11,experience
11,receive
11,peer
11,lead
11,professional
11,lead
11,support
11,occupational
11,therapist
11,cpmht
11,appoint
11,autism
11,champion
11,team
11,autism
11,ambassador
11,practitioner
11,training
11,support
11,staff
11,staff
11,consistently
11,highlight
11,training
11,supervision
11,effectively
11,support
11,awbp
11,specifically
11,emphasise
11,importance
11,autism
11,training
11,tailor
11,perinatal
11,focus
11,cpmht
11,training
11,autism
11,sort
11,specific
11,autistic
11,parent
11,occupational
11,therapist
11,staff
11,express
11,desire
11,training
11,evidence
11,base
11,intervention
11,awbp
11,sensory
11,integration
11,finally
11,recommend
11,strengthen
11,connection
11,autism
11,team
11,supervision
11,knowledge
11,share
11,regular
11,space
11,autism
11,service
11,perinatal
11,woman
11,support
11,psychologist
11,discussion
11,study
11,provide
11,account
11,staff
11,perspectife
11,support
11,autistic
11,woman
11,birth
11,people
11,community
11,perinatal
11,mental
11,health
11,team
11,cpmhts
11,exist
11,research
11,establish
11,awbp
11,experience
11,perinatal
11,mental
11,health
11,previous
11,study
11,focus
11,perspectife
11,awbp
11,interaction
11,maternity
11,service
11,broadly
11,specialist
11,perinatal
11,mental
11,health
11,service
11,increase
11,likelihood
11,perinatal
11,mental
11,health
11,awbp
11,over-represented
11,cpmhts
11,study
11,interview
11,awbp
11,cpmht
11,study
11,interview
11,staff
11,cpmht
11,finding
11,extend
11,exist
11,literature
11,identify
11,barrier
11,staff
11,adaptation
11,priorities
11,future
11,service
11,development
11,cpmhts
11,recognise
11,importance
11,adapt
11,care
11,awbp
11,staff
11,lack
11,clarity
11,innovative
11,practices
11,emerge
11,run
11,specifically
11,awbp
11,staff
11,report
11,limit
11,information
11,specific
11,awbp
11,approach
11,effective
11,identify
11,challenge
11,include
11,barriers
11,deliver
11,care
11,physical
11,environment
11,recognise
11,undiagnosed
11,autism
11,perinatal
11,period
11,develop
11,intervention
11,staff
11,highlight
11,training
11,autism
11,-specific
11,peer
11,support
11,co-production
11,key
11,priorities
11,service
11,development
11,westgate
11,bmc
11,psychiatry
11,finding
11,reveal
11,multiple
11,barriers
11,perinatal
11,mental
11,health
11,provider
11,deliver
11,effective
11,inclusive
11,care
11,autistic
11,individual
11,align
11,evidence
11,autistic
11,woman
11,difficult
11,healthcare
11,perinatal
11,period
11,elliot
11,previous
11,study
11,barrier
11,care
11,reflect
11,commonly
11,report
11,healthcare
11,professional
11,autistic
11,adult
11,align
11,broader
11,literature
11,document
11,challenge
11,autistic
11,individual
11,mental
11,health
11,healthcare
11,service
11,include
11,communication
11,challenge
11,autistic
11,patient
11,meeting
11,individual
11,sensory
11,limit
11,autism
11,knowledge
11,train
11,professional
11,systemic
11,issue
11,time
11,resource
11,constraint
11,lack
11,collaboration
11,service
11,autism
11,diagnostic
11,assessment
11,concern
11,staff
11,report
11,awbp
11,suspect
11,autistic
11,formally
11,assess
11,reflect
11,wider
11,pressure
11,diagnostic
11,pathway
11,england
11,wait
11,list
11,persist
11,nice
11,guidance
11,assessment
11,complete
11,week
11,september
11,people
11,wait
11,staff
11,study
11,anecdotally
11,report
11,wait
11,psychiatrist
11,assess
11,diagnose
11,patient
11,cpmhts
11,professionals
11,express
11,limited
11,confidence
11,identify
11,autism
11,perinatal
11,context
11,challenge
11,staff
11,describe
11,effective
11,adaptation
11,improve
11,accessibility
11,specific
11,include
11,choose
11,venue
11,appointment
11,schedule
11,session
11,time
11,week
11,alternative
11,communication
11,method
11,provide
11,email
11,summarie
11,align
11,closely
11,doherty
11,autistic
11,space
11,framework
11,promote
11,service
11,adaptation
11,improve
11,accessibility
11,autistic
11,adult
11,staff
11,reflect
11,therapeutic
11,approaches
11,range
11,therapy
11,autistic
11,patient
11,participant
11,feel
11,practical
11,strategy
11,offer
11,occupational
11,therapy
11,beneficial
11,focus
11,building
11,routines
11,address
11,sensory
11,research
11,examine
11,role
11,occupational
11,therapy
11,perinatal
11,mental
11,health
11,autistic
11,adult
11,broadly
11,participant
11,emphasis
11,individualise
11,care
11,reflect
11,previous
11,recommendation
11,research
11,autistic
11,mental
11,healthcare
11,underscor
11,importance
11,tailor
11,approach
11,perinatal
11,context
11,study
11,suggest
11,service
11,improvement
11,common
11,refrain
11,target
11,training
11,address
11,intersection
11,autism
11,perinatal
11,mental
11,health
11,generic
11,autism
11,training
11,mandatory
11,insufficient
11,meet
11,specific
11,awbp
11,staff
11,feel
11,specific
11,training
11,build
11,confidence
11,sufficient
11,barrier
11,limited
11,time
11,resource
11,commission
11,structure
11,prioritise
11,mental
11,health
11,neurodevelopmental
11,lengthy
11,wait
11,autism
11,diagnosis
11,constrain
11,staff
11,capacity
11,adapt
11,care
11,development
11,highlight
11,peer
11,support
11,mcleish
11,describe
11,benefit
11,drawback
11,cpmhts
11,approach
11,examine
11,autistic
11,perinatal
11,patient
11,initial
11,research
11,peer
11,support
11,autistic
11,adult
11,promise
11,participant
11,emphasise
11,importance
11,co-producing
11,service
11,development
11,autistic
11,people
11,recognise
11,expert
11,identify
11,co-production
11,increasingly
11,mechanism
11,improve
11,service
11,quality
11,provide
11,vital
11,means
11,ensure
11,cpmhts
11,meet
11,awbp
11,implement
11,meaningfully
11,peer
11,support
11,co-production
11,require
11,adequate
11,resourcing
11,limitation
11,study
11,staff
11,select
11,participate
11,nominate
11,senior
11,team
11,relevant
11,experience
11,participant
11,autism
11,potentially
11,reflect
11,view
11,knowledge
11,team
11,addition
11,focus
11,core
11,professional
11,cpmht
11,psychiatrist
11,psychologist
11,community
11,psychiatric
11,nurse
11,cpn
11,care
11,coordinator
11,occupational
11,therapists
11,diversity
11,professional
11,experience
11,cpmhts
11,reflecte
11,mitigate
11,service
11,nominate
11,professional
11,provide
11,voice
11,peer
11,support
11,worker
11,parent
11,infant
11,therapist
11,nursery
11,nurse
11,pharmacist
11,study
11,investigate
11,cpmhts
11,nhs
11,trust
11,england
11,total
11,of223
11,trust
11,finding
11,generalisable
11,nation
11,country
11,model
11,care
11,specific
11,country
11,ireland
11,germany
11,united
11,provide
11,outpatient
11,care
11,perinatal
11,mental
11,health
11,condition
11,learning
11,transferable
11,research
11,examine
11,depth
11,specific
11,occupational
11,therapy
11,cpmhts
11,awbp
11,conclusion
11,study
11,specific
11,barriers
11,challenge
11,experience
11,staff
11,perinatal
11,mental
11,health
11,service
11,prevent
11,mental
11,health
11,support
11,westgate
11,bmc
11,psychiatry
11,write
11,review
11,editing
11,supervision
11,write
11,review
11,awbp
11,multidisciplinary
11,mental
11,health
11,editing
11,hom
11,methodology
11,formal
11,analysis
11,supervision
11,write
11,review
11,team
11,benefit
11,awbp
11,deliver
11,individualised
11,editing
11,read
11,approve
11,final
11,manuscript
11,care
11,occupational
11,therapy
11,funding
11,valuable
11,client
11,notable
11,difference
11,knowl
11,research
11,carry
11,fund
11,phd
11,edge
11,understanding
11,evident
11,data
11,availability
11,individual
11,staff
11,data
11,support
11,finding
11,study
11,openly
11,cpmht
11,involved
11,study
11,suggest
11,lack
11,reason
11,confidentiality
11,specific
11,training
11,systemic
11,support
11,reasonable
11,request
11,reflect
11,liv
11,experience
11,neurodivergence
11,bring
11,staff
11,declaration
11,future
11,improvement
11,staff
11,ethics
11,approval
11,consent
11,participate
11,express
11,demand
11,development
11,autism
11,study
11,approve
11,west
11,scotland3
11,research
11,ethics
11,committee
11,inform
11,care
11,pathway
11,current
11,gaps
11,south
11,west
11,central
11,bristol
11,research
11,ethics
11,committee
11,19/sw/0218
11,service
11,provision
11,highlight
11,tar
11,participant
11,consent
11,participate
11,practical
11,training
11,equip
11,skill
11,confidence
11,additional
11,focus
11,consend
11,publication
11,participant
11,permission
11,anonymised
11,quote
11,publish
11,include
11,appointment
11,autism
11,champion
11,integration
11,autistic
11,peer
11,support
11,worker
11,compete
11,enhance
11,relevance
11,care
11,equally
11,deliver
11,autism
11,train
11,cpmht
11,hom
11,national
11,clinical
11,advisor
11,perinatal
11,mental
11,health
11,national
11,health
11,service
11,england
11,improvement
11,meaningful
11,involvement
11,individual
11,lived
11,experience
11,autism
11,perinatal
11,mental
11,health
11,challenge
11,receive
11,:11
11,march2025
11,accepted:30
11,september2025
11,co-production
11,service
11,development
11,study
11,highlight
11,distinctive
11,structure
11,cpmhts
11,specific
11,support
11,provide
11,awbp
11,experience
11,moderate
11,severe
11,perinatal
11,mental
11,health
12,autism
12,research
12,research
12,comparative
12,analysis
12,autistic
12,woman
12,lifespan
12,childhood
12,adulthood
12,diagnosis
12,maire
12,claire
12,diemer1
12,rosmary
12,ros-demarize1
12,catherine
12,bradley1
12,stephen
12,kanne2
12,hyun
12,kim3
12,julia
12,"parish-morris4,5"
12,leeanne
12,green
12,snyder6
12,ericka
12,"wodka7,8"
12,spark
12,consortium6
12,laura
12,carpenter1
12,department
12,pediatrics
12,medical
12,university
12,south
12,carolina
12,charleston
12,south
12,carolina
12,usa
12,center
12,autism
12,developing
12,brain
12,weill
12,cornell
12,medical
12,college
12,york
12,usa
12,school
12,psychology
12,korea
12,university
12,seoul
12,south
12,korea
12,center
12,autism
12,research
12,children
12,hospital
12,philadelphia
12,philadelphia
12,usa
12,department
12,psychiatry
12,perelman
12,school
12,medicine
12,university
12,pennsylvania
12,philadelphia
12,usa
12,simons
12,foundation
12,boston
12,children
12,hospital
12,boston
12,massachusetts
12,usa
12,department
12,psychiatry
12,behavioral
12,sciences
12,johns
12,hopkins
12,university
12,school
12,medicine
12,baltimore
12,maryland
12,usa
12,center
12,autism
12,services
12,science
12,innovation
12,kennedy
12,krieger
12,institute
12,baltimore
12,maryland
12,usa
12,correspondence
12,maire
12,claire
12,diemer
12,(diemerm@musc.edu
12,laura
12,carpenter
12,(carpentl@musc.edu
12,received:18
12,april2025
12,revised:18
12,april2025
12,accept
12,june2025
12,funding
12,support
12,grant
12,simons
12,foundation
12,simons
12,foundation
12,international
12,l.a.c
12,grateful
12,family
12,spark
12,spark
12,clinical
12,site
12,spark
12,staff
12,keyword
12,adult
12,autism
12,co-occurr
12,condition
12,lgbt
12,lifespan
12,spark
12,woman
12,study
12,investigate
12,experience
12,autistic
12,adult
12,woman
12,understudy
12,autism
12,research
12,predominant
12,focus
12,identification
12,intervention
12,restrictive
12,research
12,participation
12,criterion
12,rate
12,diagnosis
12,sex
12,study
12,characterize
12,cohort
12,autistic
12,adult
12,woman
12,dimension
12,include
12,demographic
12,relationship
12,education
12,employment
12,income
12,co-occurr
12,psychiatric
12,conditions
12,explore
12,difference
12,diagnose
12,autism
12,child
12,diagnose
12,adult
12,sample
12,limit
12,woman
12,read
12,provide
12,independent
12,consent
12,participate
12,result
12,average
12,age
12,diagnosis
12,diagnose
12,age
12,diagnose
12,adulthood
12,sample
12,complete
12,college
12,post
12,secondary
12,education
12,diagnose
12,adult
12,attaine
12,college
12,degree
12,half
12,employ
12,diagnose
12,adult
12,employ
12,time
12,additionally
12,half
12,marry
12,identify
12,romantic
12,partner
12,significant
12,rate
12,psychiatic
12,comorbidity
12,report
12,diagnose
12,autism
12,adult
12,co-occurring
12,anxiety
12,depression
12,eat
12,disorder
12,substance
12,diagnose
12,diagnose
12,child
12,rate
12,suicidal
12,ideation
12,harm
12,endorse
12,sample
12,regression
12,analysis
12,diagnose
12,autism
12,age
12,associate
12,internalizing
12,externalizing
12,substance
12,lower
12,report
12,personal
12,strength
12,accounting
12,demographic
12,factor
12,challenge
12,finding
12,highlight
12,autistic
12,woman
12,positive
12,outcome
12,meet
12,common
12,adult
12,developmental
12,milestone
12,advocate
12,development
12,tailored
12,treatment
12,option
12,address
12,specific
12,autistic
12,woman
12,term
12,creative
12,commons
12,attribution-noncommercial
12,noderivs
12,license
12,permit
12,distribution
12,medium
12,provide
12,properly
12,cite
12,non-commercial
12,modification
12,adaptation
12,autism
12,research
12,publish
12,international
12,society
12,autism
12,research
12,wiley
12,periodicals
12,llc.
12,autism
12,research
12,extra
12,effort
12,social
12,mimicry
12,mask
12,summary
12,literature
12,woman
12,experience
12,social
12,motivation
12,bargiela
12,study
12,investigate
12,liv
12,experience
12,adult
12,drive
12,behavior
12,psychological
12,cost
12,autistic
12,woman
12,diagnose
12,autistic
12,woman
12,report
12,mask
12,lead
12,identity
12,autism
12,childhood
12,diagnose
12,confusion
12,negative
12,mental
12,health
12,outcomes
12,include
12,suicidal
12,adulthood
12,ideation
12,fatigue
12,half
12,woman
12,force
12,married
12,struggl
12,autistic
12,woman
12,report
12,complex
12,relationship
12,gender
12,hurting
12,kill
12,identity
12,kanfiszer
12,report
12,internal
12,feeling
12,half
12,sample
12,report
12,feel
12,anxious
12,disassociation
12,assign
12,sex
12,birth
12,chalor
12,depresse
12,lenge
12,perform
12,interpret
12,gender
12,socialization
12,feature
12,autism
12,presentation
12,misalign
12,gender
12,expectation
12,special
12,train
12,influence
12,introduction
12,perience
12,expression
12,gender
12,identity
12,string
12,extremely
12,limit
12,measurement
12,option
12,relation
12,binary
12,identity
12,contribute
12,lack
12,research
12,strang
12,autism
12,neurodevelopmental
12,disorder
12,define
12,impact
12,social
12,communication
12,skill
12,behavioral
12,flexibility
12,prevalence
12,rate
12,maenner
12,rise
12,nevison
12,zahorodny
12,factor
12,con
12,recently
12,researcher
12,autistic
12,female
12,enroll
12,research
12,rate
12,male
12,majority
12,tribute
12,phenomenon
12,include
12,increase
12,diagnostic
12,rate
12,female
12,mcdonnell
12,research
12,dif
12,females
12,diagnose
12,adulthood
12,report
12,level
12,co-occurring
12,psychiatic
12,condition
12,jadav
12,bal
12,ferentiate
12,profile
12,autistic
12,woman
12,girl
12,impact
12,cohort
12,effect
12,diagnosis
12,prevalence
12,emerge
12,specific
12,project
12,opportunity
12,examine
12,co-occurring
12,condition
12,national
12,sample
12,lehnhardt
12,remain
12,limited
12,information
12,life
12,autistic
12,adult
12,woman
12,systemic
12,exclusion
12,autistic
12,female
12,age
12,autism
12,diagnosis
12,search
12,lack
12,information
12,autism
12,adult
12,age
12,autism
12,diagnosis
12,proxy
12,measure
12,research
12,autism
12,sex
12,healthcare
12,service
12,receive
12,provider
12,biase
12,symptom
12,presentation
12,daniels
12,mandell
12,autism
12,diagnose
12,develop
12,historically
12,female
12,exclude
12,autism
12,research
12,autism
12,effort
12,restrict
12,heterogeneity
12,num
12,ment
12,onset
12,life
12,daniels
12,mandell
12,delay
12,diagnose
12,impact
12,ber
12,analyze
12,reify
12,fewer
12,diagnose
12,research
12,participation
12,mutually
12,intervention
12,school
12,base
12,support
12,prescription
12,klin
12,tangible
12,factor
12,family
12,support
12,calate
12,research
12,study
12,autism
12,exclude
12,exclude
12,identity
12,community
12,kanfiszer
12,importantly
12,relationship
12,age
12,diagnosis
12,severity
12,female
12,male
12,diemer
12,prevalence
12,rate
12,consistently
12,male
12,symptom
12,presentation
12,non-linear
12,ambiguous
12,autism
12,presentation
12,apply
12,low
12,support
12,exclude
12,co-occurring
12,intellectual
12,disability
12,prevalence
12,ratio
12,approximately
12,maenner
12,strong
12,language
12,skill
12,cognitive
12,abilitie
12,mask
12,symptom
12,ambiguity
12,delay
12,diagnosis
12,impact
12,shenouda
12,researcher
12,debate
12,degree
12,difference
12,diagnostic
12,rate
12,access-driven
12,biological
12,support
12,symptom
12,severe
12,autism
12,difficult
12,disentangle
12,hus
12,segal
12,genetic
12,hormonal
12,product
12,socialization
12,social
12,motivation
12,rylaarsdam
12,guemez
12,gamboa
12,sedgewick
12,thurm
12,person
12,diagnose
12,autism
12,adulthood
12,compare
12,childhood
12,psychometrically
12,drive
12,limitation
12,assessment
12,dillon
12,mello
12,importantly
12,meaningful
12,term
12,refer
12,person
12,evaluation
12,pediatrician
12,therapist
12,motivations
12,evaluation
12,research
12,autism
12,diligent
12,identify
12,disentangle
12,influence
12,sex
12,difference
12,compare
12,gender
12,childhood
12,delay
12,adulthood
12,identity
12,concern
12,consent
12,evaluation
12,parent
12,service
12,speech
12,difference
12,socialization
12,influence
12,gender
12,diversity
12,question
12,therapy
12,community
12,seek
12,influence
12,medical
12,care
12,developmental
12,behavioral
12,pediatric
12,review
12,sex
12,difference
12,autism
12,partment
12,manage
12,increase
12,medical
12,comorbidity
12,huang
12,al.
12,napolitano
12,briefly
12,sex
12,difference
12,include
12,compare
12,autistic
12,male
12,autistic
12,female
12,sensory
12,concern
12,autism
12,lifespan
12,repetitive
12,play
12,toy
12,hiller
12,restrict
12,moseley
12,complex
12,interpersonal
12,relationship
12,gosl
12,autism
12,research
12,clinical
12,service
12,focus
12,overwhelmtheory
12,autistic
12,people
12,compensate
12,social
12,deficit
12,ingly
12,child
12,limit
12,discussion
12,transition
12,autism
12,research
12,adulthood
12,middle
12,age
12,adulthood
12,support
12,childhood
12,develop
12,include
12,intervention
12,service
12,apply
12,behavior
12,analysis
12,bailey
12,school
12,service
12,specialize
12,medical
12,care
12,transition
12,adulthood
12,grow
12,baldwin
12,costley
12,information
12,characteristic
12,clinical
12,service
12,adulthood
12,remains
12,comparatively
12,limit
12,begeer
12,identify
12,female
12,tend
12,diagnose
12,male
12,spectrum
12,lifespan
12,knowledge
12,study
12,compare
12,experience
12,autistic
12,woman
12,diagnose
12,childhood
12,diagnose
12,adulthood
12,lockwood
12,estrin
12,women
12,diagnose
12,life
12,unique
12,experience
12,lifespan
12,bargiela
12,green
12,adapt
12,strategy
12,challenge
12,adulthood
12,support
12,understand
12,baldwin
12,costley
12,mental
12,health
12,primary
12,researcher
12,autistic
12,woman
12,autistic
12,people
12,report
12,experience
12,rate
12,psychiatic
12,medical
12,condition
12,neurotypical
12,peer
12,current
12,study
12,study
12,data
12,spark
12,study
12,cohort
12,aim
12,characterize
12,autistic
12,adult
12,woman
12,enrol
12,spark
12,cohort
12,detailing
12,demographic
12,describe
12,family
12,relationship
12,education
12,employment
12,income
12,measure
12,mental
12,co-occurr
12,psychiatric
12,conditions
12,aim
12,explore
12,systematic
12,difference
12,diagnose
12,autism
12,child
12,diagnose
12,adult
12,information
12,vital
12,development
12,lifespan
12,support
12,understanding
12,adult
12,concern
12,priority
12,counter
12,potentially
12,stigmatize
12,narrative
12,autistic
12,woman
12,method
12,project
12,review
12,medical
12,university
12,south
12,carolina
12,institutional
12,review
12,board
12,determine
12,exempt
12,review
12,parent
12,study
12,spark
12,approve
12,wcg
12,irb
12,participant
12,fourteen
12,hundr
12,woman
12,cisgender
12,tran
12,woman
12,-binary
12,assign
12,female
12,birth
12,afab
12,include
12,analysis
12,exclude
12,individual
12,identify
12,tran
12,cisgender
12,woman
12,afab
12,identify
12,-binary
12,refer
12,woman
12,nbp
12,woman
12,-binary
12,people
12,woman
12,nbp
12,enrol
12,spark
12,research
12,study
12,age
12,receive
12,professional
12,diagnosis
12,autism
12,childhood
12,adulthood
12,spark
12,national
12,study
12,recruit
12,autistic
12,individual
12,family
12,recruitment
12,site
12,feliciano
12,adult
12,live
12,united
12,professional
12,autism
12,diagnosis
12,enroll
12,spark
12,recruitment
12,event
12,answer
12,question
12,match
12,research
12,study
12,current
12,study
12,include
12,woman
12,nbp
12,provide
12,independent
12,consent
12,complete
12,spark
12,background
12,history
12,adults
12,basic
12,medical
12,screening
12,adult
12,report
12,asr
12,achenbach
12,rescorla
12,spark
12,require
12,professional
12,diagnosis
12,autism
12,enrollment
12,provide
12,composite
12,validity
12,flag
12,variable
12,identify
12,participant
12,diagnosis
12,medically
12,verify
12,participant
12,unable
12,identify
12,type
12,provider
12,diagnose
12,history
12,question
12,refute
12,autism
12,diagnosis
12,exclude
12,flag
12,diagnostic
12,validity
12,concern
12,study
12,measure
12,background
12,history
12,basic
12,medical
12,screen
12,background
12,history
12,form
12,adult
12,demographic
12,educational
12,achievement
12,support
12,sexual
12,orientation
12,family
12,history
12,basic
12,medical
12,screen
12,form
12,include
12,question
12,medical
12,psychiatric
12,diagnose
12,concern
12,form
12,complete
12,participant
12,include
12,analysis
12,adult
12,report
12,asr
12,achenbach
12,system
12,empirically
12,based
12,assessment
12,battery
12,measure
12,mental
12,health
12,adaptive
12,function
12,lifespan
12,achenbach
12,rescorla
12,comprehensive
12,measure
12,include
12,question
12,family
12,internalizing
12,externalizing
12,suicidality
12,approximately
12,min
12,complete
12,participant
12,rate
12,item
12,scale
12,true
12,true
12,true
12,true
12,measure
12,widely
12,broad
12,measure
12,adult
12,functioning
12,meta-analysis
12,comparative
12,study
12,strong
12,internal
12,consistency
12,cronbach
12,alpha
12,vries
12,asr
12,adaptive
12,friend
12,family
12,support
12,dsm
12,oriented
12,e.g.
12,depressive
12,anxiety
12,broadband
12,syndrome
12,subscale
12,study
12,utilize
12,scale
12,authors
12,elect
12,include
12,broadband
12,strength
12,adaptive
12,substance
12,scale
12,syndrome
12,scale
12,supplement
12,aim
12,manage
12,risk
12,multiple
12,comparison
12,specifically
12,aim
12,characterize
12,sample
12,scale
12,categorize
12,functioning
12,domain
12,family
12,relationship
12,measure
12,friends
12,spouse
12,family
12,asr
12,scale
12,participant
12,report
12,friend
12,frequency
12,contact
12,partner
12,relationship
12,satisfaction
12,family
12,happiness
12,education
12,employment
12,examine
12,job
12,education
12,subscale
12,scale
12,focus
12,school
12,finding
12,education
12,satisfye
12,fulfil
12,personal
12,strengths
12,scale
12,focus
12,efficacy
12,-occurr
12,psychiatric
12,condition
12,assess
12,total
12,internalizing
12,externalizing
12,substance
12,composites
12,total
12,composite
12,score
12,measure
12,composite
12,item
12,internalizing
12,externalize
12,e.g.
12,attention
12,scale
12,internalizing
12,composite
12,score
12,include
12,anxious
12,depressed
12,withdrawn
12,somatic
12,complaint
12,scale
12,externalizing
12,composite
12,include
12,breaking
12,behavior
12,aggressive
12,behavior
12,intrusive
12,behavior
12,lastly
12,substance
12,composite
12,score
12,include
12,information
12,tobacco
12,alcohol
12,drug
12,scale
12,incorporate
12,examine
12,pattern
12,substance
12,population
12,core
12,asr
12,subscale
12,utilize
12,analyse
12,score
12,positive
12,functioning
12,adaptive
12,measure
12,data
12,analysis
12,current
12,study
12,utilize
12,spss
12,v29.0.1.0
12,conduct
12,analysis
12,participant
12,complete
12,measure
12,include
12,analyse
12,missingness
12,analyse
12,complete
12,aim
12,descriptive
12,analysis
12,characterize
12,demographic
12,family
12,education
12,personal
12,strength
12,co-occurr
12,condition
12,aim
12,t-test
12,chi-square
12,test
12,examine
12,difference
12,individual
12,diagnose
12,autism
12,child
12,adult
12,difference
12,education
12,employment
12,status
12,income
12,marital
12,status
12,examine
12,linear
12,regression
12,framework
12,logistic
12,marital
12,status
12,controlling
12,age
12,enrollment
12,individual
12,diagnose
12,child
12,average
12,diagnose
12,adult
12,time
12,participation
12,child
12,adult
12,supplemental
12,analysis
12,education
12,employment
12,status
12,income
12,bracket
12,treat
12,continuous
12,outcome
12,variable
12,marital
12,status
12,marry
12,vs.
12,child
12,treat
12,dichotomous
12,outcome
12,variable
12,examine
12,logistic
12,regression
12,supplemental
12,analysis
12,examine
12,asr
12,descriptife
12,correlational
12,testing
12,analyze
12,demographic
12,variable
12,education
12,marital
12,status
12,employment
12,child
12,associate
12,asr
12,composite
12,score
12,personal
12,strength
12,subscale
12,linear
12,regression
12,conduct
12,covariate
12,variable
12,diagnostic
12,age
12,enter
12,predictor
12,asr
12,composite
12,dependent
12,variable
12,individual
12,beta
12,model
12,statistic
12,examine
12,include
12,table4
12,benjamini-hochberg
12,false
12,discovery
12,rate
12,benjamini
12,hochberg
12,correction
12,protect
12,inflation
12,error
12,multiple
12,comparison
12,result
12,demographic
12,age
12,autism
12,diagnosis
12,distributed
12,skewness
12,kurtosis
12,range
12,month
12,average
12,age
12,diagnosis
12,sample
12,table
12,median
12,mode
12,distribution
12,sample
12,diagnose
12,child
12,diagnose
12,age
12,diagnose
12,diagnose
12,average
12,age
12,diagnosis
12,diagnose
12,adult
12,average
12,age
12,diagnosis
12,average
12,age
12,enrollment
12,spark
12,diagnose
12,child
12,diagnose
12,adult
12,sample
12,limit
12,racial
12,diversity
12,identify
12,white
12,non-hispanic
12,individual
12,diagnose
12,child
12,identify
12,black
12,compare
12,individual
12,diagnose
12,adult
12,pearson
12,chi
12,square
12,family
12,relationship
12,regard
12,sexual
12,orientation
12,woman
12,nbp
12,endorse
12,identify
12,heterosexual
12,endors
12,gay
12,endorse
12,bisexual
12,endorse
12,asexual
12,choose
12,respond
12,term
12,relationship
12,married
12,divorced
12,relationship
12,single
12,thirty
12,percent
12,report
12,child
12,diagnose
12,adult
12,marry
12,diagnose
12,child
12,pearson
12,chi
12,square
12,remain
12,significant
12,accounting
12,age
12,enrollment
12,table
12,education
12,employment
12,income
12,regard
12,education
12,school
12,graduate
12,trade
12,school
12,education
12,bachelor
12,degree
12,associate
12,degree
12,college
12,graduate
12,professional
12,level
12,degree
12,individual
12,diagnose
12,adulthood
12,education
12,attainment
12,diagnose
12,child
12,pearson
12,chi
12,square
12,remain
12,significant
12,accounting
12,age
12,enrollment
12,table
12,standardize
12,term
12,employment
12,time
12,time
12,report
12,unable
12,additional
12,label
12,unemployed
12,participant
12,diagnose
12,adulthood
12,hold
12,time
12,employment
12,diagnose
12,child
12,pearson
12,chi
12,square
12,remain
12,significant
12,accounting
12,age
12,enrollment
12,table
12,standardize
12,common
12,occupation
12,skillead
12,craftsman
12,technician
12,upper
12,management
12,professional
12,service
12,industry
12,household
12,income
12,vari
12,household
12,income
12,participant
12,diagnose
12,adult
12,income
12,bracket
12,compare
12,diagnose
12,child
12,pearson
12,chi
12,square
12,hold
12,significant
12,accounting
12,age
12,enrollment
12,table
12,standardized
12,autism
12,research
12,table
12,demographic
12,age
12,diagnosis
12,age
12,study
12,participation
12,race
12,asian
12,black
12,native
12,american
12,hawaiian
12,white
12,hispanic
12,education
12,level
12,attend
12,ged
12,trade
12,school
12,college
12,current
12,bachelor
12,graduate
12,professional
12,employment
12,time
12,time
12,retired
12,unable
12,unemployed
12,student
12,household
12,income
12,marital
12,status
12,single
12,married
12,partner
12,divorced
12,family
12,child
12,significance
12,hold
12,follow
12,analysis
12,co-occurring
12,psychiatric
12,condition
12,rate
12,lifetime
12,report
12,co-occurr
12,table
12,sample
12,occur
12,diagnosis
12,adhd
12,diagnose
12,difference
12,rate
12,occur
12,sample
12,diagnose
12,diagnosed
12,college
12,unpaid
12,accounting
12,impact
12,age
12,participation
12,linear
12,regression
12,framework
12,participant
12,diagnose
12,autism
12,adult
12,compare
12,diagnose
12,child
12,participant
12,diagnose
12,diagnose
12,autism
12,child
12,odd
12,pearson
12,chi
12,square
12,conduct
12,disorder
12,pearson
12,report
12,chi
12,square
12,diagnose
12,compare
12,condition
12,diagnose
12,autism
12,adult
12,depressive
12,diagnosis
12,report
12,participant
12,report
12,diagnose
12,anxiety
12,disorder
12,depression
12,common
12,diagnose
12,autism
12,adult
12,pearson
12,chi
12,square
12,diagnose
12,child
12,diagnose
12,sleep
12,disorder
12,report
12,participant
12,eat
12,disorder
12,eat
12,disorder
12,common
12,adult
12,diagnose
12,sample
12,pearson
12,chi
12,square
12,diagnose
12,low
12,base
12,rate
12,schizophrenia
12,diagnosis
12,report
12,diagnose
12,personality
12,disorder
12,age
12,autism
12,diagnosis
12,distribution
12,table
12,adult
12,report
12,sample
12,diagnose
12,family
12,relationship
12,friends
12,spouse
12,family
12,education
12,employment
12,income
12,job
12,education
12,co-occurr
12,psychiatric
12,condition
12,drug
12,note
12,scale
12,score
12,significant
12,difference
12,base
12,test
12,friend
12,job
12,education
12,family
12,subscale
12,tobacco
12,alcohol
12,drug
12,subscale
12,determine
12,t-testing
12,asr
12,finding
12,regard
12,job
12,education
12,family
12,satisfaction
12,subscale
12,list
12,regard
12,substance
12,symptom
12,report
12,woman
12,nbp
12,diagnose
12,adult
12,alcohol
12,drug
12,linear
12,regression
12,include
12,covariate
12,analysis
12,table
12,child
12,education
12,level
12,employment
12,regression
12,analyse
12,table4
12,summary
12,controlle
12,covariate
12,model
12,significant
12,age
12,autism
12,diagnosis
12,significant
12,predictor
12,model
12,include
12,internalizing
12,score
12,externalize
12,score
12,substance
12,total
12,personal
12,"18,m"
12,diagnose
12,spouse
12,family
12,relationship
12,education
12,employment
12,income
12,personal
12,strength
12,autism
12,research
12,table
12,co-occurr
12,diagnose
12,lifetime
12,co-occurring
12,diagnose
12,sample
12,diagnosed
12,neurodevelopmental
12,childhood
12,adhd
12,odd
12,conduct
12,mood
12,anxiety
12,ocd
12,bipolar
12,depression
12,schizophrenia
12,personality
12,disorder
12,sleep
12,diagnosis
12,substance
12,abuse
12,eating
12,disorder
12,strengt
12,models
12,account
12,range
12,variance
12,report
12,outcome
12,variable
12,range
12,exploratory
12,hoc
12,analysis
12,investigate
12,mental
12,health
12,scale
12,asr
12,include
12,internalizing
12,externalizing
12,total
12,substance
12,subgroup
12,participant
12,diagnose
12,internalizing
12,disorder
12,ocd
12,anxiety
12,depression
12,bipolar
12,approximately
12,internalizing
12,total
12,score
12,elevate
12,population
12,respec
12,tively
12,fall
12,borderline
12,referral
12,range
12,91st
12,percentile
12,critical
12,item
12,figure
12,reveal
12,level
12,suicidal
12,ideation
12,harm
12,sample
12,kill
12,deliberately
12,harm
12,kill
12,anticipate
12,add
12,exploratory
12,hoc
12,analysis
12,base
12,research
12,suggest
12,rate
12,suicidal
12,ideation
12,individual
12,identify
12,gender
12,diverse
12,sexually
12,minoritize
12,sidaros
12,result
12,report
12,deliberately
12,harm
12,kill
12,sample
12,identify
12,sexual
12,orientation
12,diverse
12,gender
12,diverse
12,exclude
12,heterosexual
12,cisgender
12,woman
12,regard
12,deliberate
12,harm
12,attempt
12,kill
12,exploratory
12,chi
12,square
12,significant
12,chi
12,square
12,heterosexual
12,cisgendered
12,people
12,report
12,rate
12,harm
12,suicide
12,attempt
12,histories
12,gender
12,sexual
12,orientation
12,minoritize
12,people
12,endorse
12,history
12,regard
12,diagnosed
12,suicidal
12,ideation
12,association
12,pearson
12,chi
12,square
12,heterosexual
12,cisgendered
12,people
12,gender
12,sexual
12,orientation
12,minoritize
12,people
12,endorse
12,suicidal
12,ideation
12,discussion
12,study
12,provide
12,deeper
12,understanding
12,family
12,relationship
12,education
12,life
12,psychiatric
12,health
12,autistic
12,woman
12,nbp
12,explore
12,potential
12,difference
12,diagnose
12,child
12,compare
12,adult
12,participant
12,report
12,positive
12,outcome
12,employment
12,relationship
12,education
12,rate
12,health
12,alarmingly
12,rate
12,harm
12,suicidal
12,ideation
12,endorse
12,summary
12,major
12,finding
12,demographic
12,distribution
12,age
12,diagnosis
12,unique
12,compare
12,scale
12,autism
12,study
12,modal
12,age
12,consistent
12,national
12,average
12,maenner
12,diagnose
12,age
12,age
12,child
12,diagnose
12,maenner
12,reflect
12,potential
12,bia
12,sample
12,challenge
12,diagnostic
12,journey
12,autistic
12,woman
12,nbp
12,encounter
12,importantly
12,sample
12,exclude
12,guardianship
12,unable
12,complete
12,report
12,form
12,independently
12,contribute
12,age
12,diagnosis
12,result
12,sample
12,exclude
12,support
12,table
12,age
12,autism
12,diagnosis
12,predict
12,internalizing
12,externalizing
12,substance
12,total
12,personal
12,strength
12,predictor
12,beta
12,internalizing
12,age
12,autism
12,diagnosis
12,child
12,education
12,employment
12,externalize
12,age
12,autism
12,diagnosis
12,child
12,education
12,employment
12,substance
12,composite
12,age
12,autism
12,diagnosis
12,child
12,education
12,employment
12,total
12,age
12,autism
12,diagnosis
12,child
12,education
12,employment
12,personal
12,strengt
12,age
12,autism
12,diagnosis
12,child
12,employment
12,note
12,adult
12,report
12,asr
12,finding
12,child
12,code
12,child
12,code
12,family
12,relationships
12,census
12,data
12,participation
12,female
12,labor
12,force
12,include
12,unemployed
12,job
12,seeker
12,bureau
12,labor
12,consistent
12,past
12,research
12,participant
12,statistics
12,combine
12,time
12,sample
12,majority
12,study
12,married
12,neurotypical
12,identify
12,lgbtq
12,recent
12,data
12,pew
12,research
12,center
12,indi
12,household
12,incomes
12,median
12,approximately
12,u.s.
12,census
12,bureau
12,income
12,dato
12,cate
12,age
12,range
12,adult
12,marry
12,compare
12,sample
12,par
12,difficult
12,interpret
12,constitute
12,report
12,household
12,partner
12,parent
12,singles
12,ticipant
12,autistic
12,adult
12,identify
12,lgbtq
12,peer
12,sample
12,half
12,finding
12,support
12,prior
12,research
12,suggest
12,autistic
12,adult
12,risk
12,under-employment
12,baldwin
12,identify
12,cisgender
12,heterosexual
12,importance
12,holistic
12,identity
12,clinical
12,care
12,understand
12,force
12,affect
12,life
12,ableism
12,homophobia
12,lower
12,income
12,context
12,low
12,educational
12,attainment
12,sample
12,progress
12,education
12,employment
12,income
12,post-secondary
12,education
12,population
12,census
12,bureau
12,census
12,data
12,imperfect
12,match
12,age
12,sample
12,employ
12,similar
12,rate
12,female
12,ability
12,discrepancy
12,rate
12,college
12,postgraduate
12,completion
12,population
12,lower
12,average
12,household
12,income
12,autism
12,research
12,figure
12,suicidality
12,accord
12,asr
12,critical
12,item
12,summary
12,select
12,finding
12,similar
12,college
12,completion
12,graduate
12,education
12,aged
12,matched
12,subsample
12,interpretation
12,selective
12,bia
12,highly
12,educated
12,individual
12,research
12,sample
12,skew
12,educate
12,henrich
12,alternatively
12,plausible
12,academic
12,achievement
12,characteristic
12,population
12,cridland
12,postulate
12,autistic
12,girl
12,skill
12,suite
12,academic
12,success
12,include
12,rule
12,follow
12,preference
12,structure
12,involvement
12,share
12,interpretation
12,autistic
12,woman
12,nbp
12,draw
12,career
12,hospitality
12,service
12,industry
12,drive
12,altruism
12,traditionally
12,lower
12,pay
12,lower
12,wage
12,function
12,difficulty
12,workplace
12,discrimination
12,insufficient
12,support
12,employment
12,opportunity
12,inhospitable
12,neurodiverse
12,difference
12,demand
12,independent
12,time
12,management
12,multitask
12,personnel
12,management
12,pose
12,challenge
12,hayward
12,organizational
12,psychologist
12,clinical
12,psychologist
12,autistic
12,woman
12,collaboratively
12,identify
12,evaluate
12,accommodation
12,workplace
12,hospitable
12,co-occurr
12,psychiatric
12,conditions
12,rate
12,co-occurring
12,condition
12,trend
12,neurotypical
12,population
12,half
12,endorse
12,occur
12,adhd
12,review
12,co-occurring
12,condition
12,autistic
12,population
12,estimate
12,co-occurrence
12,adhd
12,adult
12,rosen
12,elevate
12,symptom
12,screening
12,autism
12,motivate
12,people
12,seek
12,evaluation
12,close
12,gap
12,referral
12,regard
12,odd
12,conduct
12,disorder
12,rosen
12,colleague
12,report
12,diagnosis
12,childhood
12,versus
12,adulthood
12,co-occurrence
12,mix
12,sample
12,male
12,female
12,study
12,lower
12,rate
12,jadav
12,bal
12,secondary
12,aim
12,study
12,determine
12,autistic
12,female
12,endorse
12,psychiatric
12,symptom
12,con
12,autistic
12,woman
12,nbp
12,diagnose
12,child
12,dition
12,male
12,counterpart
12,adult
12,diagnose
12,people
12,diagnose
12,adult
12,diagnose
12,adult
12,atendorse
12,psychiatric
12,symptom
12,child
12,diagnose
12,tain
12,level
12,education
12,time
12,counterpart
12,employ
12,household
12,income
12,marry
12,diagnose
12,child
12,diagnose
12,note
12,data
12,under-estimate
12,adult
12,depression
12,eat
12,disorder
12,true
12,co-occurring
12,prevalence
12,include
12,official
12,diagno
12,diagnose
12,regression
12,analysis
12,age
12,diagnosis
12,medical
12,provider
12,woman
12,nbp
12,cop
12,significantly
12,related
12,adult
12,report
12,mental
12,health
12,symptom
12,undiagnosed
12,difficulty
12,barrier
12,care
12,accounting
12,demographic
12,factor
12,doherty
12,subsample
12,participant
12,ployment
12,education
12,status
12,age
12,diagnosis
12,report
12,internalizing
12,disorder
12,diagnosis
12,average
12,total
12,lat
12,internalizing
12,externalizing
12,substance
12,internalizing
12,personal
12,strength
12,report
12,effect
12,possibility
12,under-diagnosis
12,widespread
12,elevation
12,inter
12,age
12,autism
12,diagnosis
12,consistent
12,impactful
12,connalize
12,symptom
12,population
12,tribute
12,amount
12,explai
12,variance
12,symptom
12,report
12,suggest
12,factor
12,autistic
12,woman
12,report
12,experience
12,account
12,relevant
12,include
12,cidal
12,engage
12,harm
12,behavior
12,adaptive
12,skill
12,internalize
12,ableism
12,pattern
12,suicidal
12,ideation
12,align
12,previous
12,finding
12,similar
12,num
12,blanchard
12,link
12,mask
12,ber
12,co-occurring
12,condition
12,symptom
12,mental
12,health
12,concern
12,autistic
12,woman
12,miller
12,striking
12,identify
12,gender
12,sexual
12,objectively
12,meet
12,typical
12,adult
12,milestone
12,orientation
12,diverse
12,endorse
12,rate
12,suicidal
12,ideation
12,individual
12,diagnose
12,adult
12,report
12,harm
12,cisgender
12,heterosexual
12,counterpart
12,fur
12,psychological
12,distress
12,fewer
12,personal
12,strength
12,emphasize
12,importance
12,intersectional
12,vidual
12,diagnose
12,child
12,potential
12,explanation
12,identitie
12,measure
12,risk
12,multifactorial
12,include
12,impact
12,missing
12,intervention
12,opportunity
12,ben
12,itzchak
12,elevated
12,substance
12,rate
12,report
12,sample
12,zachor
12,lack
12,diagnostic
12,label
12,support
12,increase
12,risk
12,death
12,neurotypical
12,population
12,esang
12,identity
12,development
12,childhood
12,individual
12,diagnose
12,ahmed
12,drug
12,alco
12,adulthood
12,mask
12,level
12,contribute
12,hol
12,risk
12,factor
12,recent
12,episodes
12,suicidality
12,delay
12,diagnosis
12,toll
12,mental
12,health
12,harm
12,autistic
12,adult
12,diagnose
12,adulthood
12,larkin
12,woman
12,nbp
12,seek
12,diagnosis
12,research
12,substance
12,autism
12,adulthood
12,psychiatric
12,distress
12,mix
12,reduce
12,risk
12,time
12,sug
12,personal
12,strength
12,strong
12,start
12,treatment
12,gesting
12,situationally
12,increase
12,risk
12,co-occurring
12,adhd
12,planning
12,future
12,research
12,emphasize
12,successful
12,rosen
12,sample
12,report
12,substance
12,coping
12,mechanism
12,image
12,stress
12,management
12,producuse
12,diagnose
12,suggest
12,develop
12,intervention
12,taitivity
12,engagement
12,specific
12,spectrum
12,increasingly
12,substance
12,gendered
12,lens
12,limitation
12,female
12,unique
12,risk
12,factor
12,pregnancy
12,domestic
12,violence
12,addiction
12,rapid
12,progression
12,disease
12,outcomes
12,breast
12,cancer
12,risk
12,harmful
12,psycho
12,sample
12,representative
12,larger
12,population
12,logical
12,concern
12,compare
12,dawson
12,hussong
12,autistic
12,woman
12,autistic
12,adults
12,specifically
12,maet
12,pinkerton
12,mchugh
12,jority
12,white
12,highly
12,educated
12,sample
12,finding
12,towers
12,importance
12,assessment
12,understand
12,context
12,reason
12,assumption
12,tersectional
12,fannin
12,rate
12,autism
12,diagnosis
12,bipoc
12,rising
12,maenner
12,sample
12,report
12,diagnose
12,sleep
12,disor
12,change
12,dynamics
12,primarily
12,child
12,der
12,signature
12,sleeping
12,patterns
12,adult
12,sample
12,study
12,endophenotype
12,evidence
12,widespread
12,sleep
12,include
12,measure
12,autism
12,-specific
12,symptom
12,intensity
12,autistic
12,population
12,veatch
12,line
12,impairment
12,measure
12,cognitive
12,ability
12,study
12,research
12,symptomology
12,overlap
12,finding
12,generalization
12,intism
12,eat
12,disorder
12,ritualize
12,eat
12,behavior
12,dividual
12,participant
12,report
12,autism
12,diagnosis
12,qualifood
12,refusal
12,rosen
12,rate
12,eat
12,professional
12,diagnose
12,validate
12,study
12,disorder
12,autistic
12,woman
12,identify
12,control
12,diffi
12,autism
12,diagnose
12,spark
12,validate
12,medical
12,culty
12,deal
12,emotion
12,preference
12,predictability
12,record
12,review
12,inclusive
12,adult
12,fombonne
12,drive
12,factor
12,co-occurring
12,anorexia
12,brede
12,exclude
12,participant
12,flag
12,questionable
12,diagnostic
12,huke
12,validity
12,control
12,limitation
12,sample
12,exclude
12,autism
12,research
12,support
12,fill
12,report
12,form
12,investigation
12,female
12,autism
12,phenotype
12,journal
12,autism
12,developmental
12,disorders
12,guardianship
12,beck
12,lundwall
12,gabrielsen
12,cox
12,south.2020
12,conclusion
12,feel
12,bad
12,camouflage
12,behaviors
12,mental
12,health
12,woman
12,autistic
12,traits
12,autism
12,study
12,paint
12,complex
12,picture
12,community
12,education
12,medical
12,life
12,autistic
12,woman
12,nbp
12,result
12,provide
12,benjamini
12,hochberg
12,controlle
12,false
12,discovery
12,compelle
12,support
12,research
12,tailor
12,mental
12,rate
12,practical
12,powerful
12,approach
12,multiple
12,testing
12,journal
12,health
12,support
12,suicidal
12,behavior
12,royal
12,statistical
12,society
12,series
12,methodological
12,https://doi.org/10.1111/j.2517-6161.1995.tb02031.x
12,substance
12,eat
12,disorder
12,internalizing
12,conditions.300
12,improve
12,assessment
12,measure
12,support
12,autistic
12,adult
12,begeer
12,mandell
12,wijnker
12,holmes
12,al.2013
12,sex
12,improve
12,term
12,outcome
12,population
12,difference
12,timing
12,identification
12,children
12,adults
12,autism
12,spectrum
12,disorders
12,journal
12,autism
12,developmental
12,disorders
12,support
12,grant
12,simons
12,foundation
12,1007/
12,simons
12,foundation
12,international
12,lac
12,ben
12,itzchak
12,zachor.2011
12,benefit
12,grateful
12,family
12,spark
12,spark
12,clinical
12,intervention
12,autism
12,spectrum
12,disorders
12,research
12,autism
12,site
12,spark
12,staff
12,obtain
12,pheno
12,spectrum
12,disorder
12,https://doi.org/10.1016/j.rasd
12,typic
12,data
12,sfari
12,base
12,approve
12,researchers
12,obtain
12,spark
12,population
12,dataset
12,describe
12,study
12,http
12,blanchard
12,chihuri
12,diguiseppi
12,li.2021
12,risk
12,sfari.org/public/user/6ab558d6-f
12,a0879a
12,harm
12,children
12,adults
12,autism
12,spectrum
12,disorder
12,apply
12,systematic
12,review
12,meta
12,nalysis
12,jama
12,network
12,e2130272
12,brede
12,babb
12,jones
12,anorexia
12,ethics
12,statement
12,symptom
12,autism
12,investigate
12,restrictive
12,eating
12,disorder
12,autistic
12,woman
12,journal
12,autism
12,developmental
12,project
12,review
12,determi
12,exempt
12,medical
12,disorder
12,no.
12,university
12,south
12,carolina
12,institutional
12,review
12,board
12,approval
12,bureau
12,labor
12,statistics
12,u.s.
12,department
12,labor
12,economics
12,conflicts
12,daily.2023
12,labor
12,force
12,participation
12,rate
12,woman
12,declare
12,conflict
12,district
12,columbia
12,census
12,bureau
12,releases.2023
12,educational
12,attainment
12,data
12,data
12,availability
12,statement
12,press
12,release
12,cb23-t
12,ps.21
12,https://w
12,ww.census.gov/newsr
12,oom
12,023/educational-attainment-data.html
12,data
12,support
12,finding
12,study
12,simons
12,foundation
12,restriction
12,apply
12,availability
12,data
12,cridland
12,jones
12,caputi
12,magee
12,license
12,study
12,data
12,girl
12,boy
12,world
12,investigate
12,experience
12,girl
12,http
12,://spark
12,autism
12,spectrum
12,disorders
12,adolescence
12,journal
12,autism
12,mission
12,simons
12,foundation
12,developmental
12,disorder
12,daniels
12,explain
12,difference
12,age
13,review
13,underdiagnosed
13,misunderstood
13,clinical
13,challenge
13,educational
13,healthcare
13,professionals
13,identifying
13,autism
13,spectrum
13,disorder
13,woman
13,beata
13,gellert
13,janusz
13,ostrowski
13,jarosław
13,pinkas
13,urszula
13,religioni
13,school
13,public
13,health
13,centre
13,postgraduate
13,medical
13,education
13,warsaw
13,warsaw
13,poland
13,correspondence
13,bgellert@cmkp.edu.pl
13,abstract
13,autism
13,spectrum
13,disorder
13,asd
13,remain
13,significantly
13,underdiagnosed
13,woman
13,result
13,persistent
13,gender
13,gap
13,clinical
13,functional
13,psychosocial
13,implication
13,narrative
13,review
13,explore
13,multifactorial
13,barriers
13,contribute
13,diagnostic
13,disparity
13,include
13,male
13,oriented
13,structure
13,current
13,diagnostic
13,criterion
13,prevalence
13,co-occurring
13,psychiatic
13,condition
13,phenomenon
13,social
13,camouflaging
13,shape
13,culturally
13,reinforce
13,gender
13,norm
13,factor
13,frequently
13,lead
13,delay
13,identification
13,clinical
13,misinterpretation
13,suboptimal
13,care
13,review
13,synthesize
13,evidence
13,clinical
13,psychological
13,sociocultural
13,research
13,demonstrate
13,under-recognition
13,asd
13,woman
13,impacts
13,mental
13,health
13,outcome
13,education
13,occupational
13,stability
13,quality
13,life
13,special
13,emphasis
13,consequence
13,missed
13,late
13,diagnose
13,healthcare
13,delivery
13,educational
13,clinician
13,involved
13,asd
13,assessment
13,care
13,conclude
13,actionable
13,evidence
13,base
13,recommendation
13,enhance
13,diagnostic
13,sensitivity
13,develop
13,gender
13,responsive
13,screening
13,strategy
13,integrat
13,training
13,female
13,autism
13,presentation
13,medical
13,ally
13,health
13,education
13,addresse
13,challenge
13,essential
13,reduce
13,diagnostic
13,inequity
13,ensure
13,timely
13,accurate
13,person
13,centere
13,care
13,autistic
13,woman
13,lifespan
13,academic
13,editor
13,dario
13,siniscalco
13,receive
13,june2025
13,keyword
13,autism
13,spectrum
13,disorder
13,asd
13,woman
13,gender
13,difference
13,diagnostic
13,revised:31
13,july2025
13,challenge
13,social
13,camouflaging
13,psychiatric
13,comorbidity
13,accept
13,august2025
13,publish
13,august2025
13,citation
13,gellert
13,ostrowski
13,pinkas
13,religioni
13,introduction
13,underdiagnosed
13,misunderstood
13,clinical
13,challenge
13,educational
13,autism
13,spectrum
13,disorder
13,asd
13,heterogeneous
13,neurodevelopmental
13,healthcare
13,professionals
13,condition
13,characterize
13,persistent
13,difficulty
13,social
13,communication
13,interac
13,identify
13,autism
13,spectrum
13,disorder
13,tion
13,restrict
13,repetitive
13,pattern
13,behavior
13,activity
13,woman
13,behavioral
13,sciences
13,define
13,dsm
13,icd
13,classification
13,system
13,american
13,psychiatric
13,association
13,clinical
13,definition
13,uniform
13,manifestation
13,symptom
13,recognition
13,real
13,-world
13,contexts
13,vary
13,significantly
13,individual
13,copyright
13,genders
13,licensee
13,mdpi
13,basel
13,switzerland
13,current
13,research
13,consistently
13,report
13,asd
13,diagnose
13,substantially
13,male
13,female
13,male
13,female
13,ratio
13,commonly
13,cite
13,distribute
13,term
13,condition
13,creative
13,commons
13,study
13,suggest
13,wider
13,disparity
13,posserud
13,al.
13,grow
13,attribution
13,license
13,body
13,evidence
13,challenge
13,assumption
13,reflect
13,true
13,prevalence
13,difference
13,discrepancy
13,increasingly
13,attribute
13,limitation
13,diagnostic
13,licenses/by
13,behav.
13,sci.
13,behav.
13,sci
13,framework
13,longstanding
13,neglect
13,gender
13,specific
13,presentations
13,autism
13,milner
13,hull
13,standard
13,diagnostic
13,tool
13,include
13,autism
13,diagnostic
13,observation
13,schedule
13,ado
13,autism
13,diagnostic
13,interview
13,revise
13,adi
13,develop
13,validate
13,primarily
13,male
13,samples
13,result
13,sensitive
13,nuanced
13,behavioral
13,pattern
13,observ
13,autistic
13,female
13,call
13,female
13,autism
13,phenotype
13,frequently
13,mark
13,subtle
13,social
13,difficulty
13,advance
13,mask
13,camouflage
13,strategy
13,internalize
13,distress
13,autistic
13,woman
13,elevate
13,rate
13,psychiatric
13,comorbidity
13,anxiety
13,depression
13,eat
13,disorder
13,condition
13,obscure
13,core
13,autism
13,trait
13,lead
13,misdiagnosis
13,delay
13,recognition
13,navarro
13,pardo
13,al.
13,autistic
13,woman
13,remain
13,unidentified
13,adolescence
13,adulthood
13,ineffective
13,treatment
13,targeting
13,co-occurr
13,symptom
13,underlying
13,condition
13,delay
13,hamper
13,support
13,increase
13,risk
13,term
13,psychosocial
13,difficulty
13,include
13,educational
13,underachievement
13,social
13,isolation
13,occupational
13,challenge
13,reduce
13,quality
13,life
13,navarro
13,pardo
13,al.
13,al.
13,purpose
13,critically
13,examine
13,current
13,knowledge
13,regard
13,diagnostic
13,functional
13,challenge
13,experience
13,woman
13,asd
13,narrative
13,review
13,classical
13,contemporary
13,literature
13,include
13,perspectife
13,autistic
13,individual
13,aim
13,identify
13,key
13,factor
13,contribute
13,underdiagnosis
13,misdiagnosis
13,conclude
13,evidence
13,base
13,recommendation
13,improve
13,diagnostic
13,equity
13,foster
13,gender
13,sensitive
13,clinical
13,practice
13,inform
13,future
13,direction
13,research
13,education
13,support
13,system
13,diagnostic
13,frameworks
13,clinical
13,limitations
13,woman
13,autism
13,spectrum
13,disproportionately
13,underdiagnose
13,misdiagnose
13,multiple
13,overlapping
13,factor
13,include
13,male
13,centere
13,structure
13,diagnostic
13,criterion
13,rate
13,psychiatric
13,comorbidity
13,obscure
13,autistic
13,trait
13,gender
13,base
13,social
13,expectation
13,significant
13,challenge
13,historical
13,development
13,diagnostic
13,tool
13,framework
13,base
13,predominantly
13,male
13,population
13,result
13,clinical
13,model
13,fail
13,adequately
13,capture
13,autism
13,manifest
13,girl
13,woman
13,edwards
13,standardize
13,instrument
13,autism
13,diagnostic
13,observation
13,schedule
13,autism
13,diagnostic
13,interview
13,revise
13,frequently
13,lack
13,sensitivity
13,subtle
13,presentation
13,asd
13,female
13,average
13,average
13,intellectual
13,functioning
13,engage
13,masking
13,behavior
13,mimic
13,neurotypical
13,social
13,pattern
13,study
13,tool
13,originally
13,develop
13,primarily
13,male
13,sample
13,fail
13,detect
13,autism
13,woman
13,internalized
13,symptom
13,compensatory
13,strategy
13,ratto
13,limitation
13,stem
13,diagnostic
13,framework
13,instrument
13,historically
13,construct
13,base
13,homogenous
13,male
13,dominate
13,sample
13,result
13,individual
13,conform
13,prototype
13,autistic
13,woman
13,remain
13,undiagnosed
13,misdiagnosed
13,valuable
13,clinical
13,practice
13,limitation
13,underscore
13,complementary
13,assessment
13,capture
13,gendere
13,expression
13,autism
13,context
13,worth
13,emphasize
13,commonness
13,social
13,camouflage
13,prominent
13,feature
13,female
13,autism
13,phenotype
13,individual
13,consciously
13,unconsciously
13,imitate
13,neurotypical
13,behavior
13,navigate
13,social
13,situation
13,hull
13,strategy
13,result
13,superficial
13,appearance
13,social
13,competence
13,conceal
13,significant
13,internal
13,distress
13,reduce
13,likelihood
13,sci
13,receive
13,asd
13,diagnosis
13,diagnosntic
13,assessment
13,rely
13,heavily
13,structure
13,observation
13,behavioral
13,checklist
13,prone
13,overlook
13,mask
13,difficulty
13,exist
13,diagnostic
13,framework
13,dsm
13,icd
13,fail
13,reflect
13,liv
13,experience
13,autistic
13,woman
13,co-occurr
13,psychiatric
13,condition
13,obscure
13,core
13,symptom
13,addition
13,camouflage
13,autistic
13,female
13,sensory
13,processing
13,difference
13,heighten
13,sensitivity
13,noise
13,touch
13,restrict
13,align
13,socially
13,acceptable
13,topics
13,animal
13,video
13,game
13,literature
13,socially
13,surface
13,significant
13,functional
13,impairment
13,intense
13,inflexible
13,frequently
13,overlook
13,diagnostic
13,evaluation
13,edwards
13,emerge
13,instrument
13,girls
13,questionnaire
13,autism
13,spectrum
13,conditions
13,asc
13,attempt
13,address
13,gap
13,include
13,item
13,reflect
13,gender
13,specific
13,experience
13,identity
13,confusion
13,social
13,mimicry
13,anxiety
13,related
13,gender
13,role
13,napolitano
13,asc
13,widely
13,implement
13,remain
13,standard
13,diagnostic
13,practice
13,strengt
13,lie
13,target
13,focus
13,female
13,autism
13,phenotype
13,offer
13,item
13,capture
13,subtle
13,presentation
13,miss
13,generic
13,tool
13,limitation
13,include
13,lack
13,normative
13,data
13,validation
13,diverse
13,population
13,hinder
13,broader
13,clinical
13,adoption
13,additionally
13,effective
13,asc
13,require
13,specific
13,training
13,clinician
13,interpret
13,result
13,accurately
13,comprehensive
13,diagnostic
13,framework
13,gender
13,sensitive
13,tool
13,development
13,asc
13,remain
13,primary
13,focus
13,advanced
13,stage
13,design
13,empirical
13,support
13,improve
13,diagnostic
13,accuracy
13,woman
13,asd
13,benefit
13,broaden
13,scope
13,evaluation
13,traditional
13,tool
13,complementary
13,approach
13,qualitative
13,interview
13,informant
13,report
13,ecological
13,observation
13,suggest
13,literature
13,potentially
13,valuable
13,capture
13,subtler
13,context
13,dependent
13,trait
13,additionally
13,flexible
13,gender
13,sensitive
13,criterion
13,clinician
13,recognize
13,diverse
13,presentations
13,autism
13,support
13,process
13,training
13,identify
13,gender
13,manifestation
13,validate
13,instrument
13,varied
13,population
13,remain
13,development
13,psychiatric
13,comorbidity
13,sociocultural
13,masking
13,major
13,diagnostic
13,barrier
13,prevalence
13,psychiatric
13,comorbidity
13,autistic
13,woman
13,frequently
13,obscure
13,delay
13,recognition
13,asd
13,include
13,mood
13,anxiety
13,disorder
13,eating
13,disorder
13,obsessive
13,compulsive
13,disorder
13,ocd
13,dominate
13,clinical
13,picture
13,divert
13,attention
13,autism
13,underlying
13,condition
13,mood
13,anxiety
13,disorder
13,frequently
13,report
13,co-occurr
13,condition
13,individual
13,autism
13,spectrum
13,disorder
13,recent
13,meta-analytical
13,finding
13,suggest
13,prevalence
13,depressive
13,disorder
13,autistic
13,population
13,lower
13,previously
13,estimate
13,synthesis
13,study
13,pooled
13,prevalence
13,depressive
13,disorder
13,approximately
13,anxiety
13,disorder
13,mccrossin
13,estimate
13,lower
13,earlier
13,clinical
13,assumption
13,remain
13,population
13,vary
13,study
13,type
13,age
13,gender
13,setting
13,prevalence
13,rate
13,clinical
13,samples
13,notably
13,populationbase
13,data
13,suggest
13,psychiatric
13,burden
13,seek
13,care
13,autistic
13,woman
13,issue
13,compound
13,late
13,miss
13,diagnose
13,report
13,stand
13,mental
13,health
13,difficulty
13,begin
13,childhood
13,misattribute
13,behav.
13,sci
13,condition
13,chronic
13,internal
13,distress
13,misunderstood
13,social
13,challenge
13,repeat
13,mislabeling
13,frequently
13,lead
13,cascade
13,inaccurate
13,diagnose
13,include
13,depression
13,anxiety
13,eat
13,disorder
13,bipolar
13,disorder
13,personality
13,disorder
13,ptsd
13,evidence
13,suggest
13,psychiatric
13,symptom
13,reflect
13,cumulative
13,trauma
13,link
13,undiagnose
13,neurodivergence
13,mccrossin
13,understand
13,underlying
13,autistic
13,profile
13,woman
13,receive
13,fragmented
13,care
13,treat
13,individual
13,symptom
13,root
13,condition
13,impede
13,understanding
13,support
13,finding
13,underscore
13,recognize
13,autism
13,key
13,upstream
13,factor
13,woman
13,mental
13,health
13,asd
13,mental
13,illness
13,identification
13,woman
13,endure
13,misdiagnosis
13,ineffective
13,intervention
13,recognition
13,transformative
13,key
13,comorbidity
13,eat
13,disorder
13,anorexia
13,bulimia
13,schröder
13,al.
13,restrictive
13,eating
13,behavior
13,over-represented
13,autistic
13,female
13,anorexia
13,function
13,coping
13,mechanism
13,sensory
13,overload
13,social
13,unpredictability
13,autism
13,trait
13,cognitive
13,rigidity
13,obsessive
13,sensory
13,sensitivity
13,-overlap
13,eat
13,disorder
13,symptom
13,complica
13,diagnosis
13,clinicians
13,misinterpret
13,feature
13,specific
13,miss
13,underlying
13,autism
13,similarly
13,ocd
13,common
13,compulsion
13,create
13,sense
13,predictability
13,differentiat
13,autism
13,relate
13,repetitive
13,behavior
13,difficult
13,jacob
13,overlap
13,obscure
13,condition
13,lead
13,inadequate
13,care
13,psychiatric
13,comorbidity
13,pose
13,major
13,diagnostic
13,challenge
13,secondary
13,diagnose
13,overshadow
13,autism
13,hinder
13,proper
13,intervention
13,sociocultural
13,factor
13,contribute
13,expectation
13,femininity
13,empathy
13,social
13,compliance
13,mask
13,autistic
13,trait
13,girl
13,describe
13,shy
13,creative
13,flag
13,boy
13,brickhill
13,salari
13,superficial
13,peer
13,relationship
13,unnoticed
13,internal
13,distress
13,conformity
13,gender
13,norm
13,foster
13,camouflage
13,strategy
13,mimick
13,expression
13,social
13,script
13,tone
13,hull
13,green
13,al.
13,helpful
13,short
13,term
13,camouflaging
13,mentally
13,exhaust
13,link
13,burnout
13,systemically
13,limit
13,clinician
13,lack
13,training
13,female
13,asd
13,presentation
13,manuals
13,tool
13,base
13,male
13,biase
13,research
13,calderoni
13,woman
13,meet
13,classic
13,criterion
13,functional
13,difficulty
13,additionally
13,diagnostic
13,systems
13,focus
13,childhood
13,leave
13,adult
13,woman
13,undiagnosed
13,misdirected
13,treatment
13,formal
13,diagnostic
13,pathway
13,adult
13,woman
13,remain
13,scarce
13,multidisciplinary
13,team
13,limit
13,female
13,presentation
13,asd
13,difficulty
13,social
13,functioning
13,core
13,characteristic
13,autism
13,spectrum
13,disorder
13,central
13,clinical
13,definition
13,live
13,experience
13,autistic
13,individual
13,outline
13,previous
13,section
13,manifestation
13,difficulty
13,woman
13,deviate
13,stereotypical
13,male
13,associate
13,profile
13,diagnostic
13,tool
13,base
13,result
13,subtle
13,internalize
13,atypical
13,autistic
13,trait
13,female
13,frequently
13,unrecognized
13,clinician
13,educator
13,individual
13,diagnostic
13,gap
13,compound
13,psychiatric
13,comorbidity
13,sociocultural
13,expectation
13,contribute
13,chronic
13,underdiagnosis
13,misdiagnosis
13,autism
13,woman
13,build
13,foundation
13,follow
13,section
13,explore
13,social
13,functioning
13,challenge
13,uniquely
13,manifest
13,autistic
13,woman
13,extend
13,clinical
13,set
13,daily
13,life
13,highlight
13,psychological
13,cost
13,camouflaging
13,behavior
13,tension
13,sci
13,internal
13,experience
13,external
13,expectation
13,overlook
13,implication
13,identity
13,autonomy
13,mental
13,health
13,addition
13,social
13,communicative
13,feature
13,discussion
13,gender
13,expression
13,restrict
13,repetitive
13,behavior
13,core
13,diagnostic
13,element
13,asd
13,woman
13,deepene
13,understanding
13,gender
13,specific
13,expression
13,autism
13,social
13,educational
13,occupational
13,domain
13,discussion
13,aim
13,contribute
13,inclusive
13,accurate
13,conceptualization
13,autism
13,spectrum
13,disorder
13,reflect
13,range
13,autistic
13,experience
13,gender
13,line
13,underlin
13,previous
13,paragraph
13,difficulty
13,social
13,functioning
13,common
13,characteristic
13,autism
13,spectrum
13,disorder
13,autistic
13,woman
13,difficulty
13,manifest
13,atypical
13,overt
13,recognize
13,professional
13,caregiver
13,peer
13,classic
13,male
13,asd
13,profile
13,frequently
13,involve
13,obvious
13,social
13,withdrawal
13,autistic
13,girl
13,woman
13,engage
13,persistent
13,frequently
13,ineffective
13,attempt
13,social
13,connection
13,behavior
13,describe
13,literature
13,social
13,clinginess
13,relational
13,mimicry
13,kopp
13,gillberg
13,key
13,mechanism
13,underly
13,social
13,functioning
13,autistic
13,woman
13,social
13,camouflaging
13,include
13,conscious
13,unconscious
13,strategy
13,concealing
13,autistic
13,trait
13,involve
13,mimick
13,neurotypical
13,behavior
13,memorize
13,conversation
13,script
13,imitat
13,facial
13,expression
13,intonation
13,suppresse
13,emotional
13,sensory
13,hull
13,camouflage
13,lead
13,superficially
13,social
13,presentation
13,lack
13,emotional
13,authenticity
13,require
13,immense
13,cognitive
13,emotional
13,effort
13,time
13,effort
13,contribute
13,psychological
13,distress
13,include
13,anxiety
13,identity
13,confusion
13,exhaustion
13,importantly
13,camouflaging
13,trait
13,mask
13,autism
13,woman
13,characteristic
13,restrict
13,repetitive
13,behavior
13,intense
13,manifest
13,autistic
13,woman
13,engage
13,restrict
13,perceive
13,socially
13,normative
13,animal
13,literature
13,pop
13,culture
13,fictional
13,character
13,pursue
13,depth
13,rigidity
13,emotional
13,intensity
13,disrupt
13,daily
13,life
13,behavior
13,raise
13,clinical
13,concern
13,age
13,gender
13,conform
13,serve
13,similar
13,regulatory
13,cognitive
13,function
13,stereotyped
13,behavior
13,observe
13,autistic
13,similarly
13,sensory
13,sensitivity
13,hallmark
13,asd
13,internalize
13,misattribute
13,anxiety
13,mood
13,disorder
13,woman
13,complica
13,recognition
13,camouflaging
13,gendered
13,expressions
13,complicate
13,diagnosis
13,contribute
13,internalize
13,stress
13,intensity
13,trait
13,misunderstood
13,dismisse
13,study
13,autistic
13,woman
13,experience
13,social
13,relationship
13,confusing
13,emotionally
13,exhaust
13,difficult
13,navigate
13,navarro
13,pardo
13,tint
13,weiss
13,perceive
13,sociable
13,adjust
13,report
13,profound
13,challenge
13,understanding
13,social
13,norm
13,read
13,nonverbal
13,cue
13,maintain
13,stable
13,sense
13,interpersonal
13,context
13,autistic
13,woman
13,simultaneously
13,desire
13,connection
13,experience
13,overwhelming
13,unsatisfying
13,ambivalence
13,lead
13,social
13,anxiety
13,dependency
13,asymmetric
13,relationship
13,avoidance
13,intimacy
13,altogether
13,prolonge
13,social
13,camouflaging
13,associate
13,autistic
13,burnout
13,chronic
13,physical
13,emotional
13,cognitive
13,arise
13,continuous
13,masking
13,overadaptation
13,burnout
13,link
13,increase
13,depressive
13,anxiety
13,symptom
13,diminish
13,executive
13,functioning
13,emotional
13,dysregulation
13,blurre
13,interpersonal
13,boundary
13,hallmark
13,social
13,functioning
13,autistic
13,woman
13,adopt
13,behavior
13,belief
13,identity
13,lead
13,identity
13,diffusion
13,heighten
13,vulnerability
13,exploitation
13,manipulation
13,tint
13,weiss
13,behav.
13,relationship
13,characterize
13,submissiveness
13,dependency
13,difficulty
13,recognize
13,harmful
13,dynamics
13,social
13,pattern
13,recognize
13,clinical
13,setting
13,implication
13,mental
13,health
13,autonomy
13,autistic
13,woman
13,navigate
13,social
13,environment
13,shap
13,strong
13,contradictory
13,gender
13,norm
13,cultural
13,expectation
13,femininity
13,include
13,emotional
13,expressiveness
13,verbal
13,fluency
13,esthetic
13,attention
13,relational
13,empathy
13,stand
13,stark
13,contrast
13,core
13,social
13,-communicative
13,challenge
13,asd
13,contrast
13,autistic
13,socially
13,excuse
13,conform
13,normative
13,emotional
13,expression
13,autistic
13,woman
13,persistent
13,pressure
13,embody
13,neurotypical
13,ideal
13,womanhood
13,pressure
13,result
13,opposing
13,response
13,woman
13,internalize
13,societal
13,norm
13,intensify
13,camouflage
13,effort
13,lead
13,chronic
13,suppression
13,authentic
13,identity
13,reject
13,conventional
13,role
13,experience
13,detachment
13,gender
13,norm
13,develop
13,alternative
13,identity
13,framework
13,edwards
13,wood
13,downie
13,al.
13,divergence
13,accompany
13,confusion
13,social
13,marginalization
13,psychological
13,distress
13,body
13,related
13,discomfort
13,recognize
13,aspect
13,autistic
13,female
13,experience
13,avoidance
13,gendered
13,clothing
13,bras
13,makeup
13,heel
13,frequently
13,misinterpret
13,neglect
13,noncompliance
13,reflect
13,sensory
13,hypersensitivity
13,incongruence
13,image
13,disconnect
13,gendered
13,expectation
13,personal
13,experience
13,contribute
13,prevalence
13,gender
13,identity
13,variance
13,sexual
13,orientation
13,diversity
13,autistic
13,individual
13,-particularly
13,woman
13,autistic
13,female
13,identify
13,-binary
13,lgbtq
13,experience
13,gender
13,dysphoria
13,identity
13,dimension
13,compound
13,feeling
13,alienation
13,increase
13,vulnerability
13,stigma
13,misunderstanding
13,professional
13,care
13,systems
13,social
13,networnks
13,educational
13,occupational
13,challenge
13,autistic
13,woman
13,remain
13,underexplored
13,literature
13,significant
13,impact
13,quality
13,life
13,autistic
13,woman
13,possess
13,cognitive
13,verbal
13,abilitie
13,struggle
13,realize
13,potential
13,social
13,challenge
13,sensory
13,overload
13,lack
13,individualized
13,support
13,educational
13,setting
13,autistic
13,girl
13,describe
13,quiet
13,mature
13,behave
13,overlook
13,teacher
13,clinician
13,tend
13,perform
13,academically
13,mask
13,underly
13,emotional
13,strain
13,social
13,difficulty
13,study
13,elevate
13,level
13,perfectionism
13,chronic
13,anxiety
13,difficulty
13,avoidance
13,socially
13,flexible
13,activity
13,adolescence
13,social
13,demand
13,increase
13,autistic
13,girl
13,experience
13,heighten
13,exclusion
13,loneliness
13,school
13,withdrawal
13,dean
13,al.
13,labor
13,market
13,autistic
13,woman
13,substantial
13,structural
13,social
13,barriers
13,hayward
13,difficulty
13,begin
13,recruitment
13,phase
13,-nonverbal
13,communication
13,ambiguity
13,job
13,expectation
13,-presentation
13,requirement
13,disadvantage
13,autistic
13,candidate
13,soft
13,skill
13,adaptability
13,assertiveness
13,teamwork
13,challenge
13,autistic
13,woman
13,report
13,experience
13,cognitive
13,overload
13,difficulty
13,manage
13,change
13,burnout
13,fast
13,paced
13,pressure
13,environment
13,response
13,pursue
13,remote
13,freelance
13,role
13,highly
13,structure
13,tasnks
13,accommodate
13,sensory
13,cognitive
13,adaptations
13,cost
13,social
13,integration
13,professional
13,advancement
13,importantly
13,woman
13,associate
13,difficulty
13,school
13,autism
13,treat
13,depression
13,anxiety
13,chronic
13,fatigue
13,recognition
13,underlying
13,neurodivergence
13,misattribution
13,lead
13,treatment
13,misalignment
13,prolong
13,suffer
13,delay
13,meaningful
13,support.
13,behav.
13,sci
13,future
13,direction
13,address
13,diagnostic
13,inequity
13,autistic
13,woman
13,future
13,effort
13,proceed
13,inter
13,related
13,fronts
13,systematic
13,refinement
13,validation
13,diagnostic
13,tool
13,adequately
13,capture
13,female
13,autism
13,phenotype
13,instrument
13,girls
13,questionnaire
13,autism
13,spectrum
13,conditions
13,brown
13,represent
13,promise
13,advance
13,integrate
13,standard
13,practice
13,support
13,normative
13,data
13,clinician
13,training
13,diagnosntic
13,protocol
13,include
13,structured
13,assessment
13,clinical
13,inquiry
13,incorporate
13,informant
13,report
13,contextual
13,observation
13,developmental
13,stage
13,professional
13,education
13,expand
13,include
13,comprehensive
13,training
13,specific
13,manifestation
13,asd
13,curricula
13,physician
13,psychologist
13,educator
13,allie
13,health
13,professional
13,emphasize
13,subtlety
13,camouflaging
13,masking
13,autistic
13,trait
13,compensatory
13,behavior
13,clinical
13,implication
13,misattribute
13,psychiatric
13,comorbidity
13,specific
13,training
13,content
13,include
13,recognition
13,gendered
13,presentations
13,differential
13,diagnosis
13,trauma-inform
13,care
13,culturally
13,responsive
13,assessament
13,training
13,program
13,deliver
13,accessible
13,varied
13,format
13,interactive
13,workshop
13,modules
13,interdisciplinary
13,base
13,seminar
13,ensure
13,effectiveness
13,evaluation
13,metric
13,post-train
13,assessments
13,clinical
13,decision
13,simulation
13,follow
13,evaluation
13,diagnostic
13,accuracy
13,integrate
13,interdisciplinary
13,collaboration
13,critical
13,ensure
13,nuanced
13,person
13,centere
13,assessment
13,reflect
13,current
13,evidence
13,practice
13,support
13,structure
13,desig
13,reflect
13,liv
13,experience
13,autistic
13,woman
13,diagnose
13,adolescence
13,adulthood
13,gender-inform
13,therapeutic
13,model
13,peer
13,mentor
13,program
13,psychoeducation
13,affirm
13,neurodiversity
13,gender
13,diversity
13,contribute
13,improve
13,psychological
13,outcome
13,adaptive
13,functioning
13,fourth
13,future
13,research
13,prioritize
13,inclusivity
13,representation
13,intersectionality
13,diagnosntic
13,disparity
13,address
13,acknowledge
13,gender
13,interact
13,identity
13,dimension
13,race
13,ethnicity
13,socioeconomic
13,status
13,cultural
13,background
13,woman
13,marginalized
13,community
13,additional
13,barriers
13,diagnosis
13,clinician
13,bia
13,stigma
13,unequal
13,healthcare
13,prospective
13,longitudinal
13,study
13,explore
13,diagnostic
13,experience
13,autistic
13,woman
13,diverse
13,background
13,investigate
13,intersecting
13,social
13,determinant
13,health
13,impact
13,recognition
13,care
13,importantly
13,autistic
13,woman
13,meaningfully
13,involved
13,design
13,conduct
13,dissemination
13,research
13,co-investigator
13,advisor
13,addresse
13,recognition
13,autistic
13,woman
13,clinical
13,challenge
13,ethical
13,imperative
13,ensure
13,diagnostic
13,equity
13,responsive
13,care
13,require
13,improve
13,tool
13,training
13,fundamental
13,shift
13,diverse
13,autism
13,experience
13,expresse
13,gender
13,sociocultural
13,context
13,conclusion
13,narrative
13,review
13,synthesize
13,current
13,knowledge
13,underdiagnosis
13,misdiagnosis
13,asd
13,woman
13,highlight
13,gendered
13,difference
13,symptom
13,presentation
13,clinical
13,recognition
13,diagnostic
13,pathway
13,contribute
13,persistent
13,disparity
13,care
13,review
13,identify
13,core
13,concern
13,diagnostic
13,framework
13,tool
13,remain
13,insufficiently
13,sensitive
13,female
13,autism
13,phenotype
13,standardize
13,assessments
13,develop
13,validate
13,male
13,population
13,fail
13,detect
13,cam
13,behav.
13,sci
13,ouflaging
13,behavior
13,internalize
13,distress
13,sensory
13,sensitivity
13,restrict
13,manifest
13,woman
13,psychiatric
13,comorbidity
13,sociocultural
13,expectation
13,frequently
13,mask
13,autistic
13,trait
13,woman
13,rate
13,anxiety
13,depression
13,eat
13,disorder
13,misattribution
13,symptom
13,psychiatric
13,condition
13,delay
13,prevent
13,accurate
13,diagnosis
13,review
13,reveal
13,functional
13,challenge
13,autistic
13,woman
13,include
13,difficulty
13,social
13,relationship
13,educational
13,setting
13,workplace
13,identity
13,formation
13,compound
13,diagnostic
13,delay
13,lack
13,gender
13,sensitive
13,support
13,domain
13,review
13,emphasize
13,autistic
13,woman
13,increase
13,risk
13,overlook
13,absence
13,symptom
13,symptom
13,conform
13,male
13,oriented
13,model
13,embed
13,diagnostic
13,system
13,significant
13,consequence
13,mental
13,health
13,autonomy
13,care
13,bridge
13,diagnostic
13,gap
13,review
13,actionable
13,recommendation
13,include
13,refining
13,validating
13,gender
13,responsive
13,diagnostic
13,instrument
13,expand
13,clinician
13,training
13,gender
13,manifestation
13,asd
13,ensure
13,inclusive
13,intersectional
13,approach
13,assessment
13,support
13,involvement
13,autistic
13,woman
13,co-creator
13,research
13,education
13,highlight
13,step
13,equitable
13,care
13,conclusion
13,recognize
13,respond
13,unique
13,autism
13,woman
13,clinical
13,refinement
13,public
13,health
13,ethical
13,imperative
13,shift
13,inform
13,practice
13,essential
13,ensure
13,timely
13,accurate
13,person
13,centere
13,care
13,autistic
13,woman
13,lifespan
13,contribution
13,conceptualization
13,b.g.
13,u.r.
13,j.o.
13,methodology
13,b.g.
13,j.p.
13,u.r.
13,j.o.
13,write
13,-original
13,draft
13,preparation
13,b.g.
13,writing
13,review
13,edit
13,b.g.
13,u.r.
13,j.p.
13,j.o.
13,supervision
13,u.r.
13,j.p.
13,j.o
13,read
13,agree
13,publish
13,version
13,manuscript
13,funding
13,research
13,receive
13,external
13,funding
13,institutional
13,review
13,board
13,statement
13,applicable
13,inform
13,consent
13,statement
13,applicable
13,data
13,availability
13,statement
13,data
13,conflict
13,declare
13,conflict
14,research
14,type
14,january2026
14,published23
14,association
14,autism
14,camouflaging
14,anxiety
14,suicidal
14,ideation
14,woman
14,edited
14,alejandro
14,torre
14,luque
14,complutense
14,university
14,madrid
14,spain
14,review
14,sabela
14,conde-pumpido-zubizarreta
14,sara
14,cruz
14,karol
14,konaszewski
14,marta
14,pozo-rodríguez1
14,josé
14,javier
14,"suárez-rama3,4"
14,university
14,białystok
14,poland
14,maría
14,arqueros
14,ananta
14,díaz
14,hernández5
14,angel
14,carracedo
14,complutense
14,university
14,madrid
14,spain
14,maría
14,tubío-fungueiriño
14,"1,3,5"
14,montse
14,fernández
14,prieto
14,correspondence
14,montse
14,fernández
14,prieto
14,montse.fernandez.prieto@usc.e
14,genomics
14,bioinformatics
14,center
14,research
14,molecular
14,medicine
14,chronic
14,disease
14,cimus
14,universidade
14,santiago
14,compostela
14,usc
14,santiago
14,compostela
14,spain
14,contribute
14,equally
14,department
14,education
14,psychology
14,william
14,james
14,center
14,research
14,university
14,aveiro
14,share
14,authorship
14,aveiro
14,portugal
14,genetics
14,instituto
14,investigación
14,sanitaria
14,santiago
14,idis
14,santiago
14,compostela
14,spain
14,fundación
14,pública
14,galega
14,medicina
14,xenómica
14,santiago
14,compostela
14,contribute
14,equally
14,"spain,5"
14,fundación
14,pública
14,galega
14,instituto
14,investigación
14,sanitaria
14,santiago
14,compostela
14,share
14,authorship
14,fidis
14,santiago
14,compostela
14,spain
14,centro
14,investigación
14,biomédica
14,red
14,enfermedades
14,august2025
14,receive
14,raras
14,instituto
14,salud
14,carlos
14,iii
14,madrid
14,spain
14,december2025
14,revise
14,december2025
14,accepte
14,january2026
14,published23
14,introduction
14,camouflage
14,behavior
14,woman
14,associate
14,citation
14,mental
14,health
14,outcomes
14,anxiety
14,suicidality
14,mechanism
14,underly
14,conde-pumpido-zubizarreta
14,cruz
14,relationship
14,remain
14,unclear
14,study
14,aim
14,examine
14,relationship
14,pozo-rodríguez
14,suárez
14,rama
14,autism
14,camouflaging
14,anxiety
14,suicidal
14,ideation
14,investigate
14,díaz
14,hernández
14,carracedo
14,fungueiriño
14,mediating
14,role
14,anxiety
14,relationship
14,camouflaging
14,fernández
14,prieto
14,association
14,suicidal
14,ideation
14,woman
14,autism
14,camouflaging
14,anxiety
14,method
14,woman
14,autistic
14,aged
14,suicidal
14,ideation
14,woman
14,front
14,non-autistic
14,aged
14,participate
14,study
14,camouflaging
14,autistic
14,traits
14,questionnaire
14,cat
14,anxiety
14,copyright
14,disorder7
14,gad
14,patient
14,health
14,questionnaire9
14,phq
14,conde-pumpido-zubizarreta
14,assess
14,camouflaging
14,anxiety
14,suicidal
14,ideation
14,suárez
14,rama
14,result
14,result
14,autistic
14,woman
14,score
14,non-autistic
14,díaz
14,hernández
14,carracedo
14,fungueiriño
14,fernández
14,prieto
14,woman
14,measure
14,addition
14,anxiety
14,depression
14,diagnosis
14,distribute
14,assimilation
14,strategy
14,significantly
14,associate
14,suicidal
14,ideation
14,term
14,creative
14,commons
14,anxiety
14,mediate
14,relationship
14,autism
14,diagnosis
14,attribution
14,license
14,distribution
14,reproduction
14,forum
14,camouflage
14,suicidal
14,ideation
14,permit
14,provide
14,discussion
14,result
14,highlight
14,importance
14,anxiety
14,copyright
14,owner
14,credit
14,relationship
14,camouflaging
14,suicidal
14,ideation
14,publication
14,journal
14,cite
14,accordance
14,accept
14,academic
14,autistic
14,woman
14,recognise
14,target
14,intervention
14,approach
14,practice
14,distribution
14,reproduction
14,aim
14,reduce
14,likelihood
14,suicidal
14,ideation
14,permit
14,comply
14,term
14,keyword
14,anxiety
14,autism
14,camouflage
14,suicidal
14,ideation
14,woman
14,introduction
14,autism
14,spectrum
14,disorder
14,asd
14,neurodevelopmental
14,condition
14,characterize
14,difference
14,communication
14,interaction
14,people
14,restrict
14,repetitive
14,behaviour
14,affect
14,functioning
14,life
14,american
14,psychiatric
14,association
14,autism
14,diagnose
14,boy
14,gender
14,difference
14,phenotype
14,autism
14,contribute
14,girl
14,diagnose
14,underdiagnose
14,loome
14,frontiers
14,psychology01
14,frontiersin.org
14,conde
14,pumpido
14,zubizarreta
14,female
14,autism
14,phenotype
14,propose
14,posit
14,presentation
14,autistic
14,woman
14,qualitatively
14,typical
14,presentation
14,hull
14,al.
14,contribute
14,diagnostic
14,imbalance
14,boy
14,girl
14,hull
14,research
14,hold
14,hypothesis
14,male
14,centere
14,vision
14,autism
14,lack
14,internalizing
14,symptom
14,commonly
14,autistic
14,woman
14,potentially
14,lead
14,misdiagnosis
14,beggiato
14,autistic
14,woman
14,associate
14,increase
14,camouflaging
14,social
14,strategy
14,decrease
14,visibility
14,autistic
14,characteristic
14,fit
14,social
14,context
14,hull
14,al.
14,camouflaging
14,hypothesize
14,contributor
14,woman
14,mental
14,health
14,challenge
14,anxiety
14,depression
14,compare
14,non-autistic
14,woman
14,mental
14,health
14,condition
14,dubreucq
14,dubreucq
14,autistic
14,woman
14,risk
14,suicidal
14,ideation
14,harm
14,life
14,suicide
14,history
14,relative
14,dubreucq
14,dubreucq
14,harmer
14,research
14,understand
14,interplay
14,autism
14,camouflaging
14,anxiety
14,suicidal
14,ideation
14,woman
14,associations
14,remain
14,understudied
14,line
14,recent
14,research
14,highlight
14,importance
14,clarify
14,relationship
14,camouflaging
14,suicidal
14,behaviour
14,focus
14,examine
14,potential
14,mediator
14,relationship
14,arqueros
14,understanding
14,factor
14,associate
14,suicidal
14,ideation
14,essential
14,development
14,target
14,intervention
14,approach
14,reduce
14,suicidal
14,behaviour
14,improve
14,quality
14,life
14,population
14,harmer
14,gender
14,mental
14,health
14,autism
14,woman
14,gender
14,complex
14,concept
14,involve
14,psychosocial
14,cultural
14,aspect
14,influence
14,social
14,practice
14,norm
14,expectation
14,world
14,health
14,organization
14,gender
14,significant
14,impact
14,mental
14,health
14,woman
14,vulnerable
14,mental
14,health
14,internalising
14,disorder
14,anxiety
14,depression
14,exposure
14,social
14,discrimination
14,economic
14,poverty
14,environmental
14,inequality
14,stressor
14,baños
14,miragall
14,seedat
14,al.
14,compare
14,woman
14,risk
14,suicidal
14,ideation
14,distinct
14,gender
14,specific
14,risk
14,factor
14,mental
14,illness
14,feeling
14,hopelessness
14,play
14,role
14,shelef
14,gender
14,related
14,aspect
14,relevant
14,autism
14,woman
14,woman
14,similar
14,core
14,autistic
14,trait
14,misdiagnose
14,underdiagnose
14,behavioural
14,expression
14,autism
14,similar
14,underlying
14,characteristic
14,describe
14,diagnostic
14,criterion
14,traditional
14,male
14,expression
14,obvious
14,social
14,impairment
14,belcher
14,kopp
14,gillberg
14,relate
14,woman
14,typically
14,exhibit
14,social
14,behaviour
14,autistic
14,dubreucq
14,dubreucq
14,explain
14,gender
14,social
14,norm
14,expectation
14,regard
14,woman
14,woman
14,presentation
14,autism
14,typical
14,male
14,presentation
14,autistic
14,characteristic
14,express
14,traditional
14,frontiers
14,criterion
14,compare
14,autistic
14,autistic
14,woman
14,level
14,social
14,motivation
14,friendship
14,head
14,sedgewick
14,difference
14,profile
14,restrict
14,repetitive
14,behaviour
14,focus
14,accordance
14,age
14,focus
14,relational
14,aspect
14,allely
14,autistic
14,woman
14,social
14,communication
14,interaction
14,abilitie
14,describe
14,narrow
14,construct
14,social
14,attention
14,associate
14,ability
14,camouflage
14,autistic
14,trait
14,fit
14,social
14,environment
14,wood
14,downies
14,al.
14,camouflage
14,refer
14,social
14,strategy
14,minimise
14,visibility
14,autism
14,autistic
14,trait
14,facilitate
14,social
14,integration
14,peer
14,acceptance
14,hull
14,lai
14,baron
14,cohen
14,camouflage
14,strategy
14,include
14,assimilation
14,adoption
14,observed
14,attitude
14,behaviour
14,fit
14,social
14,situation
14,compensation
14,performance
14,behaviour
14,overcome
14,social
14,difficulty
14,associate
14,autistic
14,trait
14,mask
14,concealment
14,hiding
14,autistic
14,trait
14,hull
14,al.
14,autistic
14,girl
14,identify
14,learn
14,social
14,behaviour
14,facial
14,expression
14,eye
14,contact
14,'appropriate
14,behaviour
14,reinforce
14,social
14,expectation
14,increase
14,expression
14,camouflaging
14,psychological
14,consequence
14,autistic
14,woman
14,associate
14,anxiety
14,lower
14,mental
14,wellbeing
14,conde
14,pumpido
14,zubizarreta
14,khudiakova
14,link
14,increase
14,risk
14,suicidal
14,ideation
14,cassidy
14,al.
14,relationship
14,partly
14,explain
14,effort
14,suppress
14,hide
14,autistic
14,trait
14,require
14,significant
14,cognitive
14,emotional
14,resource
14,effect
14,contribute
14,increase
14,level
14,internalising
14,disorder
14,anxiety
14,depression
14,hull
14,suicidal
14,ideation
14,autism
14,camouflage
14,anxiety
14,woman
14,suicidal
14,ideation
14,refer
14,plan
14,commit
14,suicide
14,closely
14,associate
14,suicide
14,attempt
14,death
14,significant
14,risk
14,factor
14,future
14,suicidal
14,behaviour
14,harmer
14,compare
14,non-autistic
14,individual
14,autistic
14,people
14,risk
14,rate
14,suicidal
14,ideation
14,autistic
14,adult
14,significantly
14,population
14,autistic
14,adult
14,woman
14,vulnerable
14,elevate
14,risk
14,factor
14,suicidal
14,ideation
14,behaviour
14,compare
14,autistic
14,survey
14,report
14,autistic
14,adult
14,experience
14,suicidal
14,ideation
14,past
14,male
14,sex
14,link
14,lower
14,ideation
14,moseley
14,al.
14,systematic
14,review
14,poole
14,prevalence
14,suicidal
14,ideation
14,support
14,previous
14,evidence
14,suicidality
14,prevalent
14,autistic
14,woman
14,recent
14,research
14,suggest
14,camouflaging
14,associate
14,increase
14,suicidal
14,ideation
14,cassidy
14,al.
14,study
14,adult
14,woman
14,score
14,broad
14,autistic
14,trait
14,camouflage
14,moderately
14,predict
14,psychological
14,distress
14,functional
14,challenge
14,beck
14,study
14,undergraduate
14,student
14,woman
14,camouflage
14,autistic
14,trait
14,associate
14,risk
14,experiencing
14,thwart
14,belong
14,lifetime
14,suicidality
14,cassidy
14,frontiersin.org
14,conde
14,pumpido
14,zubizarreta
14,table
14,level
14,education
14,report
14,clinical
14,condition
14,mechanism
14,link
14,camouflaging
14,suicidal
14,autistic
14,non-autistic
14,ideation
14,explanation
14,association
14,educational
14,level
14,autistic
14,non-autistic
14,camouflaging
14,strongly
14,associate
14,symptom
14,clinical
14,condition
14,anxiety
14,hull
14,khudiakova
14,strongly
14,associate
14,increase
14,suicidal
14,ideation
14,doer
14,level
14,education
14,relationship
14,camouflaging
14,suicidal
14,study
14,ideation
14,mediate
14,anxiety
14,camouflaging
14,report
14,exhaust
14,stressful
14,conde
14,pumpido
14,zubizarreta
14,elementary
14,education
14,hull
14,tierney
14,lead
14,feeling
14,secondary
14,misunderstood
14,overlooked
14,cage
14,al.
14,camouflaging
14,related
14,autistic
14,burnout
14,benatov
14,al.
14,autistic
14,burnout
14,partial
14,mediator
14,report
14,camouflage
14,behaviour
14,higher
14,vocational
14,training5
14,depression
14,patient
14,health
14,questionnaire
14,phq
14,kroenke
14,vocational
14,train
14,al.
14,-report
14,clinical
14,conditions
14,autistic
14,woman
14,autistic
14,camouflaging
14,strategy
14,hull
14,milner
14,attention
14,report
14,rate
14,anxiety
14,disorder
14,autistic
14,woman
14,increase
14,risk
14,level
14,anxiety
14,suicidal
14,ideation
14,partly
14,explain
14,increase
14,developmental
14,psychological
14,distress
14,observ
14,disorder
14,clarify
14,mediating
14,role
14,anxiety
14,relationship
14,specific
14,learn
14,camouflaging
14,suicidal
14,ideation
14,woman
14,clarify
14,relationship
14,inform
14,intervention
14,programm
14,bipolar
14,disorder
14,gender
14,sensitive
14,approach
14,eat
14,current
14,study
14,sleep
14,woman
14,report
14,rate
14,anxiety
14,other
14,depression
14,autistic
14,woman
14,risk
14,mental
14,health
14,camouflaging
14,clarify
14,relationship
14,autism
14,camouflage
14,anxiety
14,inclusion
14,criterion
14,age
14,suicidal
14,ideation
14,autistic
14,non-autistic
14,woman
14,aim
14,spanish
14,nationality
14,residence
14,spain
14,capacity
14,consent
14,study
14,twofold
14,examine
14,contribution
14,autism
14,complete
14,report
14,measure
14,autistic
14,inclusion
14,diagnosis
14,camouflaging
14,anxiety
14,suicidal
14,ideation
14,criteria
14,include
14,formal
14,diagnosis
14,autism
14,conduct
14,investigate
14,mediating
14,role
14,anxiety
14,relationship
14,health
14,professional
14,psychiatrist
14,psychologist
14,camouflaging
14,suicidal
14,ideation
14,woman
14,note
14,age
14,diagnosis
14,participant
14,study
14,include
14,autistic
14,non-autistic
14,woman
14,comparison
14,age
14,range
14,woman
14,diagnose
14,hypothesise
14,autistic
14,woman
14,report
14,age
14,age
14,level
14,camouflaging
14,anxiety
14,suicidal
14,ideation
14,age
14,age
14,non-autistic
14,woman
14,expect
14,diagnosis
14,age
14,autism
14,camouflaging
14,anxiety
14,significantly
14,positively
14,suspect
14,asd
14,diagnosis
14,receive
14,formal
14,associate
14,suicidal
14,ideation
14,expect
14,anxiety
14,include
14,study
14,significantly
14,mediate
14,association
14,camouflaging
14,suicidal
14,ideation
14,autistic
14,woman
14,measure
14,dimension
14,assess
14,methods
14,sociodemographic
14,information
14,participant
14,complete
14,sociodemographic
14,questionnaire
14,participant
14,collect
14,information
14,gender
14,age
14,nationality
14,level
14,education
14,mental
14,health
14,report
14,clinical
14,condition
14,diagnosis
14,total
14,woman
14,spanish
14,nationality
14,autism
14,live
14,spain
14,participate
14,study
14,autistic
14,suicidal
14,ideation
14,non-autistic
14,aged
14,provide
14,detailead
14,assess
14,suicidal
14,ideation
14,item9
14,information
14,participant
14,level
14,education
14,co-occurr
14,dead
14,hurt
14,patient
14,mental
14,condition
14,health
14,questionnaire9
14,phq
14,spanish
14,version
14,diez
14,quevedo
14,frontiers
14,psychology03
14,frontiersin.org
14,conde
14,pumpido
14,zubizarreta
14,clinically
14,validated
14,screening
14,tool
14,assess
14,monitor
14,severity
14,depression
14,base
14,diagnostic
14,statistical
14,manual
14,mental
14,disorders
14,4th
14,edition
14,dsm
14,american
14,psychiatric
14,association
14,criterion
14,consist
14,item
14,feel
14,depresse
14,hopeless
14,answer
14,likert
14,scale
14,'almost
14,day
14,respondent
14,bother
14,follow
14,week
14,item
14,cover
14,sleep
14,energy
14,appetite
14,symptom
14,depression
14,total
14,score
14,calculate
14,add
14,item
14,person
14,experience
14,feeling
14,score
14,reflect
14,severe
14,symptom
14,phq
14,total
14,score
14,strong
14,internal
14,consistency
14,convergent
14,validity
14,autistic
14,non-autistic
14,adult
14,sample
14,arnold
14,additionally
14,study
14,valid
14,measure
14,suicidal
14,ideation
14,autistic
14,non-autistic
14,participant
14,study
14,score
14,absence
14,suicidal
14,ideation
14,score
14,of1
14,'several
14,day
14,'more
14,half
14,day
14,day
14,presence
14,suicidal
14,ideation
14,anxiety
14,assess
14,anxiety
14,symptom
14,anxiety
14,disorder7
14,gad
14,spanish
14,version
14,garcía
14,campayo
14,al.
14,gad
14,widely
14,instrument
14,measure
14,severity
14,generalise
14,anxiety
14,disorder
14,consist
14,item
14,measure
14,frequency
14,anxiety
14,symptom
14,past
14,week
14,worry
14,respondent
14,answer
14,item
14,likert
14,scale
14,day
14,gad
14,total
14,score
14,obtain
14,sum
14,item
14,analysis
14,score
14,severity
14,anxiety
14,symptomatology
14,excellent
14,internal
14,consistency
14,result
14,observed
14,camouflaging
14,assess
14,camouflage
14,behaviour
14,camouflaging
14,autistic
14,traits
14,questionnaire
14,spanish
14,version
14,cat
14,conde
14,pumpido
14,zubizarreta
14,cat
14,report
14,measure
14,assess
14,social
14,camouflaging
14,behaviour
14,questionnaire
14,consist
14,item
14,interact
14,deliberately
14,copy
14,body
14,language
14,facial
14,expression
14,rate
14,likert
14,scale
14,strongly
14,disagree
14,strongly
14,agree
14,subscale
14,compensation
14,imitat
14,social
14,behaviour
14,mask
14,suppresse
14,natural
14,reaction
14,assimilation
14,cop
14,strategy
14,manage
14,social
14,interaction
14,total
14,score
14,obtain
14,score
14,level
14,camouflaging
14,excellent
14,internal
14,consistency
14,result
14,observ
14,total
14,score
14,compensation
14,assimilation
14,subscale
14,mask
14,subscale
14,acceptable
14,internal
14,consistency
14,study
14,subscale
14,total
14,score
14,test
14,difference
14,subscale
14,regression
14,analysis
14,highly
14,correlate
14,cat
14,total
14,score
14,cat
14,total
14,score
14,mediation
14,analysis
14,frontiers
14,procedure
14,study
14,broader
14,project
14,aim
14,validat
14,cat
14,spanish
14,population
14,accept
14,publication
14,data
14,collect
14,manage
14,redcap
14,research
14,electronic
14,data
14,capture
14,tool
14,host
14,fundación
14,pública
14,galega
14,medicina
14,xenómica
14,harris
14,harris
14,redcap
14,secure
14,web
14,base
14,software
14,platform
14,design
14,support
14,data
14,capture
14,research
14,study
14,provide
14,intuitive
14,interface
14,validated
14,data
14,capture
14,audit
14,trails
14,track
14,data
14,manipulation
14,export
14,procedure
14,automate
14,export
14,procedure
14,seamless
14,data
14,download
14,common
14,statistical
14,package
14,procedure
14,data
14,integration
14,interoperability
14,external
14,source
14,research
14,team
14,create
14,survey
14,redcap
14,distribute
14,internal
14,dissemination
14,autism
14,associations
14,institution
14,federation
14,clinical
14,unit
14,autism
14,related
14,research
14,network
14,social
14,media
14,survey
14,launch
14,february
14,response
14,receive
14,march2024
14,total
14,people
14,participate
14,survey
14,competed
14,participant
14,complete
14,parental
14,version
14,cat
14,exclude
14,study
14,survey
14,request
14,participant
14,answer
14,question
14,proceed
14,responding
14,primary
14,section
14,survey
14,provide
14,information
14,study
14,include
14,inform
14,consent
14,form
14,section
14,participant
14,clinical
14,diagnosis
14,autism
14,obtain
14,diagnosis
14,perform
14,psychologist
14,autistic
14,participant
14,formal
14,clinical
14,diagnosis
14,comorbidity
14,associate
14,autism
14,neurodevelopmental
14,condition
14,bipolar
14,disorder
14,anxiety
14,depressive
14,condition
14,non-autistic
14,participant
14,neurodevelopmental
14,psychiatric
14,diagnose
14,complete
14,sociodemographic
14,questionnaire
14,participant
14,proceed
14,complete
14,questionnaire
14,phq
14,gad
14,cat
14,completion
14,survey
14,approximately
14,min.
14,statistical
14,analyse
14,statistical
14,analysis
14,conduct
14,software
14,version
14,jamovi
14,project
14,assumption
14,normality
14,meet
14,shapiro
14,wilks
14,test
14,variable
14,conduct
14,non-parametric
14,test
14,follow
14,recommendation
14,fife
14,schaw
14,compute
14,equivalent
14,parametic
14,test
14,parametric
14,method
14,remain
14,robust
14,non-normal
14,continuous
14,data
14,sample
14,size
14,guideline
14,meet
14,participant
14,banga
14,fox
14,pattern
14,result
14,consistent
14,approach
14,report
14,parametic
14,test
14,result
14,ease
14,interpretation
14,comparability
14,note
14,test
14,robust
14,moderate
14,violation
14,normality
14,descriptive
14,statistic
14,compute
14,measure
14,include
14,study
14,phq
14,gad
14,total
14,score
14,cat
14,questionnaire
14,compensation
14,mask
14,assimilation
14,subscale
14,cat
14,total
14,score
14,independent
14,samples
14,test
14,perform
14,test
14,difference
14,regard
14,dimension
14,frontiersin.org
14,conde
14,pumpido
14,zubizarreta
14,item
14,phq
14,difference
14,test
14,flat
14,distribution
14,response
14,fall
14,lower
14,chi-square
14,test
14,scale
14,logistic
14,regression
14,analysis
14,perform
14,examine
14,table2
14,standard
14,deviation
14,associations
14,anxiety
14,gad
14,camouflage
14,cat
14,phq
14,gad
14,total
14,score
14,cat
14,compensation
14,mask
14,assimilation
14,subscale
14,total
14,score
14,compensation
14,masking
14,assimilation
14,subscale
14,total
14,score
14,include
14,correlation
14,subscale
14,age
14,autistic
14,non-autistic
14,t-test
14,suicidal
14,ideation
14,control
14,autism
14,diagnosis
14,result
14,autistic
14,score
14,statistically
14,significantly
14,anxiety
14,depression
14,diagnosis
14,dimension
14,effect
14,anxiety
14,mediation
14,analysis
14,conduct
14,test
14,mediating
14,role
14,cat
14,subscale
14,cohen
14,autistic
14,anxiety
14,relationship
14,camouflaging
14,suicidal
14,woman
14,report
14,suicidal
14,ideation
14,anxiety
14,camouflage
14,ideation
14,standard
14,error
14,calculate
14,nonparametric
14,strategy
14,compare
14,non-autistic
14,woman
14,table
14,resampl
14,percentile
14,bootstrapping
14,method
14,missing
14,data
14,treat
14,fiml
14,method
14,dong
14,peng
14,path
14,association
14,autism
14,anxiety
14,model
14,linear
14,model
14,glm
14,mediation
14,model
14,camouflaging
14,age
14,suicidal
14,jamm
14,module
14,mediation
14,model
14,maxiumum
14,likelihood
14,ideation
14,estimation
14,test
14,hypothesis
14,anxiety
14,gad
14,total
14,score
14,role
14,media
14,relationship
14,camouflaging
14,cat
14,total
14,score
14,suicidal
14,ideation
14,item
14,logistic
14,regression
14,analysis
14,conduct
14,test
14,associations
14,control
14,autism
14,depression
14,diagnosis
14,autistic
14,anxiety
14,camouflage
14,strategy
14,compensation
14,mask
14,non-autistic
14,assimilation
14,age
14,suicidal
14,ideation
14,controlle
14,autism
14,diagnosis
14,anxiety
14,depression
14,diagnosis
14,model
14,significant
14,explain
14,result
14,mcfadden
14,variability
14,suicidal
14,ideation
14,controlle
14,autism
14,anxiety
14,depression
14,descriptive
14,difference
14,diagnosis
14,anxiety
14,depressive
14,symptom
14,analysis
14,increase
14,assimilation
14,statistically
14,significantly
14,associate
14,suicidal
14,ideation
14,autism
14,diagnosis
14,anxiety
14,depression
14,regard
14,suicidal
14,ideation
14,participant
14,diagnosis
14,compensation
14,masking
14,age
14,response
14,distribution
14,item9
14,phq
14,follow
14,significantly
14,associate
14,suicidal
14,ideation
14,table
14,=81
14,=34
14,skewness
14,standard
14,error
14,kurtosis
14,standard
14,mediating
14,role
14,anxiety
14,error
14,positively
14,skew
14,distribution
14,consistent
14,relationship
14,camouflaging
14,frequent
14,suicidal
14,ideation
14,dichotomized
14,suicidal
14,ideation
14,suicidal
14,suicidal
14,ideation
14,autistic
14,"group,23"
14,woman
14,report
14,suicidal
14,ideation
14,compare
14,to49
14,report
14,suicidal
14,ideation
14,non-autistic
14,mediation
14,analysis
14,conduct
14,examine
14,"group,295"
14,woman
14,suicidal
14,ideation
14,statistical
14,association
14,camouflaging
14,suicidal
14,ideation
14,suicidal
14,ideation
14,autistic
14,indirectly
14,explain
14,anxiety
14,control
14,autism
14,depression
14,skewness
14,standard
14,error
14,kurtosis
14,diagnosis
14,result
14,depict
14,positive
14,standard
14,error
14,negatively
14,skewed
14,statistically
14,significant
14,indirect
14,effect
14,observe
14,consistent
14,flat
14,distribution
14,response
14,cluster
14,hypothesis
14,anxiety
14,account
14,association
14,scale
14,contrast
14,non-autistic
14,camouflaging
14,suicidal
14,ideation
14,skewness
14,standard
14,error
14,kurtosis
14,specifically
14,observ
14,positive
14,statistically
14,significant
14,standard
14,error
14,positively
14,skewed
14,association
14,anxiety
14,suicidal
14,ideation
14,table2
14,standard
14,deviation
14,autistic
14,non-autistic
14,woman
14,difference
14,variable
14,measure
14,autistic
14,non-autistic
14,cramer
14,cohen
14,range
14,range
14,lower
14,upper
14,phq
14,gad
14,total
14,score
14,compensation
14,masking
14,assimilation
14,cat
14,total
14,score
14,frontiers
14,psychology05
14,frontiersin.org
14,conde
14,pumpido
14,zubizarreta
14,unstandardized
14,beta
14,predictive
14,variable
14,beta
14,depression
14,diagnosis
14,anxiety
14,diagnosis
14,autism
14,diagnosis
14,gad
14,total
14,score
14,compensation
14,masking
14,assimilation
14,age
14,standard
14,error
14,vif
14,variance
14,inflation
14,factor
14,table
14,mediating
14,role
14,anxiety
14,relationship
14,effect
14,indirect
14,autism
14,anxiety
14,suicidal
14,ideation
14,indirect
14,camouflage
14,anxiety
14,suicidal
14,ideation
14,indirect
14,depression
14,diagnosis
14,suicidal
14,ideation
14,autism
14,anxiety
14,anxiety
14,suicidal
14,ideation
14,camouflage
14,depression
14,diagnosis
14,anxiety
14,direct
14,autism
14,suicidal
14,ideation
14,direct
14,camouflage
14,suicidal
14,ideation
14,direct
14,depression
14,diagnosis
14,suicidal
14,ideation
14,total
14,autism
14,suicidal
14,ideation
14,total
14,camouflage
14,suicidal
14,ideation
14,total
14,depression
14,diagnosis
14,suicidal
14,ideation
14,model
14,analyze
14,bootstrap
14,percentile
14,confidence
14,camouflaging
14,anxiety
14,depression
14,diagnosis
14,anxiety
14,significant
14,positive
14,direct
14,effect
14,suicidal
14,ideation
14,mediation
14,discussion
14,woman
14,vulnerable
14,autistic
14,woman
14,additional
14,burden
14,top
14,increase
14,anxiety
14,suicidal
14,ideation
14,autism
14,anxiety
14,camouflage
14,remain
14,contribution
14,suicidal
14,ideation
14,woman
14,study
14,aim
14,examine
14,camouflaging
14,anxiety
14,suicidal
14,ideation
14,mediating
14,role
14,anxiety
14,relationship
14,suicidal
14,ideation
14,frontiers
14,predictive
14,variable
14,suicidal
14,ideation
14,coefficient
14,collinearity
14,vif
14,tolerance
14,camouflaging
14,suicidal
14,ideation
14,estimate
14,lower
14,upper
14,interval
14,betas
14,completely
14,standardise
14,effect
14,size
14,difference
14,camouflaging
14,anxiety
14,suicidal
14,ideation
14,statistically
14,autism
14,analysis
14,expect
14,autistic
14,woman
14,report
14,camouflaging
14,strategy
14,non-autistic
14,woman
14,line
14,evidence
14,autistic
14,adult
14,adult
14,report
14,autistic
14,trait
14,camouflaging
14,strategy
14,woman
14,cook
14,autistic
14,woman
14,camouflaging
14,coping
14,mental
14,health
14,mechanism
14,conceal
14,autistic
14,trait
14,facilitate
14,adjustment
14,risk
14,camouflage
14,social
14,environment
14,accept
14,peer
14,mental
14,health
14,finding
14,consistent
14,literature
14,relationship
14,suggest
14,autistic
14,woman
14,tend
14,camouflaging
14,poorly
14,study
14,display
14,behaviour
14,accept
14,social
14,setting
14,contribution
14,autism
14,evidence
14,exist
14,autistic
14,non-autistic
14,investigate
14,woman
14,camouflaging
14,knowledge
14,camouflage
14,study
14,report
14,camouflaging
14,compare
14,autistic
14,non-autistic
14,woman
14,difference
14,frontiersin.org
14,conde
14,pumpido
14,zubizarreta
14,mediation
14,role
14,anxiety
14,relationship
14,autism
14,camouflaging
14,hull
14,finding
14,contribute
14,exist
14,literature
14,camouflaging
14,gender
14,difference
14,autistic
14,woman
14,camouflage
14,compare
14,non-autistic
14,woman
14,camouflage
14,difference
14,autistic
14,non-autistic
14,woman
14,investigation
14,future
14,study
14,address
14,issue
14,evidence
14,understand
14,camouflaging
14,difference
14,neurodivergent
14,non-autistic
14,woman
14,similarly
14,autistic
14,woman
14,report
14,suicidal
14,ideation
14,anxiety
14,depression
14,symptom
14,non-autistic
14,woman
14,finding
14,consistent
14,previous
14,evidence
14,autistic
14,people
14,elevated
14,risk
14,suicidal
14,behaviour
14,compare
14,non-autistic
14,people
14,brown
14,al.
14,kirby
14,autistic
14,woman
14,risk
14,internalizing
14,disorder
14,autistic
14,green
14,finding
14,support
14,hypothesis
14,autistic
14,woman
14,vulnerable
14,internalise
14,symptom
14,psychiatric
14,condition
14,position
14,doubly
14,minoritised
14,population
14,grzeszak
14,pisula
14,social
14,factor
14,exacerbate
14,vulnerability
14,include
14,adverse
14,workplace
14,experience
14,job
14,instability
14,hayward
14,form
14,victimization
14,include
14,bullying
14,related
14,conform
14,gender
14,norm
14,relational
14,sexual
14,violence
14,associate
14,anxiety
14,symptom
14,autistic
14,girl
14,compare
14,boy
14,cazalis
14,greenlee
14,relevant
14,social
14,factor
14,include
14,internalised
14,stigma
14,conform
14,social
14,norm
14,wilson
14,gender
14,role
14,feeling
14,impostor
14,follow
14,diagnosis
14,harmens
14,camouflage
14,link
14,emotional
14,burden
14,stigma
14,identity
14,loss
14,lack
14,support
14,jones
14,experience
14,contribute
14,increase
14,frontiers
14,psychology07
14,suicidal
14,ideation
14,internalising
14,symptom
14,associate
14,risk
14,suicidal
14,ideation
14,clinicians
14,explore
14,impact
14,social
14,pressure
14,related
14,gender
14,expectation
14,female
14,stereotype
14,autistic
14,woman
14,histories
14,victimisation
14,internalise
14,stigma
14,factor
14,contribute
14,increase
14,risk
14,suicidal
14,ideation
14,variable
14,associate
14,suicidal
14,ideation
14,expect
14,result
14,autism
14,diagnosis
14,anxiety
14,depression
14,diagnose
14,anxiety
14,depressive
14,symptom
14,assimilation
14,associate
14,increase
14,suicidal
14,ideation
14,result
14,suggest
14,suicidal
14,ideation
14,partly
14,explain
14,internalising
14,symptom
14,camouflage
14,strategy
14,assimilation
14,co-occurrence
14,anxiety
14,depression
14,condition
14,controlle
14,diagnosis
14,autism
14,increase
14,suicidal
14,ideation
14,addition
14,anxiety
14,level
14,associate
14,increase
14,suicidal
14,ideation
14,accordance
14,body
14,evidence
14,suggest
14,mental
14,health
14,anxiety
14,strongly
14,associate
14,increase
14,suicidal
14,behaviour
14,potential
14,risk
14,factor
14,suicidal
14,ideation
14,bentley
14,result
14,suggest
14,autistic
14,non-autistic
14,woman
14,tend
14,report
14,internalising
14,symptom
14,risk
14,plan
14,commit
14,suicide
14,camouflaging
14,associate
14,suicidal
14,ideation
14,consistent
14,evidence
14,suggest
14,camouflaging
14,link
14,mental
14,frontiersin.org
14,conde
14,pumpido
14,zubizarreta
14,health
14,outcome
14,beck
14,cake
14,result
14,assimilation
14,strategy
14,associate
14,suicidal
14,ideation
14,assimilation
14,refer
14,adoption
14,observed
14,attitude
14,behaviour
14,fit
14,social
14,environment
14,hull
14,reflect
14,woman
14,motivation
14,accept
14,meeting
14,societal
14,expectation
14,hull
14,involve
14,additional
14,mental
14,effort
14,psychological
14,demand
14,woman
14,asssociate
14,increase
14,suicidal
14,ideation
14,evidence
14,assimilation
14,associate
14,feeling
14,loneliness
14,emotional
14,distress
14,hull
14,lower
14,psychological
14,perry
14,related
14,increase
14,suicidal
14,behaviour
14,aspect
14,camouflaging
14,behaviour
14,share
14,neurotype
14,practitioner
14,underlying
14,trauma
14,stigma
14,experience
14,lead
14,development
14,social
14,coping
14,strategy
14,autistic
14,non-autistic
14,woman
14,al.
14,miller
14,al.
14,lack
14,additional
14,effect
14,autism
14,diagnosis
14,suicidal
14,ideation
14,anxiety
14,depressive
14,disorder
14,support
14,evidence
14,woman
14,vulnerable
14,risk
14,internalizing
14,symptom
14,diagnosis
14,mclean
14,literature
14,suggest
14,factor
14,contribute
14,woman
14,increase
14,vulnerability
14,internalise
14,disorder
14,include
14,psychological
14,factor
14,gender
14,role
14,expectation
14,femininity
14,female
14,stereotype
14,low
14,selfesteem
14,interpersonal
14,relationship
14,farhane
14,medina
14,increase
14,exposure
14,social
14,discrimination
14,economic
14,poverty
14,environmental
14,inequality
14,stressor
14,baños
14,miragall
14,al.
14,addition
14,finding
14,emphasise
14,link
14,internalising
14,symptom
14,suicidal
14,behaviour
14,autistic
14,woman
14,miranda
14,-mendizabal
14,identify
14,depression
14,risk
14,factor
14,suicide
14,attempt
14,woman
14,adolescence
14,adulthood
14,doer
14,al.
14,individual
14,anxiety
14,symptom
14,close
14,time
14,suicide
14,woman
14,anxiety
14,common
14,adult
14,adult
14,autistic
14,woman
14,increase
14,risk
14,experience
14,type
14,victimisation
14,stigma
14,non-autistic
14,woman
14,factor
14,potentially
14,exacerbate
14,anxiety
14,depressive
14,symptom
14,contribute
14,development
14,suicidal
14,behaviour
14,autism
14,diagnosis
14,suicidal
14,ideation
14,propose
14,avoidance
14,decisionmak
14,bia
14,escape
14,painful
14,emotion
14,millner
14,finding
14,suggest
14,woman
14,level
14,anxiety
14,depression
14,assimilation
14,strategy
14,experience
14,psychological
14,distress
14,suicidal
14,ideation
14,potential
14,avoidant
14,strategy
14,cope
14,distress
14,result
14,highlight
14,address
14,internalise
14,symptom
14,socio-emotional
14,motivation
14,cope
14,strategy
14,psychological
14,intervention
14,woman
14,determine
14,strength
14,empirical
14,information
14,future
14,study
14,explore
14,relationship
14,mediating
14,role
14,anxiety
14,result
14,anxiety
14,explain
14,relationship
14,camouflaging
14,suicidal
14,ideation
14,frontiers
14,expect
14,camouflage
14,tend
14,report
14,increase
14,anxiety
14,context
14,relate
14,suicidal
14,ideation
14,result
14,suggest
14,association
14,camouflaging
14,suicidal
14,ideation
14,partly
14,explain
14,increase
14,anxiety
14,underly
14,association
14,relevant
14,autistic
14,woman
14,camouflage
14,autistic
14,trait
14,associate
14,increase
14,anxiety
14,woman
14,report
14,strategy
14,exhausting
14,stressful
14,require
14,significant
14,cognitive
14,emotional
14,resource
14,hull
14,increase
14,anxiety
14,level
14,related
14,social
14,isolation
14,reduce
14,quality
14,life
14,alte
14,function
14,outcome
14,bentley
14,al.
14,difficulty
14,contribute
14,autistic
14,woman
14,fee
14,misunderstood
14,overlook
14,associate
14,suicidal
14,behaviour
14,cage
14,consistent
14,evidence
14,suggest
14,camouflaging
14,anxiety
14,related
14,experience
14,associate
14,poorer
14,mental
14,health
14,mix
14,method
14,systematic
14,review
14,autistic
14,people
14,majority
14,white
14,female
14,sex
14,late
14,diagnose
14,autistic
14,adult
14,camouflaging
14,related
14,social
14,pressure
14,non-autistic
14,people
14,social
14,acceptance
14,esteem
14,fit
14,belong
14,cost
14,include
14,increase
14,anxiety
14,zhuang
14,camouflage
14,associate
14,increase
14,feeling
14,anxiety
14,link
14,feeling
14,overlook
14,unsupported
14,burnout
14,negatively
14,impact
14,social
14,relationship
14,identity
14,potentially
14,contribute
14,increase
14,suicidal
14,ideation
14,notably
14,anxiety
14,account
14,relationship
14,depression
14,diagnosis
14,suicidal
14,ideation
14,autism
14,diagnosis
14,suicidal
14,ideation
14,level
14,partly
14,explain
14,risk
14,suicidal
14,ideation
14,people
14,depression
14,diagnosis
14,consistent
14,co-occurrence
14,anxiety
14,depression
14,disorder
14,combine
14,effect
14,suicidality
14,sanches
14,study
14,suggest
14,suicidal
14,ideation
14,autistic
14,woman
14,directly
14,related
14,diagnosis
14,prevalence
14,anxiety
14,depressive
14,symptom
14,diagnose
14,result
14,complex
14,interplay
14,factor
14,woman
14,associate
14,risk
14,anxiety
14,depression
14,independently
14,link
14,suicidal
14,ideation
14,autistic
14,woman
14,risk
14,victimisation
14,lead
14,range
14,internalising
14,symptom
14,elevate
14,suicidal
14,ideation
14,compare
14,non-autistic
14,woman
14,finally
14,camouflage
14,associate
14,stigma
14,emotional
14,burden
14,relevant
14,autistic
14,non-autistic
14,woman
14,finding
14,highlight
14,importance
14,potential
14,factor
14,underly
14,camouflage
14,autistic
14,woman
14,importantly
14,anxiety
14,aspect
14,relationship
14,camouflaging
14,suicidal
14,ideation
14,target
14,gender
14,sensitive
14,psychological
14,intervention
14,approach
14,limitation
14,future
14,study
14,study
14,limitation
14,firstly
14,sample
14,imbalance
14,term
14,autism
14,diagnosis
14,status
14,autistic
14,woman
14,non-autistic
14,frontiersin.org
14,conde
14,pumpido
14,zubizarreta
14,replicate
14,result
14,future
14,study
14,examine
14,link
14,highlight
14,relationship
14,camouflaging
14,autism
14,diagnosis
14,camouflage
14,suicidal
14,ideation
14,anxiety
14,suicidal
14,ideation
14,autistic
14,woman
14,study
14,gender
14,larger
14,heterogeneous
14,participant
14,additionally
14,difference
14,understand
14,address
14,increase
14,risk
14,participant
14,recruit
14,invite
14,study
14,suicidal
14,ideation
14,behaviour
14,death
14,autistic
14,non-autistic
14,study
14,biase
14,people
14,people
14,gender
14,topic
14,woman
14,late
14,diagnose
14,autism
14,cognitive
14,ability
14,level
14,education
14,bjelland
14,community
14,involvement
14,report
14,adult
14,educational
14,level
14,experience
14,fewer
14,symptom
14,anxiety
14,depression
14,suggest
14,accumulate
14,protective
14,effect
14,education
14,recruitment
14,process
14,study
14,support
14,life
14,recent
14,systematic
14,review
14,meta
14,dissemination
14,survey
14,autism
14,associations
14,institution
14,analysis
14,chi
14,highlight
14,risk
14,anxiety
14,disorder
14,federation
14,clinical
14,unit
14,autism
14,-related
14,research
14,network
14,postgraduate
14,student
14,significant
14,difference
14,social
14,media
14,additionally
14,autistic
14,individual
14,contribute
14,post-covid
14,age
14,significantly
14,associate
14,cultural
14,adaptation
14,camouflaging
14,autistic
14,traits
14,questionnaire
14,suicidal
14,ideation
14,study
14,evidence
14,suggest
14,interaction
14,cat
14,spanish
14,context
14,ensure
14,relevance
14,age
14,education
14,anxiety
14,appropriateness
14,target
14,population
14,future
14,study
14,generalisation
14,result
14,woman
14,lower
14,educational
14,level
14,intellectual
14,disability
14,limit
14,data
14,availability
14,statement
14,phq
14,suicidal
14,ideation
14,autistic
14,non-autistic
14,rely
14,solely
14,item
14,limitation
14,firstly
14,specifically
14,validate
14,autistic
14,dataset
14,readily
14,adult
14,conflate
14,passive
14,suicidal
14,ideation
14,risk
14,privacy
14,ethical
14,restriction
14,request
14,dataset
14,harm
14,thirdly
14,frequency
14,leave
14,aspect
14,direct
14,montse.fernandez.prieto@usc.e
14,intensity
14,planning
14,impulse
14,control
14,unassessed
14,observ
14,phq
14,suicide
14,thitey
14,exhibit
14,poor
14,ethic
14,statement
14,validity
14,compare
14,gold
14,standard
14,definition
14,suicidal
14,ideation
14,conjunction
14,suicidespecific
14,measure
14,limitation
14,study
14,involve
14,human
14,approve
14,ethic
14,include
14,depressive
14,symptom
14,substantial
14,overlap
14,committee
14,university
14,santiago
14,compostela
14,protocol
14,usc
14,suicidal
14,ideation
14,measure
14,addition
14,study
14,participant
14,accept
14,participation
14,study
14,symptom
14,generalised
14,anxiety
14,measure
14,conduct
14,accordance
14,local
14,legislation
14,institutional
14,symptom
14,anxiety
14,disorder
14,social
14,anxiety
14,requirement
14,write
14,inform
14,consent
14,participation
14,link
14,camouflage
14,hull
14,future
14,require
14,participant
14,institutional
14,requirement
14,study
14,assess
14,depressive
14,symptom
14,internalising
14,disorder
14,social
14,anxiety
14,standardised
14,measure
14,clarify
14,contribution
14,role
14,relationship
14,camouflaging
14,suicidal
14,ideation
14,view
14,absence
14,suicide
14,specific
14,measure
14,validate
14,spanish
14,autistic
14,individual
14,development
14,writing
14,draft
14,data
14,curation
14,investigation
14,measure
14,significant
14,step
14,conceptualization
14,writing
14,review
14,editing
14,methodology
14,formal
14,understanding
14,suicidality
14,spanish
14,autistic
14,woman
14,analysis
14,methodology
14,data
14,curation
14,conceptualization
14,investigation
14,writing
14,draft
14,writing
14,review
14,editing
14,mpr
14,write
14,review
14,editing
14,investigation
14,jsr
14,software
14,investigation
14,writing
14,review
14,conclusion
14,editing
14,data
14,curation
14,adh
14,write
14,review
14,editing
14,write
14,review
14,editing
14,fund
14,acquisition
14,supervision
14,project
14,administration
14,study
14,highlight
14,complex
14,interplay
14,autism
14,mtf
14,conceptualization
14,writing
14,review
14,editing
14,investigation
14,camouflage
14,anxiety
14,suicidal
14,ideation
14,woman
14,methodology
14,data
14,curation
14,mfp
14,write
14,review
14,editing
14,supervision
14,reinforce
14,importance
14,anxiety
14,mechanism
14,investigation
14,project
14,administration
14,conceptualization
14,methodology
14,contribute
14,association
14,camouflaging
14,suicidal
14,ideation
14,autistic
14,woman
14,additionally
14,funding
14,suggest
14,risk
14,co-occurr
14,internalising
14,disorder
14,explain
14,suicidal
14,ideation
14,autism
14,diagnosis
14,woman
14,research
14,declare
14,financial
14,support
14,receive
14,understand
14,factor
14,underly
14,suicidal
14,ideation
14,publication
14,support
14,autistic
14,woman
14,understanding
14,fundación
14,maría
14,josé
14,jove
14,investigation
14,receive
14,factor
14,crucial
14,design
14,sensitive
14,target
14,financial
14,support
14,instituto
14,salud
14,carlos
14,iii
14,pi22/00208
14,intervention
14,preventive
14,approach
14,study
14,mpr
14,support
14,predoctoral
14,fellowship
14,frontiers
14,frontiersin.org
14,conde
14,pumpido
14,zubizarreta
14,generative
14,statement
14,xunta
14,galicia
14,support
14,national
14,fund
14,fct
14,fundação
14,para
14,ciência
14,tecnologia
14,i.p.
14,r&d
14,unit
14,william
14,james
14,centre
14,research
14,ministerio
14,declare
14,generative
14,ciencia
14,innovación
14,instituto
14,salud
14,carlos
14,iii
14,spain
14,creation
14,manuscript.
14,xunta
14,galicia
14,alternative
14,text
14,alt
14,text
14,provide
14,figure
14,estructuración
14,unidades
14,investigación
14,competitivas
14,generate
14,frontiers
14,support
14,artificial
14,gain
14,grc
14,in607a2025/01
14,intelligence
14,reasonable
14,effort
14,ensure
14,accuracy
14,include
14,review
14,identify
14,issue
14,contact
14,acknowledgment
14,participant
14,participation
14,study
14,publisher
14,note
14,conflict
14,claim
14,express
14,solly
14,necessarily
14,represent
14,affiliated
14,organization
14,declare
14,conduct
14,publisher
14,editor
14,reviewer
14,product
14,absence
14,commercial
14,financial
14,relationship
14,evaluate
14,claim
14,construe
14,potential
14,conflict
14,manufacturer
14,guarantee
14,endorse
14,publisher
15,journal
15,medicine
15,life
15,jml
15,review
15,diagnosntic
15,challenge
15,autism
15,spectrum
15,disorder
15,woman
15,intellectual
15,language
15,impairment
15,narrative
15,review
15,alexandra
15,dolfi
15,cătălina
15,tudose3
15,prof
15,dr.
15,alexandru
15,obregia
15,psychiatry
15,hospital
15,bucharest
15,romania
15,doctoral
15,school
15,carol
15,davila
15,university
15,medicine
15,pharmacy
15,bucharest
15,romania
15,department
15,psychiatry
15,carol
15,davila
15,university
15,medicine
15,pharmacy
15,bucharest
15,romania
15,correspond
15,alexandra
15,dolfi
15,prof
15,dr.
15,alexandru
15,obregia
15,psychiatry
15,hospital
15,dates
15,bucharest
15,romania
15,receive
15,july2025
15,doctoral
15,school
15,carol
15,davila
15,university
15,medicine
15,pharmacy
15,accepted:11
15,august2025
15,bucharest
15,romania
15,e-mail
15,asd
15,adult
15,woman
15,intellectual
15,language
15,impairment
15,frequently
15,recognize
15,subtler
15,manifestation
15,compensatory
15,social
15,strategy
15,reliance
15,diagnostic
15,framework
15,develop
15,male
15,presentations
15,diagnosntic
15,overshadow
15,autistic
15,trait
15,misattribute
15,psychiatric
15,condition
15,delay
15,accurate
15,identification
15,narrative
15,review
15,aim
15,critically
15,evaluate
15,recent
15,evidence
15,diagnostic
15,challenge
15,asd
15,adult
15,woman
15,intellectual
15,language
15,impairment
15,assess
15,performance
15,widely
15,screening
15,tool
15,recommendation
15,improve
15,gender
15,sensitive
15,diagnostic
15,practice
15,structure
15,literature
15,search
15,apply
15,pubm
15,psycinfo
15,scopus
15,january
15,july
15,english
15,language
15,target
15,study
15,female
15,aged
15,intellectual
15,language
15,impairment
15,diagnosntic
15,accuracy
15,screen
15,tool
15,camouflage
15,misdiagnosis
15,psychosocial
15,outcome
15,examine
15,research
15,meta
15,-analysis
15,systematic
15,review
15,include
15,narrative
15,synthesis
15,approach
15,choose
15,study
15,heterogeneity
15,female
15,typical
15,presentation
15,include
15,subtle
15,social
15,-communication
15,difference
15,context-specific
15,restrict
15,camouflage
15,level
15,male
15,decrease
15,sensitivity
15,standard
15,screening
15,tool
15,woman
15,receive
15,prior
15,psychiatric
15,diagnose
15,asd
15,recognize
15,contribute
15,mental
15,health
15,burden
15,poorer
15,functional
15,outcome
15,current
15,adult
15,asd
15,screening
15,tool
15,limit
15,capacity
15,detect
15,female
15,phenotype
15,integrat
15,camouflage
15,assessment
15,nuance
15,developmental
15,histories
15,update
15,gender
15,inclusive
15,screening
15,instrument
15,essential
15,improve
15,diagnostic
15,equity
15,keyword
15,autism
15,spectrum
15,disorder
15,asd
15,-functioning
15,autism
15,hfa
15,female
15,phenotype
15,delay
15,diagnosis
15,cognition
15,disorder
15,diagnosis
15,language
15,development
15,disorder
15,diagnosis
15,abbreviation
15,adhd
15,attention
15,deficit
15,hyperactivity
15,disorder
15,adi
15,autism
15,diagnostic
15,interview
15,revise
15,ado
15,autism
15,diagnostic
15,observation
15,schedule
15,edition
15,autism
15,quotient
15,asperger
15,syndrome
15,asd
15,autism
15,spectrum
15,disorder
15,basc
15,behavior
15,assessment
15,system
15,children
15,edition
15,bpd
15,borderline
15,personality
15,disorder
15,cat
15,camouflage
15,autistic
15,traits
15,questionnaire
15,dsm
15,diagnosntic
15,statistical
15,manual
15,mental
15,disorders
15,edition
15,dsm
15,diagnostic
15,statistical
15,manual
15,mental
15,disorders
15,edition
15,text
15,revision
15,dsm
15,diagnostic
15,statistical
15,manual
15,mental
15,disorders
15,fourth
15,edition
15,dsm
15,diagnostic
15,statistical
15,manual
15,mental
15,disorders
15,fourth
15,edition
15,text
15,revision
15,dsm
15,iii
15,diagnostic
15,statistical
15,manual
15,mental
15,disorders
15,edition
15,dsm
15,iii
15,diagnostic
15,statistical
15,manual
15,mental
15,disorders
15,edition
15,revise
15,asc
15,girls
15,questionnaire
15,autism
15,spectrum
15,condition
15,hfa
15,functioning
15,autism
15,icd
15,international
15,classification
15,disease
15,ocd
15,obsessive
15,compulsive
15,disorder
15,ptsd
15,post
15,-traumatic
15,stress
15,disorder
15,raads
15,ritvo
15,asperger
15,autism
15,diagnostic
15,scale
15,revise
15,sfa
15,screening
15,autism
15,females
15,srs
15,social
15,responsiveness
15,scale
15,edition
15,journal
15,medicine
15,life
15,vol:18
15,issue
15,distribute
15,term
15,condition
15,creative
15,commons
15,attribution
15,license
15,journal
15,medicine
15,introduction
15,autism
15,spectrum
15,disorder
15,asd
15,neurodevelopmental
15,condition
15,gain
15,attention
15,past
15,decade
15,partly
15,social
15,media
15,focus
15,topic
15,increase
15,adult
15,seek
15,diagnosis
15,life
15,grow
15,amount
15,information
15,clinician
15,challenge
15,diagnose
15,asd
15,adult
15,woman
15,diaganosis
15,criterion
15,continuously
15,evolve
15,past
15,study
15,guideline
15,focus
15,male
15,presentation
15,report
15,prevalence
15,publication
15,diagnostic
15,statistical
15,manual
15,mental
15,disorders
15,edition
15,dsm
15,in2013
15,diagnostic
15,statistical
15,manual
15,mental
15,disorders
15,editon
15,text
15,revision
15,dsm
15,publish
15,diagnostic
15,framework
15,increasingly
15,recognize
15,variability
15,presentation
15,sex
15,gender
15,culture
15,address
15,limitation
15,earlier
15,male
15,centic
15,criterion
15,refinement
15,adult
15,woman
15,intellectual
15,language
15,impairment
15,remain
15,risk
15,under-identification
15,owe
15,subtler
15,symptom
15,expression
15,socially
15,normative
15,restrict
15,frequent
15,compensatory
15,behavior
15,camouflage
15,camouflage
15,strategy
15,include
15,learn
15,social
15,script
15,mimicry
15,neurotypical
15,rehearse
15,conversational
15,response
15,mask
15,observable
15,autistic
15,trait
15,assessment
15,potentially
15,lower
15,score
15,screening
15,instrument
15,delay
15,formal
15,diagnosis
15,strategy
15,adaptive
15,specific
15,context
15,associate
15,increase
15,psychological
15,distress
15,burnout
15,delay
15,autism
15,-specific
15,mental
15,health
15,service
15,misdiagnosis
15,common
15,woman
15,receive
15,psychiatric
15,label
15,anxiety
15,disorder
15,depression
15,personality
15,disorder
15,bpd
15,eat
15,disorder
15,autism
15,clinician
15,diagnostic
15,detour
15,result
15,prolonge
15,period
15,intervention
15,contribute
15,cumulative
15,functional
15,disadvantage
15,increase
15,mental
15,health
15,risk
15,recent
15,research
15,woman
15,require
15,extensive
15,clinical
15,interview
15,developmental
15,histories
15,accurately
15,identify
15,autism
15,standardize
15,screening
15,tool
15,isolation
15,cultural
15,expectation
15,regard
15,gender
15,behavior
15,obscure
15,recognition
15,autistic
15,trait
15,woman
15,clinician
15,individual
15,under-identification
15,asd
15,adult
15,woman
15,clinical
15,challenge
15,public
15,health
15,concern
15,associate
15,risk
15,unemployment
15,social
15,isolation
15,co-occurr
15,mental
15,health
15,condition
15,timely
15,enable
15,targete
15,support
15,service
15,improve
15,quality
15,life
15,reduce
15,likelihood
15,secondary
15,psychiatric
15,morbidity
15,addresse
15,diagnostic
15,disparity
15,require
15,integrat
15,emerge
15,evidence
15,female
15,autism
15,phenotype
15,clinical
15,practice
15,research
15,methodology
15,narrative
15,review
15,synthesize
15,current
15,evidence
15,autism
15,adult
15,woman
15,intellectual
15,language
15,impairment
15,examine
15,limit
15,commonly
15,screening
15,tool
15,detecting
15,female
15,typical
15,trait
15,explore
15,psychosocial
15,effect
15,delay
15,miss
15,diagnose
15,offer
15,evidence
15,base
15,recommendation
15,improve
15,diagnostic
15,fairness
15,updated
15,assessment
15,tool
15,clinician
15,training
15,increase
15,awareness
15,gender
15,specific
15,presentation
15,patterns
15,journal
15,medicine
15,life
15,vol:18
15,issue
15,distribute
15,term
15,life
15,material
15,methods
15,narrative
15,review
15,examine
15,diagnostic
15,challenge
15,asd
15,adult
15,woman
15,intellectual
15,language
15,impairment
15,target
15,literature
15,search
15,conduct
15,pubmed
15,psycinfo
15,scopus
15,january
15,july
15,search
15,multiple
15,combination
15,keyword
15,related
15,autism
15,spectrum
15,disorder
15,female
15,presentation
15,diagnosis
15,screening
15,misdiagnosis
15,camouflaging
15,mask
15,boolean
15,operators
15,adapt
15,database
15,additional
15,term
15,add
15,relevant
15,emerge
15,theme
15,search
15,enhance
15,hand
15,search
15,reference
15,list
15,citation
15,track
15,key
15,papers
15,main
15,inclusion
15,criterion
15,peer-review
15,study
15,english
15,focus
15,diagnostic
15,feature
15,assessment
15,tool
15,psychosocial
15,impact
15,adult
15,woman
15,intellectual
15,language
15,impairment
15,study
15,solely
15,child
15,adolescent
15,adult
15,co-occurring
15,intellectual
15,disability
15,lack
15,empirical
15,data
15,exclude
15,focus
15,recent
15,research
15,earlier
15,study
15,include
15,contextualize
15,evolution
15,diagnostic
15,criterion
15,examine
15,continue
15,screening
15,tool
15,develop
15,earlier
15,diagnostic
15,manual
15,adult-specific
15,evidence
15,insufficient
15,select
15,study
15,child
15,adolescent
15,cite
15,finding
15,judge
15,relevant
15,adult
15,female
15,presentations
15,heterogeneity
15,study
15,design
15,finding
15,integrate
15,narrative
15,synthesis
15,methodological
15,type
15,quality
15,apply
15,formal
15,systematic
15,review
15,protocol
15,conceptual
15,framework
15,term
15,asperger
15,syndrome
15,functioning
15,autism
15,hfa
15,interchangeably
15,dsm
15,introduce
15,term
15,asd
15,specifier
15,intellectual
15,language
15,impairment
15,widely
15,scientific
15,papers
15,interchangeably
15,term
15,impairment
15,delay
15,deficit
15,disability
15,change
15,obstruct
15,development
15,systematic
15,review
15,meta
15,-analysis
15,search
15,process
15,difficult
15,numerous
15,keyword
15,combination
15,obstacle
15,gather
15,systemize
15,data
15,scientific
15,literature
15,focus
15,child
15,adolescent
15,exclude
15,woman
15,mention
15,scarcely
15,systematic
15,review
15,publish
15,intervention
15,trial
15,participant
15,narrative
15,review
15,emphasize
15,continue
15,exclusion
15,adult
15,-particularly
15,woman
15,neuroimage
15,study
15,autism
15,biased
15,recruitment
15,method
15,male
15,centere
15,diagnostic
15,practice
15,criterion
15,note
15,study
15,include
15,male
15,participant
15,female
15,subject
15,reinforce
15,cognitive
15,neuroscience
15,model
15,base
15,male
15,centic
15,data
15,contribute
15,continue
15,exclusion
15,female
15,adult
15,autism
15,research
15,diagnosis
15,longitudinal
15,research
15,track
15,autistic
15,individual
15,childhood
15,adulthood
15,remains
15,scarce
15,constrain
15,sample
15,size
15,limit
15,understanding
15,developmental
15,trajectory
15,lifespan
15,scholarly
15,attention
15,female
15,autism
15,phenotype
15,sex
15,-relate
15,diagnostic
15,bia
15,autistic
15,adult
15,woman
15,intellectual
15,language
15,impairment
15,expand
15,noticeably
15,study
15,conclude
15,outdated
15,diagnosis
15,method
15,necessity
15,condition
15,creative
15,commons
15,attribution
15,license
15,journal
15,medicine
15,apeutic
15,approach
15,autism
15,communication
15,social
15,difficulty
15,woman
15,cognitive
15,disturbance
15,behavioral
15,avoid
15,confusion
15,narrative
15,review
15,focus
15,diagnostic
15,difficulty
15,asd
15,adult
15,woman
15,intellectual
15,language
15,impairment
15,terminology
15,dsm
15,publish
15,diagnostic
15,manual
15,conceptual
15,framework
15,medical
15,model
15,social
15,model
15,neurodivergence
15,disability
15,neurodiversity
15,identity
15,autism
15,view
15,negatively
15,stigmatize
15,paper
15,adopt
15,neurodiversity
15,-inform
15,perspective
15,alignment
15,preference
15,express
15,autistic
15,individual
15,choose
15,identity
15,language
15,autistic
15,person
15,person
15,terminology
15,person
15,autism
15,autism
15,perceive
15,integral
15,individual
15,identity
15,respect
15,view
15,autistic
15,community
15,autism
15,variation
15,human
15,experience
15,pathological
15,condition
15,term
15,autism
15,spectrum
15,disorder
15,mention
15,refer
15,diagnostic
15,criterion
15,protocol
15,evolution
15,diagnostic
15,criteria
15,asd
15,neurodevelopmental
15,disorder
15,impact
15,social
15,communication
15,individual
15,restrict
15,repetitive
15,table1
15,autism
15,diagnostic
15,criterion
15,gender
15,inclusion
15,diagnosis
15,manual
15,key
15,change
15,introduction
15,dsm
15,iii
15,introduce
15,term
15,infantile
15,autism
15,criterion
15,focus
15,male
15,centere
15,month
15,age
15,limit
15,diagnosis
15,dsm
15,iii
15,remove
15,month
15,age
15,limit
15,category
15,pervasive
15,developmental
15,pdd
15,icd
15,term
15,pdd
15,similar
15,dsm
15,iii
15,dsm
15,define
15,subtype
15,autism
15,asperger
15,focus
15,main
15,socialization
15,repetitive
15,behavior
15,dsm
15,revision
15,retain
15,dsm
15,structure
15,add
15,clarification
15,major
15,change
15,diagnostic
15,criterion
15,dsm
15,remove
15,subtype
15,introduce
15,spectrum
15,core
15,criterion
15,recognize
15,autism
15,lifelong
15,condition
15,include
15,diverse
15,female
15,phenotype
15,camouflage
15,icd
15,aligns
15,dsm
15,emphasize
15,function
15,lack
15,gender
15,note
15,dsm
15,iii
15,diagnostic
15,statistical
15,manual
15,mental
15,disorders
15,dsm
15,iii
15,diagnostic
15,statistical
15,manual
15,mental
15,disorders
15,edition
15,related
15,health
15,dsm
15,diagnostic
15,statistical
15,manual
15,mental
15,mental
15,disorders
15,fourth
15,edition
15,text
15,revision
15,dsm
15,diagnostic
15,statistical
15,statistical
15,manual
15,mental
15,disorders
15,edition
15,text
15,revision
15,icd
15,statistic
15,revision.
15,journal
15,distribute
15,life
15,havior
15,strong
15,adherence
15,routine
15,diagnostic
15,criterion
15,cite
15,dsm
15,emphasize
15,main
15,domain
15,social
15,communication
15,interaction
15,restrictive
15,repetitive
15,behavior
15,initially
15,autism
15,diagnosis
15,related
15,childhood
15,associate
15,mental
15,disability
15,begin
15,term
15,diagnostic
15,statistical
15,manual
15,mental
15,disorders
15,edition
15,dsm
15,iii
15,time
15,diagnostic
15,manuals
15,publish
15,diagnostic
15,criterion
15,autism
15,underwent
15,significant
15,change
15,table1
15,aspect
15,development
15,symptom
15,childhood
15,adulthood
15,individual
15,variability
15,gender
15,difference
15,cultural
15,racial
15,difference
15,mention
15,late
15,dsm
15,edition
15,international
15,classification
15,disease
15,icd
15,update
15,align
15,dsm
15,criterion
15,lack
15,gender
15,differentiation
15,evolution
15,change
15,late
15,recognition
15,gender
15,difference
15,affect
15,researcher
15,clinician
15,rely
15,historical
15,framework
15,symptom
15,profiles
15,base
15,study
15,male
15,centere
15,view
15,autism
15,overlook
15,female
15,specific
15,sign
15,result
15,ongoing
15,underdiagnosis
15,woman
15,illustrates
15,key
15,milestone
15,inclusion
15,reconceptualization
15,asd
15,major
15,diagnostic
15,manuals
15,dsm
15,icd
15,start
15,dsm
15,iii
15,dsm
15,icd
15,timeline
15,reflect
15,change
15,formal
15,recognition
15,categorization
15,diagnostic
15,implication
15,woman
15,male
15,centere
15,model
15,risk
15,approach
15,underdiagnosis
15,girl
15,introduce
15,lack
15,gender
15,differentiation
15,persist
15,disorder
15,outdated
15,criterion
15,adapt
15,gender
15,difference
15,pdd
15,nos
15,subtype
15,reflect
15,female
15,communication
15,phenotype
15,risk
15,mislabeling
15,omission
15,maintain
15,subtype
15,structure
15,femalespecific
15,trait
15,overlook
15,unified
15,mask
15,gender
15,difference
15,standard
15,tool
15,level
15,severity
15,miss
15,subtle
15,symptom
15,woman
15,reference
15,opend
15,discussion
15,gender
15,bia
15,behavior
15,contribution
15,remain
15,limit
15,spectrum
15,adaptive
15,lack
15,specific
15,tool
15,identify
15,differentiation
15,female
15,phenotype
15,persist
15,edition
15,revise
15,icd
15,international
15,statistical
15,classification
15,disease
15,disorder
15,fourth
15,edition
15,dsm
15,diagnostic
15,statistical
15,manual
15,manual
15,mental
15,disorders
15,edition
15,dsm
15,diagnostic
15,international
15,classification
15,disease
15,mortality
15,morbidity
15,medicine
15,life
15,vol:18
15,issue
15,term
15,condition
15,creative
15,commons
15,attribution
15,license
15,journal
15,medicine
15,timeline
15,asd
15,diagnostic
15,inclusion
15,classification
15,ange
15,age
15,limit
15,remove
15,child
15,focus
15,dark
15,green
15,female
15,specific
15,phenotype
15,criterion
15,autism
15,provide
15,essential
15,context
15,understanding
15,diagnostic
15,framework
15,historically
15,limit
15,identification
15,autistic
15,adult
15,-particularly
15,woman
15,intellectual
15,language
15,impairment
15,increased
15,visibility
15,recognition
15,awareness
15,recent
15,increase
15,visibility
15,recognition
15,autism
15,drive
15,expand
15,research
15,influence
15,social
15,media
15,contribute
15,broader
15,public
15,awareness
15,inclusive
15,narrative
15,complement
15,grow
15,scholarly
15,focus
15,autism
15,spectrum
15,disorder
15,woman
15,aim
15,address
15,historical
15,diagnostic
15,biase
15,understand
15,sex-specific
15,presentations
15,topic
15,autism
15,gain
15,increase
15,attention
15,scientific
15,circle
15,social
15,media
15,adult
15,start
15,seek
15,assessments
15,suspect
15,undiagnosed
15,autism
15,asd
15,intellectual
15,language
15,impairment
15,symptom
15,easily
15,unnoticed
15,individual
15,report
15,significant
15,impairment
15,daily
15,functioning
15,develop
15,mask
15,strategy
15,time
15,diagnose
15,life
15,intellect
15,language
15,ability
15,sufficiently
15,develop
15,ensure
15,adaptation
15,society
15,specific
15,stressor
15,professional
15,social
15,expectation
15,diminish
15,individual
15,ability
15,cope
15,lead
15,psychiatric
15,evaluation
15,recent
15,research
15,highlight
15,significant
15,rise
15,diagnosis
15,recognition
15,asd
15,adult
15,female
15,traditionally
15,underdiagnose
15,diagnostic
15,biase
15,limit
15,understanding
15,atypical
15,symptom
15,presentation
15,scale
15,cross-sectional
15,study
15,utilize
15,u.s.
15,health
15,record
15,increase
15,autism
15,diagnose
15,adult
15,notable
15,increase
15,adult
15,female
15,timeframe
15,trend
15,grow
15,awareness
15,adult
15,autism
15,narrowing
15,gender
15,journal
15,medicine
15,life
15,vol:18
15,issue
15,distribute
15,term
15,life
15,system
15,red
15,diagnosis
15,restrict
15,child
15,month
15,diagnosntic
15,criterion
15,extend
15,adult
15,light
15,green
15,mention
15,gap
15,diagnostic
15,rate
15,possibly
15,shift
15,clinical
15,practice
15,improve
15,assessments
15,complement
15,narrative
15,review
15,regard
15,diagnostic
15,disparity
15,affect
15,girl
15,woman
15,autism
15,emphasize
15,woman
15,remain
15,undiagnosed
15,misdiagnose
15,camouflaging
15,behavior
15,masking
15,symptom
15,prevail
15,male
15,centere
15,diagnostic
15,model
15,advocate
15,gender
15,sensitive
15,diagnostic
15,tool
15,approach
15,accuritely
15,capture
15,female
15,autism
15,phenotype
15,systematic
15,review
15,publish
15,provide
15,insight
15,regard
15,individual
15,diagnose
15,autism
15,adulthood
15,refer
15,late
15,diagnose
15,highlight
15,diagnostic
15,delay
15,widespread
15,woman
15,societal
15,clinical
15,misconception
15,internalized
15,masking
15,autistic
15,trait
15,study
15,call
15,enhance
15,clinician
15,training
15,public
15,education
15,facilitate
15,timely
15,accurate
15,adult
15,diagnosis
15,study
15,reflect
15,shifting
15,diagnostic
15,landscape
15,attention
15,pay
15,autism
15,childhood
15,stereotypical
15,male
15,trait
15,increase
15,diagnose
15,adult
15,woman
15,suggest
15,grow
15,visibility
15,continue
15,effort
15,dismantle
15,gender
15,age
15,base
15,diagnostic
15,barriers
15,gender
15,biased
15,diagnosis
15,gender
15,base
15,diagnostic
15,disparity
15,asd
15,persist
15,woman
15,underdiagnose
15,misdiagnose
15,historically
15,male
15,centere
15,diagnostic
15,criteria
15,increase
15,likelihood
15,social
15,camouflaging
15,autistic
15,woman
15,contribute
15,delay
15,miss
15,recognition
15,compare
15,male
15,counterpart
15,experience
15,personal
15,insight
15,adult
15,woman
15,diagnose
15,late
15,asd
15,document
15,qualitative
15,study
15,numerous
15,challenge
15,misunderstand
15,clinician
15,error
15,diagnostic
15,process
15,finding
15,replicate
15,depth
15,analysis
15,interand
15,condition
15,creative
15,commons
15,attribution
15,license
15,journal
15,medicine
15,views
15,personal
15,insight
15,asd
15,intellectual
15,language
15,impairment
15,woman
15,date
15,study
15,gender
15,bia
15,prominent
15,society
15,clinical
15,setting
15,teacher
15,underreport
15,behavioral
15,social
15,girl
15,autism
15,clinician
15,underestimate
15,asd
15,woman
15,require
15,criteria
15,behavioral
15,disturbance
15,diagnosis
15,compare
15,camouflage
15,woman
15,fewer
15,externalizing
15,behavior
15,lead
15,internalization
15,stressor
15,manifest
15,anxiety
15,depression
15,trauma
15,related
15,disorder
15,eat
15,disorder
15,score
15,lower
15,male
15,counterpart
15,screening
15,question
15,regard
15,restrictive
15,repetitive
15,behavior
15,subsequently
15,clinician
15,disregard
15,criterion
15,diagnosis
15,checklist
15,exclude
15,asd
15,diagnosis
15,male
15,centered
15,screening
15,tdiagnosis
15,tool
15,autism
15,describe
15,kanner
15,asperger
15,condition
15,similar
15,schizophrenia
15,observ
15,behavioral
15,pattern
15,male
15,child
15,communication
15,social
15,isolation
15,restrictive
15,behavior
15,stereotype
15,mention
15,description
15,female
15,presentation
15,subsequently
15,study
15,focus
15,male
15,predominance
15,autism
15,researchers
15,autism
15,male
15,specific
15,disorder
15,focus
15,prevalence
15,asd
15,explain
15,belief
15,brain
15,focused
15,concrete
15,logical
15,prone
15,experience
15,empathy
15,propose
15,extreme
15,male
15,brain
15,theory
15,challenge
15,study
15,summarize
15,table
15,prevalence
15,autism
15,girl
15,woman
15,previously
15,estimate
15,screening
15,diagnostic
15,tool
15,create
15,primarily
15,targeting
15,child
15,individual
15,intellectual
15,language
15,impairment
15,handful
15,tool
15,adult
15,update
15,align
15,diagnostic
15,manual
15,dsm
15,icd
15,fewer
15,calibrate
15,gender
15,difference
15,table3
15,summarize
15,exist
15,screening
15,diagnostic
15,tool
15,tool
15,male
15,centic
15,develop
15,norm
15,predominantly
15,male
15,samples
15,shape
15,thitey
15,contend
15,male
15,presentation
15,measurement
15,non-invariance
15,item
15,function
15,sex
15,table2
15,prevalence
15,autism
15,male
15,female
15,ratio
15,estimate
15,male
15,population
15,method
15,key
15,findings
15,female
15,ratio
15,traditional
15,esto
15,clinical
15,diagnosis
15,dsm
15,longstand
15,average
15,mate
15,dsm
15,tool
15,criterion
15,underestimate
15,community
15,base
15,sam
15,tool
15,ple
15,girl
15,identify
15,broader
15,screening
15,adult
15,study
15,broader
15,report
15,tion
15,rate
15,simulation
15,modeling
15,modeling
15,study
15,correct
15,bia
15,lence
15,woman
15,diagnostic
15,bia
15,note
15,united
15,united
15,kingdom
15,journal
15,distribute
15,life
15,reduce
15,sensitivity
15,female
15,gender
15,diverse
15,phenotype
15,parallel
15,woman
15,gender
15,diverse
15,people
15,camouflage
15,mask
15,autistic
15,trait
15,systematically
15,lowere
15,score
15,item
15,rely
15,social
15,-communication
15,difference
15,stereoty
15,behavior
15,delay
15,obscur
15,detection
15,contemporary
15,review
15,conclude
15,current
15,procedure
15,instrument
15,insufficiently
15,capture
15,female
15,autism
15,phenotype
15,contribute
15,miss
15,diagnose
15,call
15,sex
15,gender
15,aware
15,adaptation
15,re-norming
15,instrument
15,ritvo
15,autism
15,asperger
15,diagnostic
15,scale
15,revised
15,raads
15,recent
15,development
15,female
15,-specific
15,autism
15,screening
15,introduce
15,tool
15,improve
15,detection
15,accuracy
15,girls
15,questionnaire
15,autism
15,spectrum
15,condition
15,asc
15,demonstrate
15,correctly
15,identify
15,approximately
15,time
15,screening
15,autism
15,females
15,sfa
15,measure
15,instrument
15,specifically
15,design
15,capture
15,female
15,specific
15,presentations
15,autism
15,camouflaging
15,autistic
15,traits
15,questionnaire
15,catq
15,supplementary
15,tool
15,targeting
15,camouflage
15,verbally
15,fluent
15,autistic
15,adult
15,instrument
15,promise
15,identify
15,autism
15,woman
15,current
15,evidence
15,remain
15,limited
15,validation
15,diverse
15,population
15,require
15,establish
15,reliability
15,clinical
15,utility
15,clinical
15,presentation
15,tdiagnosis
15,barrier
15,autistic
15,woman
15,female
15,phenotype
15,autism
15,woman
15,girl
15,compare
15,difference
15,social
15,communication
15,restrictive
15,mask
15,behavior
15,female
15,autism
15,phenotype
15,widely
15,recognize
15,clinician
15,lead
15,delay
15,referral
15,diagnosis
15,adequate
15,intervention
15,support
15,current
15,diagnosis
15,criterion
15,primarily
15,base
15,male
15,phenotype
15,diagnosis
15,threshold
15,female
15,male
15,similar
15,compare
15,male
15,typical
15,profile
15,autistic
15,girl
15,woman
15,superficially
15,typical
15,social
15,behavior
15,stay
15,peer
15,weave
15,compensatory
15,strategy
15,mask
15,difficulty
15,contrast
15,autistic
15,boy
15,solitary
15,disengage
15,communication
15,girl
15,linguistic
15,camouflage
15,produce
15,typical
15,sound
15,filled
15,pause
15,patterns
15,speech
15,study
15,base
15,male
15,centic
15,diagnostic
15,lai
15,szatmari
15,women
15,awareness
15,gap
15,narrow
15,lai
15,al.
15,grosvenor
15,inclusion
15,criterion
15,identifica
15,napolitano
15,woman
15,mccrossin
15,suggest
15,actual
15,preva
15,mccrossin
15,exceed
15,adjust
15,medicine
15,life
15,vol:18
15,issue
15,term
15,condition
15,creative
15,commons
15,attribution
15,license
15,journal
15,medicine
15,table3
15,screen
15,diagnostic
15,tool
15,asd
15,scale
15,authors
15,no.
15,item
15,aq50
15,baron
15,cohen
15,raad
15,ritvo
15,adi
15,lord
15,ado
15,lord
15,revise
15,hus
15,lord
15,srs
15,adult
15,constantino
15,report
15,gruber
15,revise
15,bruni
15,sfa
15,benevides
15,marques
15,brazil
15,asc
15,brown
15,cat
15,hull
15,basc
15,reynold
15,kamphaus
15,note
15,autism
15,spectrum
15,quotient
15,item
15,version
15,raads
15,ritvo
15,view
15,revise
15,ado
15,autism
15,diagnostic
15,observation
15,schedule
15,edition
15,report
15,form
15,sfa
15,screen
15,autism
15,females
15,asc
15,girls
15,questionnaire
15,traits
15,questionnaire
15,basc
15,behavior
15,assessment
15,system
15,children
15,socially
15,typical
15,similar
15,underlying
15,social
15,-pragmatic
15,challenge
15,restrict
15,repetitive
15,behavior
15,woman
15,tend
15,fewer
15,restrict
15,age
15,gender
15,congruent
15,animal
15,fiction
15,celebrity
15,overlook
15,assessment
15,tune
15,male
15,typical
15,theme
15,mannerism
15,meta-analysis
15,standard
15,measure
15,observable
15,social
15,-interaction
15,difficulty
15,woman
15,cognitive
15,behavioral
15,challenge
15,pattern
15,consistent
15,camouflaging
15,phenotype
15,difference
15,current
15,tool
15,male
15,presentations
15,research
15,differential
15,diagnosis
15,autism
15,gender
15,confirm
15,biase
15,experience
15,clinician
15,quantitative
15,study
15,data
15,longitudinal
15,national
15,registry
15,autistic
15,adult
15,female
15,male
15,prior
15,psychiatic
15,diagnosis
15,comorbidity
15,common
15,female
15,frequently
15,mood
15,disorder
15,anxiety
15,woman
15,previous
15,diagnosis
15,upheld
15,rate
15,compare
15,recent
15,research
15,confirm
15,finding
15,report
15,autistic
15,adult
15,receive
15,psychiatric
15,misdiagnosis
15,prior
15,autism
15,diagnosis
15,reinforce
15,evidence
15,error
15,common
15,disproportionately
15,affect
15,woman
15,journal
15,medicine
15,life
15,vol:18
15,issue
15,distribute
15,term
15,life
15,limitations
15,gaps
15,gender
15,calibration
15,report
15,retroactive
15,woman
15,symptom
15,check
15,dsm
15,base
15,report
15,lower
15,score
15,gender
15,calibration
15,report
15,retroactive
15,symptom
15,check
15,dsm
15,base
15,gender
15,calibration
15,focus
15,retroactive
15,focus
15,child
15,symptom
15,capture
15,adult-specific
15,phenotype
15,dsm
15,base
15,gender
15,specific
15,woman
15,golden
15,standard
15,construct
15,radar
15,male
15,brain
15,mind
15,dsm
15,base
15,revise
15,calibrate
15,woman
15,sensitive
15,false
15,negative
15,dsm
15,base
15,revise
15,design
15,specifically
15,report
15,woman
15,limit
15,study
15,research
15,diagnosis
15,tool
15,base
15,dsm
15,development
15,calibrate
15,girl
15,limit
15,report
15,sensitive
15,study
15,detect
15,camouflage
15,dsm
15,bas
15,camouflage
15,complementary
15,tool
15,trait
15,girl
15,screening
15,diagnosis
15,version
15,specifically
15,autism
15,behavioral
15,disorder
15,autism
15,asperger
15,diagnostic
15,scale
15,revised
15,adi
15,autism
15,diagnostic
15,inter
15,module
15,srs
15,social
15,responsiveness
15,scale
15,edition
15,adult
15,autism
15,spectrum
15,condition
15,cat
15,camouflaging
15,autistic
15,edition
15,camouflage
15,mask
15,individual
15,normal
15,average
15,intelligence
15,develop
15,language
15,skill
15,autism
15,symptom
15,remain
15,hidden
15,late
15,life
15,cop
15,strategy
15,follow
15,script
15,effectively
15,act
15,neurotypical
15,consciously
15,learn
15,speak
15,interpret
15,non-verbal
15,cue
15,mimic
15,social
15,behavior
15,fit
15,society
15,approach
15,carry
15,significant
15,cognitive
15,cost
15,lead
15,fatigue
15,burnout
15,comorbidity
15,depression
15,anxiety
15,camouflaging
15,gender
15,expectation
15,societal
15,standard
15,lead
15,misdiagnosis
15,delay
15,seek
15,evaluation
15,compensate
15,masking
15,autism
15,symptom
15,woman
15,explain
15,capacity
15,integrate
15,social
15,stimuli
15,reduce
15,frequency
15,restrictive
15,repetitive
15,behavior
15,girl
15,quickly
15,learn
15,mimic
15,typical
15,behavior
15,social
15,situation
15,language
15,skill
15,language
15,delay
15,common
15,male
15,primary
15,reason
15,parent
15,seek
15,medical
15,service
15,-reported
15,meta-analytic
15,study
15,consistently
15,cat
15,score
15,autistic
15,woman
15,evidence
15,masking
15,meta-analysis
15,cat
15,link
15,camouflage
15,age
15,diagnosis
15,female
15,condition
15,creative
15,commons
15,attribution
15,license
15,journal
15,medicine
15,comorbidity
15,comorbidity
15,common
15,asd
15,diagnose
15,adult
15,secondary
15,condition
15,comorbidity
15,burden
15,woman
15,common
15,co-occurring
15,condition
15,attention
15,deficit
15,hyperactivity
15,disorder
15,adhd
15,approximate
15,lifetime
15,prevalence
15,trauma
15,related
15,condition
15,post-traumatic
15,stress
15,disorder
15,ptsd
15,anxiety
15,depression
15,approximate
15,lifetime
15,prevalence
15,obsessive
15,compulsive
15,disorder
15,ocd
15,woman
15,previous
15,psychiatic
15,diagnosis
15,compare
15,clinician
15,autism
15,diagnosis
15,pathway
15,woman
15,compare
15,focus
15,symptom
15,related
15,comorbidity
15,mood
15,disturbance
15,trauma
15,related
15,symptom
15,obsession
15,compulsion
15,personality
15,trait
15,anxiety
15,behavior
15,issue
15,link
15,autism
15,woman
15,tend
15,express
15,externalizing
15,behavioral
15,trait
15,compare
15,symptom
15,impulsivity
15,disorder
15,eat
15,emotional
15,instability
15,harm
15,frequent
15,lead
15,diagnose
15,anorexia
15,nervosa
15,borderline
15,personality
15,disorder
15,bpd
15,condition
15,coexist
15,autism
15,autistic
15,trait
15,subtle
15,frequently
15,unnoticed
15,woman
15,asd
15,prove
15,vulnerable
15,manipulation
15,abuse
15,accumulation
15,comorbidity
15,symptom
15,indicative
15,condition
15,ptsd
15,ocd
15,bpd
15,mask
15,asd
15,symptom
15,radar
15,late
15,diagnosis
15,"misdiagnosis2,449"
15,asd
15,condition
15,significantly
15,impact
15,individual
15,development
15,earlier
15,diagnosis
15,outcome
15,earlier
15,adequate
15,therapy
15,earlier
15,support
15,result
15,functionality
15,life
15,autism
15,complex
15,disorder
15,diagnosis
15,require
15,experienced
15,clinician
15,variable
15,aspect
15,history
15,persistence
15,symptom
15,tend
15,prominently
15,childhood
15,toddler
15,lack
15,visual
15,contact
15,reduce
15,facial
15,expressiveness
15,gestural
15,communication
15,interview
15,parent
15,primary
15,caregiver
15,provide
15,detailed
15,account
15,developmental
15,crucial
15,challenge
15,adult
15,patient
15,social
15,isolation
15,stigma
15,worsen
15,burden
15,pathology
15,dysfunction
15,individual
15,properly
15,diagnose
15,outcome
15,obstacle
15,diagnosed
15,persistent
15,belief
15,extreme
15,male
15,brain
15,theory
15,autism
15,clinician
15,adoep
15,lead
15,lack
15,flexibility
15,assessment
15,social
15,skill
15,fewer
15,restrictive
15,behavior
15,woman
15,reason
15,rule
15,asd
15,diagnosis
15,female
15,child
15,display
15,fewer
15,symptom
15,boy
15,communication
15,challenge
15,functional
15,impairment
15,lack
15,support
15,issue
15,internalized
15,lead
15,manifestation
15,symptom
15,stressful
15,time
15,response
15,external
15,factor
15,require
15,clinical
15,attention
15,result
15,late
15,diagnosis
15,journal
15,distribute
15,life
15,psychological
15,functional
15,impact
15,late
15,diagnosis
15,late
15,diagnosis
15,significant
15,impact
15,person
15,diagnose
15,feel
15,relief
15,misunderstanding
15,experience
15,grief
15,time
15,spend
15,confirm
15,diagnosis
15,follow
15,asd
15,diagnosis
15,delay
15,miss
15,incorrect
15,diagnosis
15,significantly
15,affect
15,individual
15,society
15,emotional
15,mental
15,health
15,consequence
15,range
15,increase
15,anxiety
15,depression
15,feeling
15,isolation
15,low
15,esteem
15,report
15,social
15,interpersonal
15,challenge
15,woman
15,experience
15,emotional
15,exhaustion
15,burnout
15,sustain
15,effort
15,hide
15,autistic
15,trait
15,lead
15,cost
15,mental
15,health
15,service
15,symptom
15,worsen
15,delay
15,proper
15,intervention
15,misdiagnosis
15,inappropriate
15,treatment
15,educational
15,occupational
15,consequence
15,significant
15,delay
15,tdiagnosis
15,result
15,missed
15,opportunity
15,intervention
15,negatively
15,impact
15,academic
15,achievement
15,social
15,skill
15,development
15,late
15,diagnosed
15,student
15,misunderstand
15,educational
15,system
15,peer
15,lead
15,bully
15,social
15,exclusion
15,unmet
15,educational
15,adult
15,diagnose
15,late
15,challenge
15,result
15,extend
15,leave
15,absence
15,social
15,isolation
15,sensory
15,issue
15,executive
15,function
15,issue
15,lead
15,unemployment
15,underemployment
15,lack
15,diagnosis
15,delay
15,academic
15,workplace
15,accommodation
15,worsen
15,professional
15,outcome
15,affect
15,functionality
15,confirm
15,longitudinal
15,study
15,conduct
15,netherlands
15,follow
15,cohort
15,autistic
15,adult
15,woman
15,-binary
15,individual
15,identify
15,factor
15,associate
15,stable
15,employment
15,individual
15,asd
15,lower
15,severity
15,autistic
15,trait
15,education
15,earlier
15,asd
15,diagnosis
15,intense
15,feeling
15,defectivity
15,impaire
15,social
15,adaptation
15,lack
15,professional
15,symptom
15,recognition
15,support
15,woman
15,appeal
15,resource
15,diagnose
15,lead
15,social
15,stigma
15,diagnosis
15,officially
15,recognize
15,social
15,exclusion
15,woman
15,engage
15,risky
15,behavior
15,harm
15,substance
15,abuse
15,lead
15,diagnosis
15,bpd
15,comorbidity
15,autism
15,woman
15,failure
15,recognize
15,autistic
15,trait
15,behavior
15,result
15,incorrect
15,therapeutic
15,approaches
15,worsen
15,prognosis
15,gap
15,screening
15,diagnosis
15,tool
15,widely
15,utilize
15,screen
15,instrument
15,free
15,availability
15,develop
15,base
15,dsm
15,criterion
15,predominantly
15,male
15,centic
15,include
15,social
15,skill
15,subscale
15,reflect
15,ease
15,social
15,situation
15,warmth
15,interaction
15,preference
15,evidence
15,subscale
15,critical
15,limitation
15,detecting
15,autism
15,woman
15,autistic
15,female
15,patient
15,frequently
15,mask
15,autistic
15,trait
15,practice
15,social
15,script
15,mimick
15,sustain
15,eye
15,contact
15,inflate
15,performance
15,report
15,question
15,social
15,confidence
15,friendliness
15,compensatory
15,strategy
15,suppress
15,manifestation
15,deeper
15,social
15,struggle
15,detect
15,recent
15,study
15,social
15,skill
15,item
15,function
15,equivalently
15,sex
15,measurement
15,invariance
15,gender
15,bia
15,item
15,level
15,feon
15,medicine
15,life
15,vol:18
15,issue
15,term
15,condition
15,creative
15,commons
15,attribution
15,license
15,journal
15,medicine
15,male
15,report
15,empathy
15,friendship
15,motivation
15,internal
15,experience
15,cognitive
15,load
15,anxiety
15,autistic
15,burnout
15,remain
15,hide
15,social
15,success
15,systematic
15,review
15,standardize
15,narrow
15,measure
15,social
15,communication
15,interaction
15,mirror
15,social
15,skills
15,communication
15,subscale
15,sensitive
15,nuance
15,female
15,autistic
15,presentation
15,nice
15,guideline
15,identify
15,ado
15,gold
15,standard
15,observational
15,tool
15,autism
15,assessment
15,comprehensive
15,diagnostic
15,pathway
15,evidence
15,suggest
15,sensitive
15,female
15,presentations
15,ados
15,base
15,confirmation
15,disproportionately
15,exclude
15,autistic
15,woman
15,research
15,sample
15,item
15,-level
15,analysis
15,alignment
15,male
15,typical
15,profile
15,gap
15,current
15,literature
15,grow
15,attention
15,key
15,evidence
15,gaps
15,persist
15,autistic
15,woman
15,intellectual
15,language
15,impairment
15,diagnosntic
15,research
15,rely
15,male
15,centic
15,instrument
15,item
15,bia
15,document
15,minority
15,item
15,gender
15,invariance
15,risk
15,under-identification
15,woman
15,recognition
15,improve
15,age
15,diagnosis
15,remain
15,female
15,trajectory
15,late
15,identified
15,woman
15,poorly
15,describe
15,surveillance
15,dataset
15,confirm
15,uneven
15,identification
15,sex
15,race
15,ethnicity
15,provide
15,limited
15,adult
15,follow
15,link
15,disparity
15,outcome
15,evidence
15,confirm
15,sex
15,gender
15,difference
15,presentation
15,finding
15,restrict
15,repetitive
15,behavior
15,remain
15,inconsistent
15,reflec
15,measurement
15,construct
15,gap
15,gender
15,consensus
15,operationalization
15,masking
15,camouflage
15,clinical
15,workflow
15,study
15,test
15,incorporate
15,camouflage
15,metric
15,reduce
15,miss
15,diagnose
15,woman
15,intervention
15,research
15,remain
15,sparse
15,verbally
15,fluent
15,adult
15,woman
15,guidance
15,primarily
15,extrapolate
15,mix
15,sex
15,sample
15,expert
15,opinion
15,limited
15,trial
15,tailor
15,female
15,priority
15,finally
15,intersectional
15,factor
15,culture
15,race
15,socioeconomic
15,status
15,acknowledge
15,drivers
15,inequity
15,prospective
15,adequately
15,power
15,study
15,connect
15,factor
15,diagnostic
15,timing
15,mental
15,health
15,outcome
15,adult
15,woman
15,rare
15,collectively
15,gap
15,accurate
15,screening
15,prompt
15,diagnosis
15,specific
15,support
15,subgroup
15,rigorously
15,evaluate
15,intervention
15,focus
15,specifically
15,adult
15,autistic
15,woman
15,tailor
15,content
15,meet
15,female
15,salient
15,result
15,notably
15,limited
15,evidence
15,base
15,effectiveness
15,implementation
15,exist
15,research
15,highlight
15,elevate
15,risk
15,sexual
15,physical
15,victimization
15,autistic
15,woman
15,prevention
15,program
15,trauma-inform
15,care
15,approach
15,tailor
15,population
15,remain
15,absent
15,equity
15,intersectionality
15,rarely
15,address
15,limit
15,investigation
15,outcomes
15,vary
15,race
15,ethnicity
15,socioeconomic
15,status
15,identity
15,cultural
15,background
15,gap
15,constrain
15,generalizability
15,finding
15,hinder
15,design
15,responsive
15,inclusive
15,service
15,journal
15,medicine
15,life
15,vol:18
15,issue
15,distribute
15,term
15,life
15,intersectionality
15,minority
15,identity
15,autistic
15,woman
15,intellectual
15,language
15,impairment
15,intersect
15,identitie
15,lead
15,diagnostic
15,delay
15,shape
15,psychosocial
15,outcome
15,cultural
15,norm
15,femininity
15,gender
15,role
15,sociability
15,encourage
15,camouflaging
15,discourage
15,seek
15,lead
15,clinician
15,overlook
15,autistic
15,trait
15,surface
15,social
15,behavior
15,typical
15,community
15,stigma
15,surround
15,neurodevelopmental
15,label
15,suppress
15,disclosure
15,limit
15,family
15,advocacy
15,delay
15,referral
15,crisis
15,emerge
15,comorbidity
15,accumulate
15,race
15,ethnicity
15,influence
15,pathway
15,care
15,surveillance
15,data
15,continue
15,uneven
15,identification
15,race
15,ethnicity
15,gain
15,autistic
15,girl
15,color
15,heighten
15,risk
15,miss
15,diagnose
15,delay
15,associate
15,internalizing
15,symptom
15,burnout
15,reduce
15,tailor
15,support
15,adolescence
15,adulthood
15,increase
15,personal
15,societal
15,burden
15,camouflage
15,impedes
15,diagnostic
15,recognition
15,delay
15,treatment
15,amplify
15,feeling
15,thwart
15,belong
15,elevate
15,risk
15,internalizing
15,symptom
15,increase
15,suicidality
15,socioeconomic
15,status
15,intersect
15,factor
15,mention
15,constrain
15,specialist
15,evaluation
15,continuity
15,care
15,culturally
15,responsive
15,therapy
15,lower
15,income
15,woman
15,wait
15,time
15,fewer
15,provider
15,option
15,outon
15,pocket
15,burden
15,perpetuate
15,unmet
15,mental
15,health
15,finally
15,rate
15,lgbtqia
15,identity
15,autistic
15,woman
15,create
15,additional
15,minority
15,stress
15,intensify
15,anxiety
15,depression
15,service
15,affirme
15,addresse
15,intersectional
15,inequity
15,require
15,culturally
15,competent
15,assessment
15,proactive
15,screening
15,underserved
15,setting
15,neurodiversity
15,-affirm
15,mental
15,health
15,care
15,future
15,direction
15,emerging
15,approach
15,table4
15,summarize
15,recent
15,advance
15,recommendation
15,enhance
15,diagnosis
15,assessment
15,therapeutic
15,support
15,autistic
15,woman
15,intellectual
15,language
15,impairment
15,personalized
15,approach
15,prefer
15,interview
15,parent
15,caregiver
15,conduct
15,obtain
15,data
15,regard
15,childhood
15,behavior
15,neurodevelopmental
15,history
15,discussion
15,limitation
15,recent
15,evidence
15,underscore
15,necessity
15,develop
15,gender
15,sensitive
15,diagnostic
15,tool
15,capable
15,accurately
15,identify
15,female
15,autism
15,phenotype
15,manifest
15,subtler
15,social
15,communication
15,difference
15,heighten
15,camouflaging
15,strategy
15,presentation
15,autism
15,woman
15,remain
15,insufficiently
15,recognize
15,educator
15,clinician
15,target
15,training
15,sign
15,asd
15,woman
15,essential
15,increase
15,awareness
15,gender
15,specific
15,manifestation
15,reduce
15,delay
15,diagnosis
15,lessen
15,term
15,societal
15,cost
15,core
15,diagnostic
15,process
15,qualitative
15,assessment
15,developmental
15,history
15,standardize
15,diagnostic
15,criterion
15,psychometric
15,evaluation
15,consistently
15,incorporate
15,clinical
15,practice
15,condition
15,creative
15,commons
15,attribution
15,license
15,journal
15,medicine
15,life
15,table4
15,-sensitive
15,autism
15,assessment
15,support
15,key
15,recommendation
15,recommendation
15,domain
15,broaden
15,diagnostic
15,assessment
15,include
15,female
15,typical
15,exemplar
15,behavior
15,diagnosis
15,cook
15,masking
15,scripting
15,include
15,checklist
15,style
15,querie
15,oriente
15,social
15,screening
15,camouflage
15,gender
15,sensitive
15,diagnostic
15,criterion
15,ensure
15,social
15,communication
15,tool
15,screen
15,lai
15,"al.,2023"
15,capture
15,subtle
15,social
15,distress
15,surface
15,competence
15,clinician
15,consensus
15,recommend
15,integrat
15,female
15,norm
15,interview
15,prompt
15,diagnosis
15,trundle
15,thitey
15,-level
15,recalibration
15,standard
15,assessments
15,protocol
15,prioritize
15,report
15,qualitative
15,histories
15,autistic
15,woman
15,diagnostic
15,hull
15,hull
15,diagnostic
15,overshadowing
15,clinician
15,bia
15,process
15,introduce
15,neurodiversity
15,-affirm
15,therapy
15,framework
15,emphasize
15,strengt
15,therapy
15,lai
15,"al.,2023"
15,lerner
15,al.2023
15,reduce
15,mask
15,load
15,avoid
15,deficit
15,base
15,approach
15,khudiakova
15,"al.,2024"
15,verbal
15,intellectually
15,woman
15,promote
15,mindfulness
15,base
15,therapy
15,cook
15,"al.,2021"
15,intervention
15,mental
15,health
15,support
15,strict
15,behavioral
15,training
15,support
15,forbes
15,conflict
15,nostic
15,framework
15,terminology
15,evolve
15,sustain
15,specialist
15,training
15,intersectional
15,research
15,essential
15,declare
15,conflict
15,prospective
15,retrospective
15,quantitative
15,study
15,authorship
15,dertake
15,diverse
15,population
15,gender
15,identity
15,binary
15,category
15,male
15,female
15,advance
15,contribute
15,conceptualization
15,literature
15,research
15,understanding
15,clinical
15,presentation
15,developmental
15,trajectory
15,write
15,draft
15,preparation
15,write
15,review
15,editing
15,outcomes
15,comorbidity
15,research
15,asd
15,adult
15,espe
15,contribute
15,supervision
15,read
15,approve
15,cially
15,woman
15,gender
15,diverse
15,individual
15,remain
15,limit
15,final
15,manuscript
15,fragment
15,hinder
15,shift
15,terminology
15,systematic
15,review
15,meta
15,-analyse
15,difficult
15,lack
16,eating
16,behaviors
16,autistic
16,woman
16,eating
16,disorder
16,sabrina
16,schröder1
16,annemarie
16,van
16,elburg1
16,annelies
16,spek3
16,unna
16,danner
16,altrecht
16,eating
16,disorders
16,rintveld
16,zeist
16,netherlands
16,s.schroder@altrecht.nl
16,s.s.
16,a.v.e
16,department
16,clinical
16,psychology
16,utrecht
16,university
16,netherlands
16,autism
16,expertise
16,"centrum,3755"
16,eemnes
16,netherlands
16,correspondence
16,u.danner@altrecht.nl
16,abstract
16,background
16,autistic
16,woman
16,eating
16,disorder
16,eds
16,complex
16,eds
16,benefit
16,current
16,treatment
16,reason
16,remain
16,unclear
16,study
16,aim
16,examine
16,eat
16,behavior
16,autistic
16,woman
16,eds
16,non-autistic
16,woman
16,eds
16,autistic
16,woman
16,eds
16,non-autistic
16,female
16,control
16,investigate
16,autism
16,relate
16,eat
16,behavior
16,traditionally
16,disorder
16,eat
16,behavior
16,restrictive
16,food
16,intake
16,disorder
16,related
16,behavior
16,understand
16,complex
16,presentations
16,method
16,cross-sectional
16,study
16,conduct
16,autistic
16,woman
16,eds
16,nonautistic
16,woman
16,eds
16,autistic
16,woman
16,eds
16,non-autistic
16,female
16,control
16,participant
16,complete
16,questionnaire
16,assess
16,eat
16,behavior
16,quality
16,life
16,comorbid
16,psychological
16,symptom
16,result
16,autistic
16,woman
16,eds
16,exhibit
16,level
16,autism
16,relate
16,disorder
16,eat
16,behavior
16,include
16,food
16,selectivity
16,mealtime
16,rigidity
16,sensory
16,related
16,eating
16,difficulty
16,report
16,notable
16,weight
16,shape
16,concern
16,additionally
16,level
16,comorbidity
16,report
16,lower
16,mental
16,health
16,related
16,quality
16,life
16,compare
16,conclusion
16,finding
16,suggest
16,overlap
16,autism
16,related
16,disorder
16,eat
16,behavior
16,contribute
16,complexity
16,severity
16,eds
16,autistic
16,woman
16,potentially
16,limit
16,effectiveness
16,current
16,treatment
16,approach
16,develop
16,autism
16,-informed
16,intervention
16,address
16,sensory
16,sensitivity
16,rigidity
16,cognitive
16,difference
16,improve
16,treatment
16,outcomes
16,future
16,research
16,explore
16,factor
16,interact
16,maintain
16,pathology
16,identify
16,strategy
16,distinguish
16,adaptive
16,academic
16,editor
16,cristina
16,segura
16,maladaptive
16,eating
16,behavior
16,garcia
16,keywords
16,autism
16,spectrum
16,disorder
16,eat
16,disorder
16,disorder
16,eat
16,sensory
16,processing
16,received:15
16,april2025
16,revise
16,may2025
16,accept
16,publish
16,may2025
16,schröder
16,van
16,elburg
16,citation
16,introduction
16,spek
16,danner
16,eating
16,behaviors1
16,autistic
16,woman
16,eating
16,treatment
16,eating
16,disorder
16,eds
16,inherently
16,challenging
16,recent
16,study
16,disorder
16,nutrient
16,suggest
16,presence
16,autism
16,spectrum
16,disorder
16,asd
16,exacerbate
16,ment
16,complexity
16,underlying
16,reason
16,remain
16,unclear
16,problematic
16,copyright
16,eat
16,behavior
16,document
16,autistic
16,acknowledge
16,individual
16,licensee
16,mdpi
16,basel
16,switzerland
16,preference
16,vary
16,autistic
16,community
16,paper
16,adopt
16,identity
16,language
16,autistic
16,person
16,person
16,language
16,person
16,autism
16,distribute
16,term
16,line
16,preferred
16,terminology
16,english
16,speak
16,autism
16,community
16,nocondition
16,creative
16,commons
16,tably
16,netherlands
16,country
16,origin
16,participant
16,person
16,attribution
16,license
16,language
16,prefer
16,identify
16,language
16,individual
16,license
16,nutrient
16,nutrient
16,eat
16,behavior
16,co-occurring
16,diagnosis
16,knowledge
16,gap
16,comorbidity
16,contribute
16,complex
16,clinical
16,presentation
16,eds
16,warrant
16,tailored
16,treatment
16,approach
16,address
16,specific
16,comorbid
16,autism
16,complexity
16,link
16,prevalence
16,distinct
16,feeding
16,eat
16,behavior
16,observe
16,autistic
16,individual
16,associate
16,increase
16,risk
16,develop
16,feeding
16,eat
16,disorder
16,behavior
16,include
16,food
16,selectivity
16,eat
16,restrict
16,range
16,food
16,food
16,neophobia
16,avoid
16,unfamiliar
16,food
16,meal
16,related
16,rigidity
16,insistence
16,specific
16,utensil
16,atypical
16,dietary
16,intake
16,excessive
16,fluid
16,consumption
16,eat
16,pattern
16,serve
16,adaptive
16,function
16,manage
16,sensory
16,sensitivity
16,alleviat
16,social
16,challenge
16,increase
16,risk
16,nutritional
16,deficiencies
16,health
16,complication
16,weight
16,type
16,diabete
16,cardiovascular
16,issue
16,collectively
16,refer
16,autism
16,relate
16,eat
16,behavior
16,recognize
16,eat
16,behavior
16,food
16,neophobia
16,selectivity
16,exclusive
16,autistic
16,individual
16,term
16,autism
16,related
16,eating
16,behavior
16,enhance
16,readability
16,emphasize
16,markedly
16,prevalence
16,autistic
16,individual
16,compare
16,developmental
16,condition
16,adhd
16,intellectual
16,disabilitie
16,eat
16,pattern
16,arise
16,core
16,autism
16,related
16,characteristic
16,include
16,alte
16,sensory
16,processing
16,difference
16,social
16,communication
16,heighten
16,sameness
16,structure
16,predictability
16,notably
16,behavior
16,overlap
16,symptom
16,avoidant
16,restrictive
16,food
16,intake
16,disorder
16,increasingly
16,recognize
16,common
16,autistic
16,individual
16,autistic
16,woman
16,report
16,level
16,autism
16,relate
16,eat
16,behavior
16,alongside
16,engagement
16,traditionally
16,disorder
16,eat
16,behavior
16,link
16,heighten
16,sensory
16,sensitivity
16,cognitive
16,behavioral
16,rigidity
16,increase
16,difficulty
16,emotion
16,regulation
16,heighten
16,challenge
16,social
16,situation
16,involve
16,food
16,eat
16,behavior
16,include
16,restrict
16,food
16,avoid
16,carbohydrate
16,sugar
16,food
16,fear
16,weight
16,gain
16,binge
16,eat
16,purge
16,behavior
16,risk
16,develop
16,eds
16,conceptualize
16,interplay
16,autism
16,trait
16,disorder
16,eat
16,brede
16,propose
16,model
16,sensory
16,sensitivity
16,cognitive
16,rigidity
16,social
16,-emotional
16,difficulty
16,directly
16,indirectly
16,contribute
16,development
16,maintenance
16,disorder
16,eat
16,behavior
16,autistic
16,woman
16,heighten
16,sensory
16,sensitivity
16,lead
16,avoidance
16,texture
16,temperature
16,time
16,contribute
16,restrictive
16,eat
16,pattern
16,study
16,focus
16,autism
16,related
16,trait
16,note
16,contextual
16,factor
16,traumatic
16,experience
16,mask
16,autistic
16,characteristic
16,coping
16,neurotypical
16,social
16,demand
16,camouflage
16,contribute
16,disorder
16,eat
16,autistic
16,individual
16,behavior
16,serve
16,coping
16,strategy
16,emotional
16,distraction
16,arise
16,cognitive
16,emotional
16,resource
16,deplet
16,establish
16,eds
16,autistic
16,woman
16,complexity
16,severity
16,illness
16,duration
16,poorer
16,daily
16,functioning
16,worse
16,term
16,psychological
16,outcome
16,eds
16,non-autistic
16,woman
16,treatment
16,suggest
16,frequently
16,involve
16,intensive
16,intervention
16,prolonge
16,inpatient
16,stay
16,tube
16,feed
16,autistic
16,woman
16,frequently
16,report
16,negative
16,experience
16,treatment
16,develop
16,treatment
16,tailor
16,unique
16,autistic
16,woman
16,eds
16,crucial
16,gain
16,insight
16,specific
16,eating
16,behavior
16,complex
16,severe
16,clinical
16,presentation
16,eds
16,stem
16,interplay
16,autism
16,related
16,traditionally
16,disorder
16,eat
16,behavior
16,difficult
16,nutrient
16,distinguish
16,adaptive
16,maladaptive
16,pattern
16,current
16,treatment
16,protocol
16,cognitive
16,behavioral
16,therapy
16,eds
16,cbt
16,account
16,cooccurrence
16,autism
16,related
16,traditionally
16,disorder
16,eat
16,behavior
16,primarily
16,target
16,weight
16,shape
16,concern
16,key
16,drivers
16,disorder
16,eat
16,behavior
16,nonautistic
16,woman
16,recent
16,research
16,suggest
16,concern
16,play
16,lesser
16,role
16,autistic
16,woman
16,attribute
16,eat
16,difficulty
16,autismrelate
16,challenge
16,sensory
16,sensitivity
16,cognitive
16,behavioral
16,rigidity
16,mismatch
16,contribute
16,poorer
16,treatment
16,outcomes
16,population
16,understand
16,unique
16,eat
16,behavior
16,autistic
16,woman
16,essential
16,inform
16,development
16,targeted
16,autism
16,-inform
16,intervention
16,addition
16,treatment
16,mismatch
16,challenge
16,arise
16,autism
16,define
16,operationalize
16,research
16,study
16,rely
16,sample
16,woman
16,autistic
16,trait
16,subthreshold
16,autism
16,suspect
16,autism
16,research
16,include
16,individual
16,autism
16,spectrum
16,increase
16,inclusivity
16,risk
16,misattribut
16,common
16,personality
16,trait
16,psychiatric
16,symptom
16,autism
16,presence
16,condition
16,schizophrenia
16,obsessive
16,compulsive
16,disorder
16,autism
16,diagnosis
16,require
16,presence
16,interrelated
16,core
16,symptom
16,isolate
16,trait
16,distinguishe
16,autism
16,psychiatic
16,condition
16,essential
16,accurately
16,understand
16,eat
16,behavior
16,autistic
16,woman
16,study
16,focus
16,specifically
16,formally
16,diagnose
16,autistic
16,woman
16,remain
16,unclear
16,eat
16,behavior
16,align
16,non-autistic
16,woman
16,formally
16,diagnose
16,sample
16,essential
16,ensure
16,observe
16,eat
16,behavior
16,autism
16,-specific
16,reflective
16,overlapping
16,feature
16,psychiatric
16,condition
16,social
16,withdrawal
16,individual
16,anorexia
16,nervosa
16,resemble
16,autistic
16,social
16,difficulty
16,stem
16,body
16,related
16,shame
16,desire
16,avoid
16,eat
16,front
16,autism
16,response
16,sharp
16,call
16,quality
16,research
16,eat
16,disorder
16,autistic
16,individual
16,study
16,aim
16,investigate
16,eat
16,behavior
16,autistic
16,woman
16,eds
16,compare
16,behavior
16,non-autistic
16,woman
16,eds
16,autistic
16,woman
16,lifetime
16,non-autistic
16,woman
16,eds
16,set
16,questionnaire
16,study
16,examine
16,broad
16,range
16,eat
16,behavior
16,include
16,autismrelate
16,eat
16,behavior
16,traditionally
16,disorder
16,eat
16,behavior
16,eat
16,behavior
16,observe
16,people
16,arfid
16,hypothesize
16,autistic
16,woman
16,eds
16,report
16,autism
16,relate
16,eat
16,behavior
16,traditionally
16,disorder
16,eat
16,behavior
16,arfid
16,related
16,eating
16,behavior
16,include
16,picky
16,eating
16,compare
16,non-autistic
16,woman
16,eds
16,autistic
16,woman
16,eds
16,control
16,materials
16,methods
16,study
16,design
16,study
16,employ
16,cross-sectional
16,design
16,single
16,time
16,measurement
16,participant
16,complete
16,questionnaire
16,assess
16,eating
16,behavior
16,qualtric
16,software
16,version
16,copyright
16,qualtric
16,study
16,approve
16,medical
16,research
16,ethics
16,committee
16,utrecht
16,netherlands
16,nl74635.041.20
16,institutional
16,review
16,board
16,altrecht
16,mental
16,health
16,institute
16,additionally
16,pre-register
16,overview
16,medical
16,research
16,netherlands
16,omon
16,overzicht
16,van
16,medisch
16,wetenschappelijk
16,onderzoek
16,nederland
16,nutrient
16,participant
16,sample
16,size
16,determine
16,base
16,statistical
16,consideration
16,recruitment
16,feasibility
16,exploratory
16,nature
16,study
16,limit
16,prior
16,data
16,comparable
16,population
16,formal
16,power
16,size
16,approximately
16,participant
16,detection
16,medium
16,effect
16,size
16,cohen
16,larger
16,power
16,alpha
16,level
16,feasibility
16,estimate
16,base
16,annual
16,patient
16,flow
16,participating
16,center
16,suggest
16,propose
16,size
16,realistic
16,study
16,time
16,frame
16,include
16,difficult
16,recruit
16,asd
16,require
16,additional
16,diagnostic
16,assessament
16,total
16,woman
16,participate
16,study
16,divide
16,autistic
16,woman
16,eds
16,asd
16,non-autistic
16,woman
16,eds
16,autistic
16,woman
16,eds
16,asd
16,non-autistic
16,female
16,control
16,control
16,match
16,age
16,participant
16,asd
16,asd
16,recruit
16,center
16,netherlands
16,altrecht
16,eating
16,disorders
16,rintveld
16,specialize
16,center
16,assessment
16,treatment
16,eds
16,asd
16,autism
16,expertise
16,centrum
16,center
16,specialize
16,assessment
16,treatment
16,autism
16,spectrum
16,disorder
16,asd
16,control
16,participant
16,recruit
16,utrecht
16,university
16,participant
16,age
16,inclusion
16,receive
16,letter
16,detailed
16,information
16,study
16,provide
16,write
16,inform
16,consent
16,inclusion
16,exclusion
16,criteria
16,potential
16,participant
16,include
16,level
16,education
16,basic
16,primary
16,education
16,mental
16,disability
16,insufficient
16,proficiency
16,dutch
16,participant
16,exclude
16,base
16,criterion
16,asd
16,include
16,asd
16,participant
16,meet
16,dsm
16,diagnostic
16,criterion
16,participant
16,asd
16,require
16,additional
16,confirm
16,autism
16,spectrum
16,disorder
16,diagnosis
16,altrecht
16,eating
16,disorders
16,rintveld
16,provide
16,treatment
16,individual
16,binge
16,eat
16,disorder
16,bed
16,pica
16,participant
16,include
16,diagnose
16,unspecified
16,feeding
16,eat
16,disorder
16,ufed
16,exclude
16,temporary
16,diagnosis
16,rintveld
16,patient
16,include
16,limited
16,adult
16,diagnosis
16,center
16,patient
16,arfid
16,include
16,study
16,focus
16,specifically
16,autistic
16,woman
16,exhibit
16,autism
16,relate
16,eat
16,behavior
16,traditionally
16,define
16,symptom
16,weight
16,shape
16,concern
16,include
16,individual
16,arfid
16,restrictive
16,eating
16,typically
16,drive
16,concern
16,limit
16,ability
16,examine
16,specific
16,interaction
16,maintain
16,distinction
16,autistic
16,non-autistic
16,participant
16,individual
16,exhibit
16,autistic
16,trait
16,measure
16,autism
16,spectrum
16,quotient
16,exclude
16,asd
16,consist
16,participant
16,diagnose
16,anorexia
16,nervosa
16,binge
16,purge
16,type
16,restrictive
16,type
16,bulimia
16,nervosa
16,feeding
16,eat
16,disorder
16,osfed
16,consist
16,participant
16,binge
16,purge
16,type
16,restrictive
16,type
16,osfed
16,nutrient
16,asd
16,participants
16,asd
16,eligible
16,inclusion
16,autism
16,spectrum
16,disorder
16,diagnosis
16,accord
16,dsm
16,criterion
16,current
16,past
16,eating
16,disorder
16,exclud
16,control
16,control
16,participant
16,include
16,history
16,psychiatric
16,illness
16,determine
16,m.i.n.
16,international
16,neuropsychiatric
16,interview
16,diagnose
16,autism
16,spectrum
16,disorder
16,exhibit
16,autistic
16,trait
16,measure
16,exclude
16,procedure
16,asd
16,altrecht
16,eating
16,disorders
16,rintveld
16,participant
16,rintveld
16,underwent
16,standard
16,diagnostic
16,procedure
16,include
16,eating
16,disorder
16,examination
16,interview
16,ede
16,psychiatric
16,interview
16,medical
16,examination
16,heteroanamnesis
16,caregiver
16,close
16,contact
16,assessment
16,conduct
16,experienced
16,clinician
16,psychiatrist
16,clinical
16,psychologist
16,establish
16,diagnose
16,autism
16,diagnose
16,determine
16,screening
16,procedure
16,participant
16,prior
16,autism
16,diagnosis
16,screening
16,include
16,clinician
16,behavioral
16,observation
16,diagnostic
16,question
16,assess
16,sociocommunicative
16,development
16,social
16,-emotional
16,reciprocity
16,cognitive
16,behavioral
16,flexibility
16,question
16,answer
16,participant
16,caregiver
16,screening
16,result
16,categorize
16,positive
16,autism
16,negative
16,indication
16,autism
16,unclear
16,participant
16,positive
16,unclear
16,screening
16,result
16,underwent
16,autism
16,diagnostic
16,assessment
16,assessment
16,follow
16,dutch
16,multidisciplinary
16,guideline
16,diagnostic
16,treatment
16,autism
16,spectrum
16,disorder
16,adult
16,include
16,semi-structured
16,diagnostic
16,interview
16,developmental
16,anamnesis
16,heteroanamnesis
16,conduct
16,train
16,clinician
16,participant
16,screen
16,negative
16,autism
16,complete
16,score
16,cut
16,exclude
16,study
16,procedure
16,ensure
16,rigorous
16,careful
16,diagnostic
16,process
16,autism
16,diagnose
16,accurate
16,classification
16,participant
16,asd
16,autism
16,expertise
16,centrum
16,participant
16,asd
16,undergo
16,similar
16,diagnostic
16,procedure
16,autism
16,expertise
16,centrum
16,screen
16,eds
16,complete
16,scoff
16,questionnaire
16,additional
16,arfid
16,related
16,question
16,base
16,dsm
16,criterion
16,structured
16,clinical
16,interview
16,dsm
16,scid
16,administer
16,lifetime
16,diagnosis
16,exclud
16,diagnose
16,confirm
16,participant
16,complete
16,assessment
16,battery
16,data
16,collect
16,include
16,demographic
16,information
16,age
16,education
16,clinical
16,characteristic
16,age
16,onset
16,illness
16,duration
16,age
16,autism
16,diagnosis
16,report
16,height
16,weight
16,measurement
16,means
16,body
16,mass
16,index
16,bmi
16,calculate
16,instrument
16,validated
16,instrument
16,assess
16,eat
16,behavior
16,quality
16,life
16,people
16,mental
16,health
16,clinically
16,relevant
16,psychological
16,symptom
16,dutch
16,version
16,eating
16,disorder
16,examination
16,questionnaire
16,edeq
16,measure
16,eat
16,disorder
16,pathology
16,measure
16,consist
16,item
16,nutrient
16,variety
16,answer
16,possibility
16,likert
16,scale
16,question
16,frequency
16,patient
16,engage
16,behavior
16,indicative
16,eat
16,disorder
16,day
16,period
16,global
16,score
16,subscale
16,restraint
16,eat
16,concern
16,shape
16,concern
16,weight
16,concern
16,score
16,eating
16,pathology
16,cronbach
16,alpha
16,score
16,measure
16,level
16,eating
16,mealtime
16,autistic
16,individual
16,intellectual
16,disability
16,autism
16,relate
16,eat
16,behavior
16,dutch
16,translation
16,swedish
16,eating
16,assessment
16,autism
16,spectrum
16,disorder
16,sweaa
16,employ
16,measure
16,consist
16,item
16,subscale
16,single
16,item
16,autism
16,-specific
16,item
16,demographic
16,medical
16,background
16,question
16,means
16,likert
16,scale
16,score
16,add
16,subscore
16,respective
16,subscale
16,perception
16,motor
16,control
16,purchase
16,food
16,eating
16,behavior
16,mealtime
16,surroundings
16,social
16,situation
16,mealtime
16,behavior
16,associate
16,disturbed
16,eating
16,hunger
16,satiety
16,questionnaire
16,single
16,item
16,subscale
16,simultaneous
16,capacity
16,pica
16,cronbach
16,alpha
16,acceptable
16,social
16,situation
16,mealtime
16,subscale
16,exclude
16,analysis
16,dutch
16,translation
16,adult
16,picky
16,eating
16,questionnaire
16,apeq
16,measure
16,picky
16,eating
16,behavior
16,adult
16,multidimensional
16,measure
16,adult
16,picky
16,eat
16,attitude
16,behavior
16,consists
16,item
16,answer
16,means
16,likert
16,scale
16,global
16,score
16,subscale
16,score
16,adult
16,picky
16,eat
16,meal
16,presentation
16,food
16,variety
16,meal
16,disengagement
16,taste
16,aversion
16,cronbach
16,alpha
16,taste
16,aversion
16,subscale
16,subsequently
16,exclude
16,analysis
16,measure
16,level
16,arfid
16,symptomatology
16,dutch
16,translation
16,item
16,arfid
16,screen
16,nias
16,multidimensional
16,construct
16,consist
16,item
16,answer
16,means
16,likert
16,scale
16,item
16,divide
16,subscore
16,fear
16,lack
16,picky
16,eating
16,global
16,score
16,calculate
16,score
16,reflect
16,arfid
16,symptom
16,cronbach
16,alpha
16,mental
16,health
16,quality
16,life
16,questionnaire
16,mhqol
16,measure
16,quality
16,life
16,specifically
16,develop
16,people
16,mental
16,health
16,mhqol
16,consist
16,mhqol
16,scale
16,visual
16,analog
16,scale
16,study
16,mhqol
16,scale
16,question
16,pertain
16,dimension
16,image
16,independence
16,mood
16,relationship
16,daily
16,activity
16,physical
16,health
16,future
16,response
16,level
16,range
16,satisfied
16,dissatisfied
16,score
16,mhqol
16,quality
16,life
16,cronbach
16,alpha
16,dutch
16,version
16,symptom
16,inventory
16,bsi
16,assess
16,psychological
16,symptom
16,bsi
16,consist
16,item
16,comprise
16,symptom
16,dimension
16,somatic
16,complaints
16,cognitive
16,interpersonal
16,sensitivity
16,depresse
16,mood
16,anxiety
16,hostility
16,phobic
16,anxiety
16,paranoid
16,psychoticism
16,item
16,answer
16,means
16,likert
16,scale
16,range
16,score
16,severe
16,symptom
16,study
16,bsi
16,total
16,score
16,additionally
16,global
16,severity
16,index
16,gsi
16,calculate
16,sensitive
16,indicator
16,participant
16,level
16,distress
16,combine
16,information
16,symptom
16,intensity
16,distress
16,top
16,symptom
16,bsi
16,count
16,refer
16,positive
16,symptom
16,finally
16,nutrients
16,severity
16,symptom
16,determine
16,positive
16,symptom
16,distress
16,index
16,psdi
16,reliability
16,bsi
16,total
16,scale
16,study
16,excellent
16,data
16,analysis
16,questionnaire
16,data
16,complete
16,missing
16,response
16,participants
16,measure
16,imputation
16,procedure
16,require
16,statistical
16,analysis
16,conduct
16,ibm
16,spss
16,statistics
16,version
16,univariate
16,anovas
16,independentsample
16,test
16,compare
16,demographic
16,clinical
16,characteristic
16,univariate
16,anova
16,compare
16,outcome
16,eat
16,behavior
16,questionnaire
16,tukey
16,hoc
16,pairwise
16,comparisons
16,employ
16,examine
16,significant
16,difference
16,exploratory
16,nature
16,study
16,modest
16,sample
16,size
16,conceptual
16,overlap
16,outcome
16,measure
16,correction
16,multiple
16,comparison
16,apply
16,result
16,include
16,effect
16,size
16,report
16,support
16,interpretation
16,result
16,demographics
16,clinical
16,characteristics
16,table1
16,demographic
16,clinical
16,characteristic
16,participant
16,asd
16,significantly
16,asd
16,complete
16,education
16,expect
16,asd
16,significantly
16,lower
16,bmi
16,asd
16,control
16,significant
16,difference
16,observ
16,asd
16,regard
16,eat
16,disorder
16,onset
16,illness
16,duration
16,participant
16,asd
16,receive
16,autism
16,diagnose
16,significantly
16,life
16,asd
16,result
16,bsi
16,reveal
16,participant
16,asd
16,report
16,level
16,clinically
16,relevant
16,psychological
16,symptom
16,total
16,score
16,psychological
16,distress
16,global
16,severity
16,index
16,increase
16,severity
16,psychological
16,symptom
16,bsi
16,psdi
16,report
16,symptom
16,bsi
16,compare
16,asd
16,report
16,significantly
16,lower
16,mental
16,health
16,related
16,quality
16,life
16,assess
16,mhqol
16,means
16,sds
16,descriptive
16,variable
16,demographic
16,clinical
16,characteristic
16,asd
16,asd
16,control
16,woman
16,difference
16,asd
16,asd
16,controls
16,class
16,age
16,class
16,care
16,education
16,class
16,class
16,benefit
16,bmi
16,age
16,onset
16,illness
16,duration
16,age
16,autism
16,diagnosis
16,"b,c"
16,"b,c"
16,bsi
16,total
16,"b,c"
16,"b,c"
16,bsi
16,gsi
16,bsi
16,pst
16,"b,c,"
16,",c,d"
16,"b,d"
16,"b,c"
16,"b,c"
16,bsi
16,psdi
16,"b,c"
16,body
16,mass
16,index
16,bsi
16,total
16,symptom
16,inventory
16,total
16,score
16,bsi
16,gsi
16,symptom
16,inventory
16,global
16,severity
16,index
16,bsi
16,pst
16,symptom
16,inventory
16,positive
16,symptom
16,total
16,bsi
16,psdi
16,symptom
16,inventory
16,positive
16,symptom
16,distress
16,index
16,eat
16,disorder
16,mhqol
16,mental
16,health
16,class
16,quality
16,life
16,index
16,asd
16,asd
16,control
16,nutrient
16,eat
16,table2
16,table2
16,asd
16,"b,c"
16,edeq
16,global
16,"c,d"
16,restraint
16,eating
16,concern
16,"b,c"
16,shape
16,concern
16,"b,c"
16,weight
16,concern
16,"b,c,d"
16,sweaa
16,global
16,"b,d"
16,perception
16,motor
16,control
16,benefit
16,purchase
16,food
16,eating
16,behavior
16,mealtime
16,"b,c,"
16,surroundings
16,social
16,situation
16,mealtime
16,behavior
16,associate
16,"b,c,d"
16,disturb
16,eat
16,hunger
16,satiety
16,"b,d"
16,simultaneous
16,capacity
16,pica
16,"b,c,d"
16,apeq
16,global
16,"b,c"
16,meal
16,presentation
16,food
16,variety
16,"b,c,d"
16,"b,c"
16,meal
16,disengagement
16,"b,d"
16,taste
16,aversion
16,nias
16,global
16,"b,c,d"
16,picky
16,eat
16,lack
16,fear
16,"b,c,d"
16,control
16,eat
16,regard
16,port
16,significantly
16,3.2.2
16,autism
16,relate
16,participant
16,mealtime
16,sweaa
16,eat
16,binge
16,heighten
16,sensory
16,related
16,level
16,difficulty
16,behaviors
16,outcome
16,eat
16,behavior
16,instrument
16,sds
16,eat
16,behavior
16,variable
16,asd
16,asd
16,control
16,woman
16,difference
16,asd
16,controls
16,benefit
16,class
16,benefit
16,class
16,benefit
16,benefit
16,benefit
16,benefit
16,benefit
16,benefit
16,"b,c"
16,"a,c"
16,care
16,care
16,"b,c"
16,"b,c"
16,"b,c"
16,"b,c"
16,",c,d"
16,benefit
16,benefit
16,"b,c"
16,"a,c"
16,"b,c"
16,"b,c"
16,"a,d"
16,"a,d"
16,"b,c"
16,"b,c"
16,"b,c"
16,"a,d"
16,"b,c"
16,"b,c"
16,"b,c"
16,"a,d"
16,"a,d"
16,"b,c"
16,care
16,asd
16,asd
16,pathology
16,edeq
16,eat
16,disorder
16,pathology
16,participant
16,asd
16,exhibite
16,eat
16,pathology
16,ede
16,global
16,score
16,regreater
16,concern
16,regard
16,weight
16,shape
16,compare
16,participant
16,eat
16,behaviors
16,-sweaa
16,asd
16,report
16,level
16,autism
16,relate
16,eat
16,swea
16,total
16,specifically
16,exhibit
16,food
16,selectivity
16,behavior
16,symptom
16,commonly
16,associate
16,traditional
16,purge
16,sweaa
16,behavior
16,associate
16,disturbed
16,eating
16,mealtime
16,routines
16,swea
16,mealtime
16,surroundings
16,term
16,eat
16,difficulty
16,participant
16,asd
16,report
16,similar
16,sensory
16,input
16,related
16,food
16,swea
16,perception
16,nutrient
16,control
16,food
16,relate
16,purchase
16,swea
16,purchase
16,food
16,asd
16,significantly
16,level
16,control
16,term
16,simultaneously
16,meal
16,simultaneous
16,capacity
16,asd
16,asd
16,experience
16,difficulty
16,control
16,diagnostic
16,similar
16,difficulty
16,report
16,recognize
16,sensation
16,hunger
16,satiety
16,score
16,observe
16,control
16,significant
16,difference
16,presence
16,pica
16,related
16,behavior
16,adult
16,picky
16,eating
16,behaviors
16,attitudes
16,apeq
16,participant
16,asd
16,exhibit
16,significantly
16,elevate
16,picky
16,eat
16,apeq
16,global
16,score
16,compare
16,display
16,rigidity
16,regard
16,meal
16,presentation
16,preparation
16,apeq
16,meal
16,presentation
16,increase
16,food
16,neophobia
16,apeq
16,food
16,variety
16,pronounced
16,issue
16,mealtime
16,disengagement
16,avoidance
16,apeq
16,meal
16,disengagement
16,participant
16,additionally
16,asd
16,demonstrate
16,tendency
16,reject
16,bitter
16,sour
16,food
16,apeq
16,taste
16,aversion
16,compare
16,control
16,score
16,significantly
16,asd
16,arfid
16,eating
16,behaviors
16,nias
16,participant
16,asd
16,elevate
16,arfid
16,symptomatology
16,nias
16,global
16,score
16,fear
16,choking
16,vomit
16,gastrointestinal
16,distress
16,nias
16,fear
16,diagnostic
16,asd
16,asd
16,similar
16,level
16,food
16,avoidance
16,sensory
16,sensitivity
16,nias
16,picky
16,eating
16,significantly
16,observe
16,control
16,finally
16,participant
16,asd
16,report
16,comparable
16,pattern
16,food
16,avoidance
16,reduce
16,intake
16,lack
16,appetite
16,nias
16,lack
16,score
16,significantly
16,asd
16,control
16,discussion
16,finding
16,study
16,provide
16,insight
16,eating
16,behavior
16,autistic
16,woman
16,eds
16,highlight
16,share
16,unique
16,pattern
16,compare
16,non-autistic
16,woman
16,eds
16,autistic
16,woman
16,eds
16,non-autistic
16,control
16,line
16,hypotheses
16,autistic
16,woman
16,eds
16,report
16,significantly
16,level
16,autism
16,relate
16,eat
16,behavior
16,traditionally
16,disorder
16,eat
16,behavior
16,elevate
16,arfid
16,related
16,symptom
16,picky
16,eat
16,compare
16,specifically
16,experience
16,food
16,related
16,sensory
16,difficulty
16,food
16,selectivity
16,mealrelate
16,rigidity
16,food
16,neophobia
16,disengagement
16,avoidance
16,mealtime
16,interoceptive
16,challenge
16,recognize
16,hunger
16,satiety
16,cue
16,similar
16,non-autistic
16,woman
16,eds
16,impaired
16,autistic
16,woman
16,eds
16,notably
16,autism
16,related
16,eating
16,behavior
16,significantly
16,prevalent
16,autistic
16,woman
16,eds
16,autistic
16,woman
16,eds
16,finding
16,align
16,brede
16,autistic
16,woman
16,restrictive
16,eds
16,display
16,level
16,autism
16,relate
16,eat
16,behavior
16,non-autistic
16,woman
16,restrictive
16,autistic
16,woman
16,eds
16,accord
16,suggest
16,autism
16,related
16,eating
16,behavior
16,feature
16,autism
16,characteristic
16,subgroup
16,autistic
16,woman
16,develop
16,eds
16,contrary
16,prior
16,suggestion
16,study
16,autistic
16,woman
16,eds
16,exhibit
16,elevate
16,disorder
16,eat
16,behavior
16,weight
16,shape
16,concern
16,finding
16,challenge
16,assumption
16,weight
16,shape
16,concern
16,play
16,lesser
16,role
16,development
16,maintenance
16,eds
16,autistic
16,nutrients
16,woman
16,contrast
16,finding
16,brede
16,report
16,lower
16,level
16,disorder
16,eating
16,fewer
16,weight
16,shape
16,concern
16,autistic
16,woman
16,restrictive
16,eds
16,compare
16,non-autistic
16,counterpart
16,potential
16,explanation
16,brede
16,autistic
16,woman
16,arfid
16,exhibit
16,restrictive
16,eat
16,drive
16,weight
16,shape
16,concern
16,explanation
16,heighten
16,weight
16,shape
16,concern
16,study
16,autistic
16,woman
16,view
16,weight
16,shape
16,means
16,social
16,integration
16,previous
16,qualitative
16,research
16,suggest
16,autistic
16,woman
16,focus
16,weight
16,shape
16,conform
16,neurotypical
16,social
16,norm
16,additionally
16,cognitive
16,style
16,common
16,autism
16,literal
16,thinking
16,black
16,white
16,reasoning
16,exacerbate
16,concern
16,reinforce
16,rigid
16,perception
16,weigh
16,thin
16,fat
16,horrible
16,note
16,dutch
16,validation
16,study
16,ede
16,support
16,instrument
16,theorize
16,factor
16,structure
16,include
16,subscale
16,weight
16,shape
16,concern
16,limitation
16,warrants
16,caution
16,interpret
16,subscale
16,assumption
16,autistic
16,woman
16,eds
16,experience
16,weight
16,shape
16,concern
16,finding
16,underline
16,research
16,critically
16,assess
16,belief
16,clarify
16,role
16,population
16,result
16,confirm
16,clinical
16,empirical
16,observation
16,presentations
16,autistic
16,woman
16,tend
16,severe
16,complex
16,complexity
16,stem
16,interplay
16,level
16,autism
16,related
16,disorder
16,eat
16,behavior
16,adaptive
16,food
16,selectivity
16,manage
16,sensory
16,issue
16,maladaptive
16,behavior
16,food
16,restriction
16,weight
16,shape
16,concern
16,simultaneously
16,co-occurrence
16,arfid
16,symptom
16,fear
16,choking
16,gastrointestinal
16,distress
16,complicate
16,clinical
16,picture
16,overlap
16,pose
16,significant
16,clinical
16,challenge
16,hand
16,autism
16,related
16,eating
16,behavior
16,mistakenly
16,pathologize
16,disorder
16,eat
16,behavior
16,pathology
16,misattribute
16,autistic
16,characteristic
16,lead
16,potential
16,misdirection
16,treatment
16,finding
16,bsi
16,mhqol
16,suggest
16,autistic
16,woman
16,eds
16,experience
16,severe
16,psychological
16,distress
16,level
16,comorbid
16,symptom
16,significantly
16,lower
16,mental
16,health
16,related
16,quality
16,life
16,finding
16,highlight
16,pressing
16,tailored
16,treatment
16,approach
16,unique
16,eat
16,behavior
16,observe
16,autistic
16,woman
16,eds
16,standard
16,treatment
16,cbt
16,require
16,modification
16,accommodate
16,alte
16,sensory
16,processing
16,difference
16,information
16,processing
16,rigid
16,style
16,difference
16,social
16,communication
16,critical
16,component
16,autism
16,-inform
16,care
16,distinguish
16,adaptive
16,eat
16,behavior
16,food
16,selectivity
16,manage
16,sensory
16,sensitivity
16,difficulty
16,novelty
16,maladaptive
16,behavior
16,contribute
16,pathology
16,restriction
16,weight
16,concern
16,develop
16,additional
16,treatment
16,module
16,focus
16,distinction
16,clinician
16,validate
16,support
16,beneficial
16,eat
16,strategy
16,effectively
16,address
16,harmful
16,behavior
16,bingeing
16,purge
16,extreme
16,dietary
16,restriction
16,context
16,clinician
16,remain
16,cautious
16,over-attribute
16,eat
16,behavior
16,autism
16,weight
16,shape
16,concern
16,remain
16,significant
16,factor
16,previous
16,assumption
16,autistic
16,woman
16,eds
16,benefit
16,adapt
16,intervention
16,sensory
16,inform
16,strategy
16,modification
16,cognitive
16,-behavioral
16,approaches
16,clinical
16,experience
16,respond
16,standard
16,treatment
16,adjustment
16,subgroup
16,lower
16,level
16,sensory
16,sensitivity
16,cognitive
16,flexibility
16,reduce
16,modification
16,additionally
16,prioritize
16,weight
16,shape
16,concern
16,autism
16,related
16,challenge
16,traditional
16,treatment
16,target
16,possibly
16,relevant
16,nutrients
16,effective
16,recognize
16,variability
16,essential
16,tailor
16,care
16,assume
16,autistic
16,individual
16,require
16,fundamentally
16,approaches
16,identify
16,adaptive
16,maladaptive
16,behavior
16,practical
16,modification
16,treatment
16,autistic
16,woman
16,engage
16,effectivly
16,therapy
16,include
16,provide
16,structured
16,predictable
16,treatment
16,environment
16,adapt
16,therapy
16,pace
16,accommodate
16,information
16,processing
16,difference
16,offer
16,sensory
16,inform
16,nutritional
16,rehabilitation
16,account
16,individual
16,sensory
16,profile
16,implement
16,modification
16,create
16,autism
16,-friendly
16,treatment
16,environment
16,clinician
16,improve
16,treatment
16,accessibility
16,outcome
16,autistic
16,woman
16,eds
16,future
16,research
16,explore
16,autism
16,adapt
16,intervention
16,impact
16,treatment
16,efficacy
16,term
16,recovery
16,trajectory
16,additionally
16,ensure
16,participatory
16,approaches
16,treatment
16,development
16,crucial
16,autistic
16,individual
16,actively
16,involved
16,discussion
16,incorporate
16,autism
16,-specific
16,factor
16,therapy
16,sensory
16,sensitivity
16,cognitive
16,rigidity
16,perspective
16,provide
16,valuable
16,insight
16,weight
16,shape
16,concern
16,interpret
16,address
16,treatment
16,ensure
16,intervention
16,align
16,lived
16,experience
16,clinical
16,strength
16,limitation
16,future
16,direction
16,study
16,methodological
16,strength
16,include
16,diagnostic
16,assessment
16,confirm
16,autism
16,diagnose
16,inclusion
16,autistic
16,non-autistic
16,control
16,limitation
16,acknowledge
16,height
16,weight
16,data
16,report
16,clinically
16,measure
16,approach
16,ensure
16,consistency
16,introduce
16,bia
16,report
16,measure
16,influence
16,participant
16,interpret
16,questionnaire
16,item
16,difficult
16,determine
16,behavior
16,reflect
16,autism
16,related
16,behavior
16,disorder
16,eat
16,behavior
16,sample
16,size
16,adequate
16,plan
16,comparison
16,sufficient
16,conduct
16,covariate
16,adjusted
16,mediation
16,analyse
16,explore
16,difference
16,subtype
16,inclusion
16,subtype
16,reflect
16,clinical
16,reality
16,comorbid
16,autism
16,occur
16,diagnose
16,additional
16,factor
16,subtype
16,symptom
16,severity
16,shape
16,eat
16,behavior
16,autistic
16,woman
16,eds
16,current
16,study
16,desig
16,examine
16,difference
16,represent
16,avenue
16,future
16,research
16,relatedly
16,control
16,potentially
16,confound
16,variable
16,age
16,education
16,influence
16,finding
16,future
16,research
16,investigate
16,age
16,related
16,factor
16,increase
16,life
16,experience
16,improve
16,cop
16,mechanism
16,buffer
16,development
16,disorder
16,eat
16,autistic
16,individual
16,eds
16,observ
16,similar
16,picky
16,eat
16,pattern
16,diagnostic
16,study
16,design
16,disentangle
16,behavior
16,autism
16,driven
16,identify
16,underlying
16,mechanism
16,link
16,sensory
16,sensitivity
16,arfid
16,symptom
16,traditional
16,pathology
16,include
16,individual
16,arfid
16,focus
16,autistic
16,woman
16,traditional
16,profile
16,deliberate
16,decision
16,limit
16,conclusion
16,overlap
16,arfid
16,symptom
16,autism
16,relate
16,eat
16,behavior
16,additionally
16,cultural
16,context
16,shape
16,eat
16,behavior
16,weight
16,shape
16,concern
16,dutch
16,sample
16,limit
16,generalizability
16,partially
16,explain
16,differences
16,study
16,conduct
16,country
16,brede
16,finally
16,multiple
16,statistical
16,comparison
16,conduct
16,formal
16,correction
16,risk
16,type
16,error
16,decision
16,base
16,exploratory
16,aim
16,study
16,interdependence
16,measure
16,conservative
16,correction
16,bonferroni
16,correction
16,inappropriate
16,risk
16,overlook
16,meaningful
16,effect
16,nutrient
16,future
16,research
16,investigate
16,eat
16,behavior
16,potential
16,mechanism
16,underly
16,weight
16,shape
16,concern
16,autistic
16,woman
16,subtype
16,eds
16,autistic
16,characteristic
16,alte
16,sensory
16,processing
16,difference
16,style
16,comorbid
16,symptom
16,interact
16,development
16,maintenance
16,pathology
16,additionally
16,future
16,explore
16,overlappe
16,cooccurr
16,symptom
16,arfid
16,symptom
16,autism
16,relate
16,eat
16,behavior
16,interact
16,traditionally
16,disorder
16,behavior
16,influence
16,treatment
16,response
16,investigate
16,sensory
16,accommodation
16,treatment
16,inadvertently
16,reinforce
16,restrictive
16,eating
16,valuable
16,finally
16,research
16,evaluate
16,specific
16,treatment
16,adaptation
16,sensory
16,inform
16,intervention
16,modification
16,cbt
16,match
16,individual
16,profile
16,support
16,flexible
16,personalize
16,approach
16,care
16,conclusion
16,study
16,highlight
16,complex
16,multifacet
16,nature
16,presentations
16,autistic
16,woman
16,emphasize
16,share
16,distinct
16,feature
16,compare
16,non-autistic
16,woman
16,eds
16,autistic
16,woman
16,eds
16,finding
16,challenge
16,previous
16,assumption
16,limited
16,role
16,weight
16,shape
16,concern
16,underscore
16,importance
16,tailored
16,intervention
16,address
16,autism
16,related
16,traditionally
16,disorder
16,eat
16,behavior
16,develop
16,strategy
16,distinguish
16,adaptive
16,maladaptive
16,behavior
16,foster
16,autism
16,friendly
16,treatment
16,environment
16,clinician
16,researchers
16,improve
16,treatment
16,effectiveness
16,meet
16,population
16,contribution
16,conceptualization
16,u.d.
16,a.v.e.
16,s.s.
16,a.s.
16,methodology
16,u.d.
16,a.v.e.
16,s.s.
16,a.s.
16,formal
16,analysis
16,s.s.
16,u.d.
16,a.v.e
16,a.s.
16,investigation
16,s.s.
16,supervision
16,u.d.
16,a.v.e
16,a.s.
16,write
16,draft
16,preparation
16,s.s.
16,u.d.
16,a.v.e
16,a.s.
16,write
16,review
16,editing
16,s.s.
16,u.d.
16,a.v.e
16,read
16,agree
16,publish
16,version
16,manuscript
16,funding
16,research
16,receive
16,external
16,funding
16,institutional
16,review
16,board
16,statement
16,study
16,conduct
16,accordance
16,declaration
16,helsinki
16,ethical
16,principles
16,psychologist
16,code
16,conduct
16,approve
16,medical
16,research
16,ethics
16,committee
16,utrecht
16,netherlands
16,"nl74635.041.20,11"
16,november
16,institutional
16,review
16,board
16,altrecht
16,mental
16,health
16,institute
16,additionally
16,pre-register
16,overview
16,medical
16,research
16,netherlands
16,omon
16,overzicht
16,van
16,medisch
16,wetenschappelijk
16,onderzoek
16,nederland
16,"nl-omon20463,18"
16,december
16,inform
16,consent
16,statement
16,inform
16,consent
16,obtain
16,subject
16,involved
16,study
16,data
16,availability
16,statement
16,raw
16,data
16,support
16,conclusion
16,reasonable
16,request
16,acknowledgment
16,expert
16,experience
16,nina
16,-read
16,input
16,conflict
16,declare
16,conflict
16,abbreviation
16,follow
16,abbreviation
16,manuscript
16,apeq
16,adult
16,picky
16,eating
16,questionnaire
16,arfid
16,avoidant-restrictive
16,food
16,intake
16,disorder
16,bmi
16,body
16,mass
16,index
16,bsi
16,gsi
16,symptom
16,inventory
16,global
16,severity
16,index
16,nutrients
16,bsi
16,psdi
16,symptom
16,inventory
16,positive
16,symptom
16,distress
16,index
16,bsi
16,pst
16,symptom
16,inventory
16,positive
16,symptom
16,total
16,bsi
16,tot
16,symptom
16,inventory
16,total
16,score
16,eat
16,disorder
16,edeq
16,eating
16,disorder
16,examination
16,questionnaire
16,mhqol
16,mental
16,health
16,quality
16,life
16,sweaa
16,swedish
16,eating
16,assessment
16,autism
16,spectrum
16,disorder
17,fit
17,category
17,box
17,describe
17,explore
17,perspectife
17,autistic
17,woman
17,gender
17,diverse
17,individual
17,report
17,autism
17,measure
17,nora
17,uglik
17,marucha1
17,serafina
17,show1
17,silia
17,vitoratou1
17,francesca
17,happé
17,hannah
17,belcher
17,psychometric
17,measurement
17,lab
17,biostatistics
17,health
17,informatics
17,department
17,institute
17,psychiatry
17,psychology
17,neuroscience
17,king
17,college
17,london
17,london
17,united
17,kingdom
17,social
17,genetic
17,developmental
17,psychiatry
17,centre
17,institute
17,psychiatry
17,psychology
17,neuroscience
17,king
17,college
17,london
17,london
17,united
17,kingdom
17,health
17,service
17,population
17,research
17,institute
17,psychiatry
17,psychology
17,neuroscience
17,king
17,college
17,london
17,london
17,united
17,kingdom
17,joi
17,senior
17,psychological
17,assessment
17,play
17,significant
17,role
17,clinical
17,decision
17,interpretation
17,research
17,finding
17,quality
17,inference
17,depend
17,validity
17,measure
17,recent
17,evidence
17,suggest
17,uglik
17,marucha
17,citation
17,vitoratou
17,happé
17,belcher
17,fit
17,gender
17,difference
17,presentation
17,autism
17,raise
17,concern
17,validity
17,category
17,box
17,describe
17,exist
17,autism
17,tool
17,measure
17,autistic
17,trait
17,woman
17,subsequent
17,implime
17,explore
17,perspectife
17,autistic
17,woman
17,gender
17,diverse
17,individual
17,cation
17,clinical
17,inference
17,research
17,study
17,explore
17,perspectife
17,report
17,autism
17,measure
17,plo
17,autistic
17,woman
17,relevance
17,exist
17,autism
17,questionnaire
17,liv
17,expee0337600
17,rience
17,additional
17,input
17,gender
17,diverse
17,individual
17,assign
17,female
17,pone.0337600
17,birth
17,afab
17,interview
17,focus
17,survey
17,autistic
17,claudia
17,brogna
17,fondazione
17,policlinico
17,editor
17,woman
17,afab
17,gender
17,diverse
17,individual
17,share
17,experience
17,universitario
17,gemelli
17,irccs
17,italy
17,perspectife
17,autism
17,spectrum
17,quotient
17,item
17,ritvo
17,autism
17,asperger
17,receive
17,diagnosntic
17,scale
17,broad
17,autism
17,phenotype
17,questionnaire
17,interview
17,data
17,november
17,accept
17,analyse
17,reflexive
17,thematic
17,analysis
17,identify
17,overarching
17,theme
17,january
17,publish
17,measure
17,autistic
17,autism
17,-friendly
17,plo
17,recognize
17,peer
17,review
17,history
17,manner
17,enhance
17,questionnaire
17,relevance
17,autistic
17,woman
17,individbenefit
17,transparency
17,peer
17,review
17,ual
17,socialise
17,female
17,key
17,missing
17,experience
17,include
17,finding
17,suggest
17,process
17,enable
17,publication
17,content
17,peer
17,review
17,frequently
17,autism
17,measure
17,capture
17,response
17,alongside
17,final
17,publish
17,experience
17,autistic
17,woman
17,afab
17,gender
17,diverse
17,individual
17,significant
17,gap
17,editorial
17,history
17,https://doi.org/10.1371/journal
17,identify
17,aspect
17,participant
17,liv
17,ence
17,miss
17,concern
17,raise
17,questionnaire
17,uglik
17,marucha
17,copyright
17,lack
17,relevance
17,autistic
17,population
17,finding
17,underscore
17,distribute
17,non-satisfactory
17,content
17,validity
17,tool
17,measure
17,autism
17,autistic
17,woman
17,term
17,creative
17,commons
17,attribution
17,plo
17,january
17,license
17,permit
17,unrestricted
17,afab
17,gender
17,diverse
17,individual
17,highlight
17,refinement
17,distribution
17,reproduction
17,medium
17,reflect
17,contemporary
17,understanding
17,presentations
17,autistic
17,trait
17,provide
17,source
17,impact
17,gender
17,experience
17,avoid
17,introduction
17,credite
17,biase
17,remain
17,relevant
17,accessible
17,autistic
17,individual
17,data
17,availability
17,statement
17,data
17,publicly
17,interview
17,transcript
17,confidential
17,personal
17,sensitive
17,information
17,compromise
17,partici
17,introduction
17,pant
17,privacy
17,inclusion
17,individual
17,vulnerable
17,community
17,psychological
17,assessment
17,play
17,significant
17,role
17,clinical
17,decision
17,include
17,identify
17,gender
17,diverse
17,interpretation
17,research
17,finding
17,quality
17,outcome
17,depend
17,accordance
17,consent
17,form
17,disguise
17,extract
17,doctoral
17,validity
17,assessment
17,measure
17,extent
17,thesis
17,related
17,scientific
17,publication
17,instrument
17,measure
17,construct
17,intend
17,measure
17,physical
17,transcript
17,share
17,request
17,property
17,directly
17,measure
17,psychological
17,construct
17,autistic
17,data
17,direct
17,nora
17,trait
17,discuss
17,directly
17,measurable
17,require
17,indirect
17,method
17,uglik
17,marucha
17,kcl.ac.uk
17,king
17,college
17,london
17,assessament
17,crucial
17,ensure
17,psychological
17,measure
17,validly
17,assess
17,research
17,ethics
17,committee
17,(rec@kcl.ac.uk
17,construct
17,effectively
17,test
17,relevant
17,theories
17,draw
17,accurate
17,request
17,review
17,ensure
17,comply
17,inference
17,notably
17,advanced
17,statistical
17,method
17,rectify
17,issue
17,ethical
17,data
17,governance
17,requirement
17,arise
17,construct
17,validity
17,shortcoming
17,shape
17,current
17,knowl
17,fund
17,fund
17,nihr
17,edge
17,practice
17,doctoral
17,fellowship
17,nihr302618
17,partially
17,fund
17,nihr
17,maudsley
17,recently
17,concern
17,grow
17,regard
17,validity
17,psychological
17,assess
17,biomedical
17,research
17,centre
17,south
17,london
17,ment
17,evidence
17,construct
17,validity
17,lack
17,insuffiand
17,maudsley
17,nhs
17,foundation
17,trust
17,king
17,cient
17,schimmack
17,describe
17,issue
17,validation
17,crisis
17,psychology
17,college
17,london
17,funder
17,role
17,urge
17,comprehensive
17,investigation
17,validity
17,widely
17,psychological
17,study
17,design
17,data
17,collection
17,analysis
17,decision
17,publish
17,preparation
17,measure
17,issue
17,extend
17,autism
17,research
17,scholar
17,livingmanuscript
17,additional
17,external
17,funding
17,williams
17,highlight
17,issue
17,receive
17,study
17,validity
17,instrument
17,field
17,dynamic
17,evolve
17,nature
17,competing
17,declare
17,instrument
17,validity
17,deteriorate
17,time
17,evolve
17,theory
17,competing
17,struct
17,substantial
17,change
17,concept
17,autism
17,recent
17,decade
17,concern
17,warrante
17,autism
17,reconceptualise
17,narrow
17,rare
17,diagnosis
17,broader
17,common
17,condition
17,purely
17,childhood
17,limit
17,condition
17,wider
17,lifespan
17,perspective
17,concept
17,autism
17,shifte
17,unitary
17,distinct
17,diagnostic
17,category
17,single
17,underlying
17,acknowledge
17,presence
17,autistic
17,trait
17,diagnostic
17,boundary
17,multiple
17,underlying
17,aetiology
17,co-occurrence
17,condition
17,shift
17,reflect
17,move
17,purely
17,medical
17,model
17,framework
17,increasingly
17,embrace
17,neurodiversity
17,male
17,historically
17,diagnose
17,autistic
17,frequently
17,female
17,commonly
17,report
17,estimate
17,male
17,female
17,ratio
17,approximately
17,recent
17,global
17,estimate
17,suggest
17,ratio
17,closer
17,recent
17,increase
17,diagnose
17,girl
17,woman
17,life
17,underdiagnosis
17,remain
17,significant
17,issue
17,adulthood
17,propose
17,explanation
17,gender
17,disparity
17,emerge
17,evidence
17,autistic
17,trait
17,woman
17,girl
17,subtler
17,describe
17,traditional
17,diagnostic
17,criterion
17,concern
17,plo
17,january
17,raise
17,exist
17,autism
17,assessment
17,capture
17,autistic
17,trait
17,observe
17,female
17,potentially
17,compromise
17,validity
17,measuring
17,autism
17,woman
17,girl
17,crucial
17,note
17,subtler
17,variation
17,autistic
17,trait
17,occur
17,frequently
17,autistic
17,woman
17,average
17,trait
17,strictly
17,gender
17,specific
17,individual
17,gender
17,exhibit
17,presentation
17,relevant
17,proportion
17,autistic
17,individual
17,identify
17,gender
17,diverse
17,assign
17,female
17,birth
17,afab
17,identify
17,level
17,related
17,measurement
17,autism
17,level
17,refer
17,broad
17,construct
17,correspond
17,main
17,domain
17,autism
17,social
17,communication
17,difference
17,restrict
17,repetitive
17,behaviour
17,rrbis
17,abstract
17,level
17,narrow
17,construct
17,represent
17,subdomain
17,main
17,domain
17,include
17,restrict
17,rrbis
17,difference
17,developing
17,maintain
17,understanding
17,relationship
17,social
17,communication
17,domain
17,level
17,relate
17,behavioural
17,exemplar
17,encompass
17,specific
17,behaviour
17,express
17,narrow
17,construct
17,type
17,restrict
17,suggest
17,gender
17,difference
17,autistic
17,trait
17,discuss
17,primarily
17,level
17,narrow
17,construct
17,behavioural
17,exemplar
17,view
17,support
17,cook
17,propose
17,difference
17,manifest
17,behavioural
17,exemplar
17,level
17,recent
17,systematic
17,review
17,meta
17,-analysis
17,narrow
17,construct
17,level
17,autistic
17,female
17,tend
17,exhibit
17,social
17,communication
17,skill
17,autistic
17,male
17,autistic
17,male
17,level
17,rrbis
17,specifically
17,stereotyped
17,behaviour
17,restrict
17,gender
17,difference
17,insistence
17,sameness
17,sensory
17,experience
17,finding
17,inconsistent
17,complex
17,meta
17,-analysis
17,broad
17,construct
17,level
17,meta
17,-analysis
17,broader
17,level
17,suggest
17,autistic
17,female
17,average
17,display
17,fewer
17,rrbi
17,male
17,counterpart
17,recent
17,meta
17,gender
17,difference
17,likewise
17,earlier
17,broad
17,level
17,meta
17,report
17,gender
17,difference
17,social
17,communication
17,recent
17,evaluate
17,social
17,communication
17,broad
17,constituent
17,separately
17,suggest
17,autistic
17,female
17,average
17,demonstrate
17,social
17,interaction
17,skill
17,difference
17,communication
17,line
17,recommendation
17,lai
17,follow
17,discussion
17,elaborate
17,findings
17,meta
17,-analysis
17,regard
17,narrow
17,level
17,autistic
17,trait
17,research
17,narrow
17,construct
17,level
17,remain
17,social
17,communication
17,skill
17,autistic
17,females
17,reflect
17,instance
17,display
17,social
17,motivation
17,seek
17,friendship
17,social
17,interaction
17,compare
17,autistic
17,male
17,facing
17,challenge
17,form
17,maintain
17,friendship
17,resolving
17,conflict
17,social
17,communication
17,skill
17,explain
17,masking
17,conscious
17,unconscious
17,strategy
17,change
17,social
17,behaviour
17,autistic
17,difference
17,apparent
17,compensate
17,facilitate
17,navigation
17,predominantly
17,neurotypical
17,social
17,context
17,aspect
17,masking
17,extend
17,non-autistic
17,people
17,autistic
17,people
17,distinct
17,motive
17,cost
17,modulate
17,gender
17,potentially
17,contribute
17,recognition
17,autism
17,female
17,term
17,rrbis
17,gender
17,difference
17,qualitatively
17,reflect
17,type
17,report
17,autistic
17,female
17,engage
17,relational
17,involve
17,people
17,nature
17,art
17,psychology
17,autistic
17,male
17,cent
17,mechanical
17,theme
17,include
17,technology
17,game
17,vehicle
17,exist
17,autism
17,measure
17,overlook
17,presence
17,autistic
17,social
17,communication
17,difference
17,female
17,gender
17,typicality
17,topic
17,social
17,motivation
17,observe
17,autistic
17,females
17,potentially
17,capture
17,nuanced
17,social
17,interaction
17,challenge
17,accounting
17,masking
17,light
17,substantial
17,change
17,conceptualisation
17,autism
17,emerge
17,evidence
17,diverse
17,presentation
17,adhere
17,haynes
17,recommendation
17,continuous
17,review
17,updating
17,content
17,validity
17,frequently
17,psychological
17,measure
17,constitute
17,crucial
17,aspect
17,construct
17,validation
17,accord
17,haynes
17,content
17,validity
17,degree
17,element
17,assessment
17,instrument
17,relevant
17,representative
17,plo
17,january
17,target
17,construct
17,assessment
17,purpose
17,associate
17,item
17,development
17,content
17,validity
17,apply
17,aspect
17,questionnaire
17,affect
17,data
17,collect
17,include
17,item
17,content
17,instruction
17,response
17,scale
17,scoring
17,haynes
17,elaborate
17,content
17,validity
17,involves
17,ensure
17,measure
17,include
17,item
17,essential
17,representative
17,construct
17,exclude
17,item
17,assess
17,construct
17,target
17,domain
17,maintain
17,score
17,disproportionately
17,influence
17,single
17,facet
17,construct
17,underscore
17,content
17,validity
17,concernd
17,entire
17,scale
17,individual
17,item
17,note
17,content
17,validity
17,conditional
17,necessarily
17,generalise
17,context
17,depend
17,intend
17,measure
17,content
17,valid
17,specific
17,purpose
17,screening
17,necessarily
17,purpose
17,evalua
17,treatment
17,effectiveness
17,inference
17,draw
17,instrument
17,vary
17,depend
17,function
17,similarly
17,content
17,validity
17,conditional
17,target
17,population
17,measure
17,valid
17,ensure
17,content
17,validity
17,measure
17,establish
17,specific
17,target
17,tool
17,context
17,autism
17,assessment
17,report
17,questionnaire
17,autistic
17,trait
17,exhibit
17,satisfactory
17,content
17,validity
17,encompass
17,item
17,cover
17,aspect
17,autism
17,construct
17,define
17,subdomain
17,diagnostic
17,criterion
17,dsm
17,contemporary
17,theories
17,autism
17,instance
17,monotropism
17,include
17,additional
17,facet
17,autism
17,construct
17,identify
17,clinical
17,academic
17,liv
17,-experience
17,expert
17,theory
17,exclude
17,item
17,assess
17,unrelated
17,construct
17,anxiety
17,depression
17,proportionally
17,represent
17,subdomain
17,autism
17,balanced
17,item
17,subdomain
17,weighting
17,aggregate
17,score
17,development
17,item
17,guide
17,measure
17,intend
17,function
17,target
17,population
17,ensure
17,content
17,validity
17,satisfactory
17,fail
17,meet
17,standard
17,lead
17,inference
17,overrepresent
17,omit
17,underrepresent
17,facet
17,construct
17,reflect
17,variable
17,construct
17,domain
17,affect
17,latent
17,variable
17,model
17,internal
17,consistency
17,measure
17,causal
17,model
17,prediction
17,participant
17,selection
17,research
17,treatment
17,effect
17,estimate
17,diagnosis
17,evaluation
17,content
17,validity
17,measure
17,include
17,quantitative
17,qualitative
17,approaches
17,quantitative
17,method
17,involve
17,expert
17,panel
17,evaluate
17,relevance
17,clarity
17,representativeness
17,measure
17,element
17,rating
17,quantify
17,content
17,validity
17,estimate
17,content
17,validity
17,ratio
17,content
17,validity
17,index
17,modify
17,kappa
17,formal
17,content
17,validity
17,analysis
17,bayesian
17,formal
17,content
17,validity
17,analysis
17,summary
17,methods
17,spoto
17,almanasreh
17,colquitt
17,qualitative
17,method
17,interview
17,focus
17,expert
17,individual
17,target
17,population
17,expert
17,experience
17,valuable
17,ensure
17,item
17,relevant
17,representative
17,construct
17,identify
17,missing
17,aspect
17,essential
17,capture
17,intend
17,construct
17,highlight
17,construct
17,refinement
17,pretest
17,questionnaire
17,qualitative
17,method
17,ensure
17,robust
17,item
17,measure
17,construction
17,crucial
17,achieve
17,quality
17,unbiased
17,measurement
17,pretesting
17,identify
17,potential
17,source
17,bia
17,measurement
17,contribute
17,understand
17,membership
17,influence
17,response
17,process
17,question
17,interpretation
17,detect
17,issue
17,questionnaire
17,development
17,adjustment
17,ensure
17,questionnaire
17,accurately
17,measure
17,construct
17,qualitative
17,study
17,involve
17,autistic
17,individual
17,raise
17,concern
17,content
17,validity
17,diagnostic
17,tool
17,questionnaire
17,measure
17,autistic
17,experience
17,relevant
17,autistic
17,people
17,study
17,highlight
17,issue
17,relevance
17,play
17,behaviour
17,assessment
17,diagnostic
17,tool
17,autistic
17,woman
17,assessment
17,overlook
17,impact
17,masking
17,presence
17,play
17,style
17,resemble
17,non-autistic
17,individual
17,study
17,specifically
17,focus
17,experience
17,autistic
17,woman
17,diagnostic
17,assessment
17,united
17,kingdom
17,report
17,diagnostic
17,tool
17,perceive
17,tailor
17,male
17,presentation
17,autism
17,assessment
17,child
17,assessment
17,process
17,lack
17,plo
17,january
17,question
17,trait
17,experience
17,common
17,autistic
17,woman
17,related
17,autistic
17,passion
17,stimm
17,mask
17,menstruation
17,sex
17,menopause
17,experience
17,sexual
17,abuse
17,exploitation
17,date
17,study
17,specifically
17,examine
17,relevance
17,report
17,questionnaire
17,autistic
17,trait
17,autistic
17,woman
17,mixed
17,method
17,study
17,investigate
17,relation
17,autism
17,spectrum
17,quotient
17,girls
17,questionnaire
17,autism
17,spectrum
17,conditions
17,asc
17,camouflaging
17,autistic
17,traits
17,questionnaire
17,cat
17,utilise
17,close
17,question
17,optional
17,comment
17,gather
17,data
17,qualitative
17,finding
17,autistic
17,woman
17,view
17,reinforce
17,stereotypical
17,view
17,autism
17,align
17,autistic
17,experience
17,unsuitable
17,autistic
17,woman
17,mask
17,cat
17,repetitiveness
17,difficulty
17,comprehension
17,participant
17,note
17,necessity
17,level
17,awareness
17,respond
17,item
17,asc
17,deem
17,inappropriate
17,adult
17,diagnose
17,life
17,specific
17,issue
17,identify
17,regard
17,item
17,require
17,respondent
17,compare
17,behaviour
17,girl
17,drawback
17,asc
17,prefer
17,measure
17,study
17,interview
17,explore
17,perspectife
17,chinese
17,autistic
17,female
17,highlight
17,lived
17,experience
17,describe
17,autistic
17,woman
17,challenge
17,stereotypical
17,description
17,autism
17,embed
17,measure
17,overlook
17,experience
17,relevant
17,autistic
17,woman
17,empathy
17,verbal
17,ability
17,understanding
17,social
17,conventions
17,item
17,describe
17,outdated
17,context
17,technologically
17,advanced
17,society
17,difficult
17,interpret
17,partly
17,translation
17,issue
17,grow
17,body
17,research
17,recent
17,focus
17,experience
17,autistic
17,woman
17,gender
17,difference
17,autistic
17,trait
17,raise
17,concern
17,potential
17,gender
17,bia
17,measurement
17,scarcity
17,qualitative
17,study
17,explore
17,autistic
17,woman
17,perspectife
17,relevance
17,autism
17,questionnaire
17,lived
17,experience
17,study
17,address
17,gap
17,conduct
17,depth
17,interview
17,autistic
17,woman
17,evaluate
17,perspectife
17,widely
17,report
17,autism
17,measure
17,autism
17,quotient
17,ritvo
17,autism
17,asperger
17,diagnostic
17,scale
17,raads
17,broad
17,autism
17,phenotype
17,questionnaire
17,bapq
17,include
17,view
17,afab
17,gender
17,diverse
17,individual
17,experience
17,relevant
17,study
17,aim
17,participant
17,terminology
17,term
17,socialise
17,female
17,interchangeably
17,afab
17,gender
17,diverse
17,manuscript
17,capture
17,perspectife
17,study
17,seek
17,understand
17,conceptualisation
17,autism
17,reflect
17,questionnaire
17,item
17,align
17,experience
17,autistic
17,woman
17,afab
17,gender
17,diverse
17,individual
17,ascertain
17,potential
17,presence
17,gender
17,bia
17,measure
17,source
17,identify
17,additional
17,autism
17,related
17,construct
17,include
17,measure
17,relevant
17,population
17,methods
17,procedure
17,ethical
17,approval
17,obtain
17,king
17,college
17,london
17,psychiatry
17,nursing
17,midwifery
17,research
17,ethics
17,subcommittee
17,rec
17,reference
17,qualtric
17,platform
17,provide
17,written
17,video
17,information
17,study
17,obtain
17,inform
17,consent
17,screen
17,collect
17,demographic
17,information
17,capture
17,participant
17,preference
17,interview
17,modality
17,contact
17,information
17,capacity
17,provide
17,consent
17,ensure
17,exclude
17,individual
17,age
17,diagnosis
17,severe
17,intellectual
17,disability
17,severe
17,learn
17,difficulty
17,participant
17,meeting
17,eligibility
17,criterion
17,capacity
17,assume
17,survey
17,material
17,interview
17,guide
17,develop
17,collaboration
17,autistic
17,adult
17,recruit
17,autistica
17,insight
17,autistic
17,collaborator
17,receive
17,compensation
17,voucher
17,hour
17,review
17,material
17,study
17,participation
17,participant
17,recruit
17,autistica
17,charity
17,research
17,platform
17,prolific
17,social
17,media
17,site
17,twitter
17,reddit
17,study
17,advertise
17,research
17,explore
17,perspectife
17,autistic
17,plo
17,january
17,woman
17,gender
17,diverse
17,individual
17,relevance
17,exist
17,autism
17,questionnaire
17,aim
17,inform
17,development
17,measure
17,suit
17,identify
17,autistic
17,trait
17,population
17,autistic
17,adult
17,eligible
17,participate
17,study
17,identify
17,diagnose
17,autistic
17,identify
17,cis
17,tran
17,woman
17,perspective
17,individual
17,afab
17,identify
17,woman
17,fluent
17,english
17,diagnosis
17,severe
17,intellectual
17,disability
17,severe
17,learn
17,difficulty
17,participant
17,identify
17,autistic
17,encourage
17,participate
17,acknowledge
17,underdiagnosis
17,misdiagnosis
17,late
17,diagnosis
17,woman
17,exist
17,barriers
17,autistic
17,individual
17,woman
17,diagnosis
17,ensure
17,experience
17,underrepresented
17,community
17,autism
17,research
17,include
17,participant
17,ethnic
17,minority
17,prioritise
17,interview
17,invitation
17,participant
17,black
17,ethnic
17,background
17,additionally
17,recruit
17,prolific
17,service
17,address
17,low
17,initial
17,interview
17,initial
17,semi-structured
17,interview
17,guide
17,develop
17,research
17,team
17,subsequently
17,review
17,autistic
17,woman
17,autistic
17,individual
17,identify
17,genderfluid
17,feedback
17,inform
17,refinement
17,guide
17,addition
17,question
17,question
17,missing
17,questionnaire
17,result
17,final
17,version
17,study
17,semi-structured
17,interview
17,select
17,maintain
17,balance
17,provide
17,structure
17,flexibility
17,format
17,facilitate
17,additional
17,comment
17,ensure
17,coverage
17,key
17,participant
17,table
17,interview
17,guide
17,modality
17,interview
17,offer
17,participant
17,include
17,individual
17,focus
17,zoom
17,interview
17,qualtric
17,survey
17,write
17,responses.12
17,participant
17,choose
17,interview
17,opt
17,survey
17,participate
17,focus
17,interview
17,offer
17,advantage
17,communication
17,write
17,communication
17,provide
17,autistic
17,participant
17,structured
17,predictable
17,mode
17,communication
17,reduce
17,anxiety
17,prefer
17,autistic
17,individual
17,week
17,schedule
17,interview
17,participant
17,provide
17,interview
17,question
17,relevant
17,measure
17,refer
17,measure
17,section
17,discuss
17,interview
17,num
17,conduct
17,interview
17,participant
17,offer
17,opportunity
17,meet
17,interviewer
17,prior
17,interview
17,participant
17,choose
17,interview
17,audio
17,record
17,transcribe
17,verbatim
17,survey
17,response
17,text
17,format
17,directly
17,copy
17,data
17,file
17,participant
17,provide
17,pseudonym
17,quoting
17,purpose
17,reference
17,quote
17,decision
17,conclude
17,interview
17,finalise
17,sample
17,size
17,guide
17,concept
17,information
17,power
17,richness
17,data
17,relation
17,study
17,aim
17,sample
17,specificity
17,establish
17,theory
17,quality
17,dialogue
17,analytic
17,strategy
17,study
17,aim
17,explore
17,perspectife
17,broadly
17,focus
17,autistic
17,woman
17,socialise
17,female
17,ensure
17,variation
17,diagnostic
17,journey
17,age
17,representation
17,underrepresented
17,community
17,require
17,larger
17,participant
17,capture
17,sufficient
17,diversity
17,diagnostic
17,status
17,age
17,race
17,gender
17,diversity
17,multiple
17,mode
17,communication
17,necessitate
17,additional
17,participant
17,preference
17,specific
17,mode
17,reflect
17,additional
17,diversity
17,verbal
17,participant
17,opt
17,write
17,response
17,require
17,sufficient
17,representation
17,mode
17,explore
17,factor
17,data
17,collection
17,familiarisation
17,conclude
17,22nd
17,interview
17,study
17,achieve
17,satisfactory
17,information
17,power
17,explore
17,research
17,question
17,depth
17,measure
17,participant
17,perceptions
17,experience
17,related
17,select
17,measure
17,autistic
17,trait
17,raads
17,bapq
17,measure
17,select
17,base
17,criterion
17,plos
17,january
17,extensive
17,research
17,cite
17,time
17,google
17,scholar
17,clinical
17,practice
17,recommend
17,national
17,institute
17,health
17,care
17,excellence
17,nice
17,autism
17,screening
17,assessment
17,adult
17,preference
17,shorter
17,version
17,reduce
17,participant
17,burden
17,ritvo
17,autism
17,asperger
17,diagnostic
17,scale
17,revise
17,recommend
17,nice
17,abbreviate
17,form
17,raad
17,selecte
17,brevity
17,measure
17,develop
17,assess
17,broad
17,range
17,autistic
17,trait
17,diagnostic
17,criterion
17,focusing
17,specific
17,domain
17,autism
17,finally
17,measure
17,validate
17,adult
17,population
17,gender
17,open-access
17,measure
17,report
17,measure
17,consisting
17,item
17,assess
17,autistic
17,trait
17,scale
17,range
17,agree
17,to4
17,disagree
17,scoring
17,agree
17,slightly
17,agree
17,score
17,disagree
17,slightly
17,disagree
17,score
17,reverse
17,score
17,item
17,opposite
17,apply
17,non-reverse
17,score
17,questionnaire
17,shorter
17,version
17,autism
17,spectrum
17,quotient
17,recommend
17,nice
17,screen
17,autism
17,adult
17,widely
17,utilise
17,research
17,accumulate
17,citation
17,google
17,scholar
17,commonly
17,employ
17,participant
17,inclusion
17,exclusion
17,criterion
17,study
17,extensive
17,research
17,clinical
17,setting
17,psychometric
17,concern
17,raise
17,regard
17,measure
17,warrant
17,evaluation
17,caution
17,continue
17,raad
17,item
17,report
17,measure
17,autism
17,rate
17,presence
17,autistic
17,trait
17,lifespan
17,option
17,true
17,true
17,true
17,true
17,shorter
17,version
17,item
17,ritvo
17,autism
17,asperger
17,diagnostic
17,scale
17,revise
17,recommend
17,nice
17,assessment
17,autism
17,adult
17,raad
17,receive
17,literature
17,evidence
17,citation
17,google
17,scholar
17,bapq
17,item
17,measure
17,report
17,informant
17,report
17,version
17,questionnaire
17,design
17,assess
17,milder
17,characteristic
17,autistic
17,trait
17,share
17,qualitative
17,similarity
17,main
17,component
17,autism
17,commonly
17,relative
17,autistic
17,people
17,refer
17,broader
17,autism
17,phenotype
17,measure
17,participant
17,rate
17,frequently
17,item
17,applicable
17,range
17,rarely
17,bapq
17,widely
17,recognise
17,research
17,accumulate
17,citation
17,google
17,scholar
17,data
17,analysis
17,data
17,approach
17,aim
17,understand
17,perspectife
17,experience
17,autistic
17,woman
17,socialise
17,female
17,regard
17,exist
17,questionnaire
17,autism
17,reflexive
17,thematic
17,analysis
17,rta
17,choose
17,suitable
17,method
17,offer
17,inductive
17,exploration
17,pattern
17,perspectife
17,data
17,identify
17,themes
17,theoretical
17,flexibility
17,rta
17,inform
17,neurodiversity
17,paradigm
17,emphasise
17,legitimacy
17,autistic
17,voice
17,describe
17,perspectife
17,situate
17,broader
17,sociocultural
17,context
17,lead
17,analysis
17,begin
17,immersion
17,data
17,repeat
17,listen
17,recording
17,re-read
17,transcript
17,initial
17,coding
17,label
17,generate
17,nvivo13
17,macos
17,refin
17,additional
17,round
17,recoding
17,theme
17,develop
17,code
17,share
17,meaning
17,create
17,directory
17,candidate
17,theme
17,subtheme
17,definitions
17,support
17,quotation
17,theme
17,refin
17,discussion
17,research
17,team
17,final
17,draft
17,manuscript
17,share
17,study
17,participant
17,feedback
17,language
17,refer
17,participant
17,theme
17,finding
17,reimburse
17,write
17,process
17,play
17,key
17,role
17,shape
17,analysis
17,finalise
17,theme
17,structure
17,positionality
17,continuously
17,reflect
17,positionality
17,study
17,process
17,recognise
17,researchers
17,experience
17,motivation
17,shape
17,decision
17,interpretation
17,stage
17,study
17,time
17,plo
17,january
17,interview
17,data
17,analysis
17,identify
17,autistic
17,receive
17,official
17,diagnosis
17,identification
17,disclose
17,participant
17,set
17,precedent
17,communicational
17,style
17,shape
17,participant
17,response
17,study
17,motivate
17,postgraduate
17,dissertation
17,autism
17,participant
17,feedback
17,highlight
17,limitation
17,commonly
17,autism
17,measure
17,experience
17,underscor
17,importance
17,community
17,consultation
17,improve
17,measure
17,reflect
17,autistic
17,experience
17,subtle
17,variation
17,autistic
17,trait
17,drive
17,researcher
17,personal
17,experience
17,training
17,expertise
17,lie
17,psychometric
17,inherently
17,view
17,data
17,quantitative
17,lens
17,remain
17,conscious
17,strive
17,embrace
17,subjectivity
17,analysis
17,remain
17,research
17,team
17,comprise
17,neurodivergent
17,neurotypical
17,researchers
17,identify
17,woman
17,gender
17,diverse
17,align
17,conceptualisation
17,autism
17,neurodiversity
17,paradigm
17,result
17,participant
17,characteristic
17,individual
17,initially
17,participate
17,study
17,participant
17,exclude
17,analysis
17,scam
17,activity
17,individual
17,identify
17,scammer
17,base
17,pattern
17,observe
17,previous
17,report
17,fraudulent
17,participant
17,include
17,vague
17,response
17,lack
17,familiarity
17,autistic
17,experience
17,fraudulent
17,score
17,flag
17,post-interview
17,screening
17,qualtrics
17,final
17,sample
17,comprised22
17,participant
17,report
17,diagnosis
17,autism
17,and6
17,identify
17,autistic
17,majority
17,participant
17,identify
17,woman
17,genderqueer
17,agender
17,identify
17,ethnicity
17,identify
17,caucasian
17,asian
17,asian
17,british
17,black
17,african
17,caribbean
17,black
17,british
17,and3
17,belong
17,mix
17,multiple
17,ethnic
17,participant
17,age
17,range
17,half
17,university
17,education
17,additionally
17,half
17,sample
17,report
17,neurodivergence
17,autism
17,majority
17,endorse
17,co-occurr
17,mental
17,health
17,condition
17,detailed
17,demographic
17,table
17,overview
17,theme
17,participant
17,perspective
17,experience
17,item
17,exist
17,autism
17,questionnaire
17,relation
17,experience
17,autism
17,outline
17,overarching
17,themes
17,subtheme
17,fig1
17,theme
17,questionnaire
17,measure
17,autistic
17,autism
17,-friendly
17,manner
17,subtheme
17,stereotypical
17,presentation
17,autism
17,participant
17,express
17,questionnaire
17,emphasise
17,narrow
17,set
17,stereotypical
17,autistic
17,trait
17,commonly
17,associate
17,autism
17,male
17,childhood
17,condition
17,conceptualise
17,medical
17,model
17,disability
17,highlight
17,questionnaire
17,focus
17,describe
17,presentation
17,autistic
17,trait
17,visibly
17,noticeable
17,typically
17,identify
17,autistic
17,childhood
17,boy
17,trait
17,frequently
17,characterise
17,external
17,behaviour
17,view
17,problematic
17,indicative
17,distress
17,stereotypical
17,energy
17,autistic
17,boy
17,sensory
17,issue
17,obvious
17,sensory
17,issue
17,amount
17,trouble
17,communicate
17,people
17,helen
17,woman
17,aged
17,aubrey
17,provide
17,stereotypical
17,perception
17,autism
17,predominantly
17,male
17,childhood
17,condition
17,reflect
17,questionnaire
17,item
17,plo
17,january
17,overview
17,theme
17,subtheme
17,collect
17,information
17,category
17,male
17,boy
17,stereoty
17,picture
17,autism
17,middle
17,aged
17,woman
17,collect
17,information
17,train
17,bit
17,weird
17,answer
17,female
17,adult
17,woman
17,aged
17,item
17,base
17,conceptualisation
17,autism
17,feel
17,irrelevant
17,autistic
17,woman
17,afab
17,normative
17,celebrity
17,animal
17,sandra
17,woman
17,relational
17,game
17,sims
17,poppy
17,-binary
17,aged
17,fashion
17,makeup
17,art
17,gemma
17,woman
17,subject
17,psychology
17,sociology
17,philosophy
17,robin
17,woman
17,-binary
17,aged
17,describe
17,autistic
17,trait
17,observable
17,behaviour
17,recognise
17,participant
17,potentially
17,unsuitable
17,autistic
17,woman
17,individual
17,socialise
17,female
17,influence
17,gender
17,socialisation
17,note
17,woman
17,socialise
17,female
17,feel
17,pressure
17,mask
17,autistic
17,trait
17,perceive
17,visibly
17,autistic
17,kim
17,discuss
17,struggle
17,responding
17,question
17,tend
17,internalise
17,autistic
17,experience
17,express
17,outwardly
17,speak
17,woman
17,-binary
17,people
17,female
17,struggle
17,focus
17,social
17,situation
17,function
17,social
17,struggle
17,outwardly
17,box
17,tick
17,kim
17,-binary
17,aged
17,plos
17,january
17,participant
17,note
17,measure
17,focus
17,outward
17,autistic
17,trait
17,typically
17,associate
17,male
17,autism
17,stereotype
17,internal
17,experience
17,common
17,autistic
17,woman
17,socialise
17,female
17,poppy
17,caution
17,fram
17,trait
17,strictly
17,term
17,gender
17,wary
17,gender
17,split
17,externalised
17,presentation
17,easy
17,spot
17,boy
17,identify
17,autistic
17,child
17,subtle
17,internalised
17,presentation
17,obvious
17,annoying
17,grownup
17,-binary
17,aged
17,participant
17,express
17,feeling
17,questionnaire
17,focus
17,deficit
17,feel
17,reinforce
17,stereotypical
17,perception
17,autism
17,inherently
17,pathological
17,lead
17,feeling
17,judgment
17,offense
17,perspective
17,emphasise
17,ibiode
17,impression
17,autism
17,portray
17,questionnaire
17,feel
17,screening
17,questionnaire
17,feel
17,partner
17,awful
17,life
17,awful
17,autistic
17,ibiode
17,woman
17,aged
17,fatin
17,conclude
17,bit
17,unfortunate
17,people
17,learn
17,autism
17,deficit
17,focus
17,fatin
17,woman
17,aged
17,subtheme
17,nuance
17,participant
17,emphasise
17,lack
17,nuance
17,question
17,note
17,overly
17,specific
17,overly
17,robin
17,explain
17,overly
17,specific
17,statement
17,lead
17,experience
17,exact
17,expression
17,trait
17,perceive
17,statement
17,applicable
17,relevant
17,broader
17,context
17,response
17,cover
17,ear
17,block
17,painful
17,noise
17,autistic
17,people
17,cover
17,ear
17,noise
17,painful
17,noise
17,question
17,robin
17,woman
17,-binary
17,aged
17,build
17,robin
17,emilia
17,highlight
17,overly
17,specific
17,statement
17,suitable
17,autistic
17,individual
17,interpret
17,literally
17,question
17,hidden
17,meaning
17,emilia
17,woman
17,aged
17,specificity
17,statement
17,related
17,sensory
17,sensitivity
17,highlight
17,overemphasis
17,sound
17,hypersensitivity
17,choose
17,sound
17,sensory
17,robin
17,woman
17,-binary
17,aged
17,acknowledgment
17,sensory
17,experience
17,vary
17,individual
17,instance
17,refer
17,sensory
17,input
17,output
17,recognise
17,people
17,sensory
17,sensitivity
17,rose
17,woman
17,autistic
17,people
17,experience
17,hypersensitivity
17,hyposensitivity
17,sensory
17,environment
17,question
17,assume
17,people
17,hypersensitive
17,woman
17,concern
17,raise
17,participant
17,question
17,deem
17,overly
17,aubrey
17,specifically
17,note
17,statement
17,clash
17,nature
17,autistic
17,assume
17,autistic
17,people
17,focused
17,detail
17,difficult
17,generalise
17,question
17,experience
17,woman
17,aged
17,plo
17,january
17,participant
17,feel
17,statement
17,fail
17,account
17,contextual
17,variation
17,behaviour
17,emilia
17,note
17,interaction
17,greatly
17,vary
17,depending
17,factor
17,people
17,write
17,question
17,brain
17,relation
17,answer
17,people
17,hundred
17,hear
17,leave
17,idea
17,answer
17,question
17,emilia
17,woman
17,aged
17,subtheme
17,question
17,require
17,insight
17,participant
17,underscor
17,concern
17,regard
17,question
17,experience
17,relation
17,statement
17,assume
17,insight
17,behaviour
17,perception
17,compare
17,people
17,skye
17,share
17,experience
17,question
17,assume
17,experience
17,people
17,aq10
17,notice
17,sound
17,assume
17,hear
17,amount
17,noise
17,woman
17,aged
17,exacerbate
17,statement
17,account
17,social
17,environment
17,autistic
17,people
17,family
17,friend
17,neurodivergent
17,potentially
17,distort
17,perception
17,typical
17,behaviour
17,experience
17,daisy
17,recall
17,experience
17,note
17,initially
17,perceive
17,autistic
17,trait
17,commonplace
17,dad
17,autistic
17,sibling
17,mum
17,adh
17,undiagnosed
17,childhood
17,view
17,typical
17,family
17,life
17,skew
17,echolalia
17,stimm
17,extreme
17,sensitivity
17,touch
17,taste
17,sound
17,normal
17,notice
17,sound
17,answer
17,family
17,notice
17,sound
17,autistic
17,friend
17,daisy
17,agender
17,aged
17,statement
17,perceive
17,expect
17,insight
17,people
17,feeling
17,reade
17,body
17,language
17,describe
17,unfair
17,autistic
17,people
17,answer
17,recognise
17,cue
17,effectivly
17,participant
17,express
17,uncertainty
17,accurately
17,interpret
17,cue
17,mention
17,statement
17,possibility
17,falsely
17,interpret
17,correctly
17,easy
17,feel
17,feel
17,feel
17,wrong
17,decisions
17,ibiode
17,woman
17,aged
17,participant
17,reflect
17,challenge
17,answer
17,statement
17,impact
17,masking
17,note
17,recognise
17,mask
17,difference
17,masked
17,unmasked
17,require
17,deeper
17,level
17,insight
17,explain
17,gemma
17,bully
17,lot
17,learn
17,mask
17,coping
17,mechanism
17,mask
17,fill
17,incorrect
17,answer
17,awareness
17,identify
17,masking
17,gemma
17,woman
17,aged
17,question
17,observ
17,demand
17,insight
17,autism
17,participant
17,describe
17,experience
17,complete
17,questionnaire
17,depend
17,prior
17,knowledge
17,plo
17,january
17,autism
17,answer
17,change
17,lear
17,question
17,test
17,sarah
17,reflect
17,revisit
17,response
17,assessament
17,responsis
17,insight
17,information
17,answer
17,true
17,sarah
17,genderqueer
17,aged
17,subtheme
17,non-autism
17,friendly
17,process
17,participant
17,note
17,complete
17,questionnaire
17,mentally
17,exhaust
17,autistic
17,people
17,tend
17,detail
17,-orient
17,involve
17,analyse
17,question
17,meticulously
17,consult
17,close
17,friend
17,relative
17,ensure
17,provide
17,precise
17,accurate
17,answer
17,contrast
17,neurotypical
17,individual
17,quicker
17,deliberative
17,approach
17,neurotypical
17,whip
17,quick
17,easy
17,bother
17,phone
17,mum
17,dad
17,cetera
17,bit
17,reckon
17,minute
17,autism
17,assessments
17,spend
17,check
17,check
17,check
17,sort
17,misrepresent
17,emilia
17,woman
17,aged
17,clarify
17,meaning
17,statement
17,ensure
17,misinterpret
17,kim
17,recall
17,experience
17,screening
17,process
17,autism
17,assessament
17,overanalyse
17,bit
17,gps
17,time
17,headspace
17,questionnaire
17,people
17,response
17,questionnaire
17,accurate
17,lot
17,leave
17,blank
17,caveat
17,answer
17,kim
17,-binary
17,aged
17,inability
17,provide
17,accurate
17,response
17,noticeable
17,response
17,scale
17,questionnaire
17,lack
17,quantitative
17,distinction
17,response
17,category
17,lead
17,frustration
17,distinction
17,occasionally
17,rarely
17,sound
17,focused
17,answer
17,true
17,stress
17,sarah
17,genderqueer
17,aged
17,theme
17,enhancing
17,questionnaire
17,relevance
17,autistic
17,woman
17,individual
17,socialise
17,female
17,key
17,miss
17,experience
17,include
17,subtheme
17,masking
17,participant
17,note
17,crucial
17,experience
17,specific
17,autistic
17,woman
17,socialise
17,female
17,missing
17,questionnaire
17,suggest
17,include
17,item
17,mask
17,address
17,specific
17,experience
17,participant
17,emphasise
17,woman
17,socialise
17,female
17,encounter
17,pressure
17,conform
17,social
17,conventions
17,compare
17,society
17,penalise
17,severely
17,social
17,mistake
17,pressure
17,amplify
17,autistic
17,woman
17,aware
17,difference
17,adhering
17,social
17,norm
17,result
17,autistic
17,woman
17,engage
17,masking
17,behaviour
17,autistic
17,crucial
17,aspect
17,reflecte
17,questionnaire
17,enhance
17,relevance
17,autistic
17,woman
17,socialise
17,female
17,female
17,socialise
17,male
17,huge
17,impact
17,lot
17,question
17,badly
17,worded
17,people
17,socialise
17,female
17,type
17,plo
17,january
17,helpful
17,question
17,rule
17,expectation
17,emilia
17,woman
17,aged
17,participant
17,reference
17,statement
17,pertain
17,social
17,interaction
17,talk
17,note
17,mask
17,perform
17,behaviour
17,statement
17,account
17,substantial
17,effort
17,practice
17,teaching
17,develop
17,sarah
17,summarise
17,perspective
17,chit
17,hate
17,inherent
17,sarah
17,genderqueer
17,aged
17,maeve
17,emphasise
17,item
17,masking
17,individual
17,aware
17,concept
17,masking
17,recognise
17,people
17,mask
17,fill
17,autism
17,screen
17,questionnaire
17,necessarily
17,autism
17,question
17,establish
17,mask
17,feel
17,fake
17,deal
17,people
17,maeve
17,woman
17,aged
17,build
17,ibiode
17,emphasise
17,question
17,masking
17,account
17,directly
17,engage
17,specific
17,masking
17,behaviour
17,ideal
17,adulthood
17,ingrained
17,feel
17,integral
17,person
17,identity
17,integration
17,challenge
17,differentiate
17,masking
17,behaviour
17,true
17,masking
17,automatic
17,behaviour
17,question
17,mask
17,pretend
17,adult
17,form
17,bit
17,pretend
17,hard
17,ibiode
17,woman
17,aged
17,participant
17,response
17,scale
17,raads
17,compare
17,presence
17,autistic
17,trait
17,past
17,potentially
17,address
17,concern
17,ruth
17,explain
17,beneficial
17,recognise
17,understand
17,development
17,mask
17,behaviour
17,stage
17,life
17,raads
17,issue
17,issue
17,day
17,ability
17,ability
17,ability
17,mask
17,change
17,age
17,bit
17,arbitrary
17,figure
17,female
17,learn
17,mask
17,ruth
17,woman
17,aged
17,subtheme
17,internal
17,experience
17,autism
17,participant
17,emphasise
17,question
17,explore
17,internal
17,experience
17,autism
17,current
17,questionnaire
17,tend
17,focus
17,external
17,trait
17,identify
17,crucial
17,individual
17,aware
17,autistic
17,behaviour
17,autistic
17,woman
17,outwardly
17,autistic
17,mask
17,question
17,identify
17,internalise
17,autistic
17,trait
17,lear
17,navigate
17,situation
17,neurotypical
17,manner
17,feel
17,natural
17,question
17,focus
17,feel
17,behave
17,behave
17,necessarily
17,autistic
17,person
17,mirror
17,benefit
17,powerfully
17,affect
17,masking
17,powerfully
17,affect
17,gender
17,robin
17,woman
17,binary
17,aged
17,plo
17,january
17,emilia
17,emphasise
17,question
17,specifically
17,delve
17,reason
17,autistic
17,trait
17,note
17,presence
17,suggest
17,understand
17,feel
17,function
17,specific
17,autistic
17,trait
17,crucial
17,simply
17,identify
17,presence
17,behaviour
17,scratch
17,surface
17,autism
17,absolutely
17,cover
17,autistic
17,eat
17,food
17,lot
17,people
17,lot
17,people
17,laziness
17,cheap
17,stop
17,ham
17,autistic
17,system
17,rule
17,easier
17,systematic
17,lot
17,question
17,cover
17,emilia
17,woman
17,aged
17,participant
17,frequently
17,note
17,lack
17,question
17,address
17,internal
17,experience
17,concern
17,internalise
17,meltdown
17,distress
17,note
17,socialisation
17,teach
17,woman
17,socialise
17,female
17,prioritise
17,suppress
17,feeling
17,lead
17,internalise
17,distress
17,display
17,publicly
17,participant
17,highlight
17,harm
17,overwhelm
17,non-autism
17,-friendly
17,environment
17,mask
17,rarely
17,recognise
17,form
17,meltdown
17,feel
17,tendency
17,common
17,woman
17,socialise
17,female
17,suggest
17,include
17,aspect
17,questionnaire
17,relevant
17,validate
17,experience
17,current
17,focus
17,external
17,behaviour
17,argue
17,imply
17,observable
17,behaviour
17,recognise
17,legitimately
17,autistic
17,questionnaire
17,talk
17,overwhelmed
17,poppy
17,harm
17,overwhelm
17,harm
17,overwhelm
17,mental
17,health
17,issue
17,realise
17,completely
17,trigger
17,autism
17,friendly
17,masking
17,questionnaire
17,woman
17,aged
17,subtheme
17,daily
17,life
17,skill
17,repetitive
17,behaviour
17,experience
17,relevant
17,autistic
17,woman
17,identify
17,missing
17,questionnaire
17,include
17,understand
17,navigate
17,daily
17,life
17,significant
17,role
17,repetitive
17,behaviour
17,play
17,influence
17,aspect
17,diet
17,care
17,instance
17,food
17,restrict
17,diet
17,ritual
17,repetitive
17,activity
17,stimming
17,woman
17,aged
17,rrbis
17,highlight
17,repeatedly
17,participant
17,missing
17,eat
17,habits
17,participant
17,mention
17,eat
17,habits
17,professional
17,autistic
17,behaviour
17,include
17,measure
17,meltdown
17,shutdown
17,executive
17,functioning
17,difficulty
17,stimming
17,repetitive
17,behaviour
17,sensory
17,sensitivity
17,texture
17,funny
17,food
17,tip
17,occupational
17,therapist
17,dietetic
17,autistic
17,-binary
17,aged
17,inclusion
17,rrbis
17,highlight
17,context
17,questionnaire
17,overly
17,focus
17,social
17,interaction
17,autistic
17,woman
17,socialise
17,female
17,mask
17,potentially
17,avoid
17,detection
17,measure
17,account
17,participant
17,note
17,potentially
17,serve
17,compensatory
17,strategy
17,distress
17,related
17,mask
17,inclusion
17,pivotal
17,detect
17,mask
17,plo
17,january
17,repetitive
17,behaviour
17,beneficial
17,include
17,feel
17,focus
17,social
17,situation
17,miss
17,lot
17,behaviour
17,compensate
17,masking
17,intensely
17,stimm
17,shutdown
17,danielle
17,woman
17,aged
17,subtheme
17,navigating
17,relationship
17,vulnerability
17,participant
17,strongly
17,emphasise
17,question
17,autistic
17,woman
17,individual
17,socialise
17,female
17,navigate
17,relationship
17,distinct
17,challenge
17,struggle
17,maintaining
17,friendship
17,initiate
17,frequently
17,experience
17,shift
17,social
17,circle
17,reason
17,helen
17,tend
17,develop
17,shallower
17,connection
17,struggle
17,connect
17,deeper
17,level
17,questionnaire
17,acquaintance
17,true
17,friend
17,friend
17,social
17,hear
17,common
17,autistic
17,woman
17,helen
17,woman
17,aged
17,robin
17,underscor
17,unique
17,challenge
17,woman
17,socialise
17,female
17,heighten
17,pressure
17,fit
17,complexity
17,navigating
17,female
17,relationship
17,include
17,autism
17,measure
17,enhance
17,relevance
17,woman
17,perceive
17,fit
17,bit
17,weird
17,social
17,politics
17,easy
17,understand
17,level
17,complexity
17,male
17,friendship
17,robin
17,woman
17,-binary
17,aged
17,vulnerability
17,relationship
17,highlight
17,critical
17,cover
17,questionnaire
17,participant
17,stress
17,question
17,address
17,strong
17,desire
17,acceptance
17,fitte
17,form
17,friendship
17,partnership
17,amidst
17,uncertainty
17,navigat
17,relationship
17,leave
17,vulnerable
17,advantage
17,abuse
17,participant
17,suggest
17,include
17,question
17,autistic
17,woman
17,recognise
17,vulnerability
17,relate
17,autism
17,sarah
17,elaborate
17,experience
17,highlight
17,significance
17,integrat
17,question
17,measure
17,feel
17,people
17,people
17,hurt
17,deceptive
17,vulnerable
17,question
17,conversation
17,super
17,helpful
17,life
17,save
17,safety
17,addition
17,realise
17,autistic
17,impact
17,life
17,liv
17,experience
17,sarah
17,genderqueer
17,aged
17,subtheme
17,strong
17,empathy
17,fairness
17,participant
17,emphasise
17,question
17,empathy
17,connection
17,strong
17,feeling
17,unfairness
17,injustice
17,note
17,empathy
17,autistic
17,individuals
17,varies
17,widely
17,exhibit
17,hyper
17,empathy
17,-empathy
17,robin
17,explain
17,autistic
17,woman
17,hyper
17,empathic
17,spectrum
17,reflecte
17,questionnaire
17,massive
17,bit
17,ridiculously
17,empathetic
17,classic
17,stereotype
17,autistic
17,empathetic
17,autistic
17,empathetic
17,autistic
17,woman
17,capture
17,capture
17,assessment
17,robin
17,woman
17,-binary
17,aged
17,heighten
17,empathy
17,frequently
17,link
17,strong
17,sense
17,justice
17,fairness
17,participant
17,note
17,autistic
17,individual
17,experience
17,feeling
17,deeply
17,intensely
17,neurotypical
17,people
17,describe
17,plo
17,january
17,reluctance
17,compromise
17,injustice
17,risk
17,social
17,disapproval
17,isolation
17,emilia
17,underscor
17,profound
17,connection
17,trait
17,autism
17,surprise
17,question
17,justice
17,fairness
17,fundamental
17,autistic
17,emilia
17,woman
17,aged
17,discussion
17,objective
17,study
17,qualitatively
17,explore
17,relevance
17,frequently
17,autism
17,questionnaire
17,raad
17,bapq
17,experience
17,autistic
17,woman
17,incorporate
17,additional
17,perspectife
17,afab
17,gender
17,diverse
17,individual
17,draw
17,rta
17,depth
17,interview
17,response
17,participant
17,wide
17,range
17,ethnicity
17,age
17,diagnostic
17,journey
17,finding
17,suggest
17,questionnaire
17,capture
17,experience
17,autistic
17,woman
17,socialise
17,female
17,broader
17,issue
17,questionnaire
17,item
17,identify
17,suggest
17,tool
17,lack
17,relevance
17,autistic
17,people
17,finding
17,significant
17,gap
17,questionnaire
17,key
17,aspect
17,experience
17,autistic
17,woman
17,afab
17,gender
17,diverse
17,individual
17,missing
17,result
17,suggest
17,unsatisfactory
17,content
17,validity
17,measure
17,assessing
17,autism
17,woman
17,socialise
17,female
17,emphasise
17,refinement
17,reflect
17,contemporary
17,understanding
17,autism
17,impact
17,gendered
17,experience
17,expectation
17,presentation
17,autistic
17,trait
17,irrelevant
17,missing
17,concept
17,autism
17,questionnaire
17,autistic
17,woman
17,socialise
17,female
17,participant
17,describe
17,report
17,questionnaire
17,reflect
17,narrow
17,stereoty
17,portrayal
17,autistic
17,trait
17,primarily
17,base
17,behaviour
17,typically
17,observe
17,autistic
17,boy
17,apply
17,adult
17,woman
17,finding
17,reflect
17,previous
17,research
17,conduct
17,autistic
17,woman
17,diagnostic
17,tool
17,participant
17,feel
17,measure
17,reinforce
17,male
17,autism
17,stereotype
17,caution
17,attributing
17,set
17,autistic
17,trait
17,strictly
17,gender
17,suggest
17,distinguish
17,external
17,easily
17,observable
17,characteristic
17,internal
17,autistic
17,trait
17,apparent
17,observation
17,perspective
17,partially
17,align
17,research
17,perceive
17,level
17,atypical
17,autistic
17,behaviour
17,perceive
17,difficulty
17,female
17,report
17,vary
17,observer
17,instance
17,teacher
17,parent
17,clinician
17,suggest
17,salient
17,depending
17,environment
17,unlike
17,parent
17,report
17,teacher
17,tend
17,report
17,disruptive
17,atypical
17,behaviour
17,autistic
17,boy
17,autistic
17,girl
17,finding
17,consistent
17,subtler
17,variation
17,autistic
17,trait
17,frequently
17,observ
17,woman
17,girl
17,average
17,conceptualise
17,autism
17,term
17,male
17,female
17,trait
17,risk
17,exclusionary
17,autistic
17,people
17,gender
17,presentation
17,assume
17,autistic
17,woman
17,share
17,presentation
17,autistic
17,trait
17,participant
17,suggestion
17,move
17,gender
17,framework
17,autistic
17,trait
17,highlight
17,research
17,explore
17,alternative
17,conceptualisation
17,collaboration
17,autistic
17,community
17,avoid
17,introduction
17,potentially
17,biase
17,consideration
17,ensure
17,relevance
17,measure
17,autistic
17,woman
17,socialise
17,female
17,advisable
17,focus
17,develop
17,questionnaire
17,capture
17,broad
17,range
17,autistic
17,trait
17,behavioural
17,exemplar
17,level
17,accommodate
17,spectrum
17,presentations
17,create
17,specific
17,version
17,relation
17,measure
17,capture
17,male
17,autism
17,stereotype
17,participant
17,highlight
17,lack
17,relevance
17,question
17,passionate
17,behavioural
17,exemplar
17,accompany
17,question
17,collect
17,information
17,category
17,type
17,car
17,bird
17,train
17,plant
17,etc.
17,resonate
17,autistic
17,woman
17,socialise
17,female
17,normative
17,relational
17,reflect
17,finding
17,literature
17,report
17,autistic
17,woman
17,align
17,typically
17,plo
17,january
17,non-autistic
17,woman
17,girl
17,affinity
17,book
17,art
17,animal
17,people
17,mechanical
17,technology
17,topic
17,commonly
17,endorse
17,autistic
17,male
17,capture
17,passion
17,autistic
17,woman
17,socialise
17,female
17,questionnaire
17,include
17,reflect
17,broader
17,range
17,line
17,participant
17,recommendation
17,emphasise
17,internal
17,experience
17,autism
17,additionally
17,suggest
17,include
17,question
17,address
17,content
17,quality
17,style
17,engagement
17,specifically
17,hyper
17,focus
17,achievement
17,flow
17,intrinsic
17,pleasure
17,strategy
17,regulation
17,monotropic
17,style
17,engagement
17,integrate
17,instance
17,monotropism
17,questionnaire
17,participant
17,emphasise
17,importance
17,relevant
17,question
17,pertain
17,passion
17,questionnaire
17,perceive
17,disproportionately
17,influence
17,autistic
17,socio
17,communication
17,trait
17,score
17,true
17,reflection
17,trait
17,mask
17,nuanced
17,socio-communication
17,difference
17,capture
17,measure
17,significant
17,participant
17,report
17,engage
17,rrbis
17,include
17,autistic
17,passion
17,stimm
17,repetitive
17,behaviour
17,affect
17,daily
17,life
17,skill
17,eat
17,habits
17,compensatory
17,mechanism
17,managing
17,distress
17,burnout
17,associate
17,masking
17,recent
17,study
17,frequent
17,engagement
17,autistic
17,passion
17,distress
17,disengage
17,predict
17,level
17,masking
17,suggest
17,autistic
17,passion
17,possibly
17,function
17,means
17,recovery
17,strain
17,masking
17,association
17,require
17,investigation
17,narrative
17,participant
17,study
17,provide
17,support
17,possibility
17,notably
17,engagement
17,rrbis
17,identify
17,lack
17,questionnaire
17,address
17,autistic
17,passion
17,manner
17,relevant
17,participant
17,accord
17,haynes
17,item
17,construction
17,lead
17,aggregate
17,score
17,overrepresent
17,socio-communication
17,domain
17,autism
17,fail
17,reflect
17,autistic
17,woman
17,experience
17,underrepresent
17,rrbis
17,ultimately
17,satisfactory
17,content
17,validity
17,measure
17,autistic
17,woman
17,socialise
17,female
17,affect
17,screening
17,process
17,influence
17,ultimately
17,refer
17,diagnosis
17,emphasis
17,observable
17,autistic
17,behaviour
17,questionnaire
17,problematic
17,possibly
17,tie
17,historical
17,assessment
17,autism
17,child
17,base
17,external
17,behaviour
17,focus
17,neglect
17,reality
17,autistic
17,woman
17,mask
17,autistic
17,trait
17,autistic
17,increase
17,pressure
17,conform
17,gender
17,cultural
17,expectation
17,woman
17,finding
17,support
17,previous
17,account
17,autistic
17,woman
17,participant
17,emphasise
17,ability
17,perform
17,neurotypical
17,behaviour
17,result
17,gender
17,socialisation
17,perform
17,gender
17,role
17,negate
17,autistic
17,identity
17,skill
17,innate
17,learn
17,maintain
17,considerable
17,personal
17,cost
17,impact
17,mask
17,document
17,literature
17,participant
17,underscor
17,question
17,address
17,internal
17,experience
17,autism
17,counteract
17,limitation
17,rely
17,solely
17,observable
17,behaviour
17,ensure
17,individual
17,mask
17,autistic
17,trait
17,overlook
17,participant
17,specifically
17,recommend
17,inclusion
17,dedicated
17,section
17,masking
17,measure
17,enhance
17,relevance
17,experience
17,autistic
17,woman
17,socialise
17,female
17,mirror
17,similar
17,recommendation
17,diagnostic
17,assessments
17,masking
17,recognise
17,literature
17,barrier
17,accessing
17,diagnosis
17,autistic
17,woman
17,absence
17,question
17,address
17,issue
17,exacerbate
17,barrier
17,encouragingly
17,recent
17,instrument
17,begin
17,incorporate
17,consideration
17,ratto
17,hechler
17,brown
17,groen
17,english
17,participant
17,emphasise
17,section
17,capture
17,experience
17,individual
17,consciously
17,aware
17,masking
17,behaviour
17,pattern
17,consistent
17,report
17,autistic
17,people
17,include
17,item
17,internal
17,experience
17,autism
17,function
17,specific
17,autistic
17,trait
17,focus
17,respondent
17,preference
17,behaviour
17,hechler
17,address
17,revise
17,comprehensive
17,autistic
17,trait
17,inventory
17,cati
17,reformulat
17,item
17,require
17,insight
17,add
17,item
17,aware
17,behaviour
17,importantly
17,inclusion
17,item
17,masking
17,inform
17,research
17,plo
17,january
17,construct
17,autistic
17,masking
17,masking
17,autism
17,-specific
17,form
17,broader
17,human
17,tendency
17,impression
17,management
17,item
17,develop
17,sufficient
17,nuance
17,capture
17,autism
17,-specific
17,aspect
17,conceptualisation
17,continue
17,evolve
17,recognise
17,autistic
17,people
17,engage
17,masking
17,sparingly
17,inclusion
17,masking
17,related
17,item
17,positioned
17,supplementary
17,capacity
17,serve
17,complement
17,responsis
17,core
17,trait
17,inform
17,referral
17,diagnostic
17,assessment
17,individual
17,score
17,standard
17,screening
17,thresholds
17,addition
17,mask
17,rrbis
17,participant
17,identify
17,concept
17,missing
17,measure
17,crucial
17,measure
17,autism
17,relevant
17,autistic
17,woman
17,individual
17,socialise
17,female
17,navigating
17,relationship
17,vulnerability
17,strong
17,empathy
17,strong
17,sense
17,fairness
17,questionnaire
17,heavily
17,focus
17,socio-communication
17,trait
17,fail
17,capture
17,nuanced
17,social
17,communication
17,trait
17,specific
17,lived
17,experience
17,include
17,motivation
17,friendship
17,challenge
17,maintain
17,develop
17,shallower
17,connection
17,struggle
17,connect
17,deeper
17,level
17,heighten
17,pressure
17,fit
17,account
17,support
17,literature
17,pressure
17,fit
17,belong
17,participant
17,vulnerable
17,advantage
17,abuse
17,participant
17,stress
17,include
17,statement
17,vulnerability
17,autistic
17,woman
17,socialise
17,female
17,recognise
17,relate
17,autism
17,potentially
17,offer
17,life
17,save
17,insight
17,emerge
17,study
17,autistic
17,woman
17,experience
17,diagnostic
17,assessment
17,question
17,sexual
17,abuse
17,exploitation
17,deeme
17,mandatory
17,autistic
17,woman
17,report
17,experience
17,sexual
17,domestic
17,violence
17,autism
17,vulnerability
17,factor
17,conversation
17,critical
17,recommend
17,sensitive
17,topics
17,appropriately
17,address
17,diagnostic
17,assessment
17,post-diagnostic
17,support
17,recognise
17,accessibility
17,remain
17,limit
17,system
17,understand
17,autistic
17,trait
17,increase
17,risk
17,experience
17,abuse
17,victimisation
17,vital
17,intend
17,scope
17,screening
17,tool
17,focus
17,solly
17,identify
17,autistic
17,trait
17,participant
17,highlight
17,question
17,empathy
17,concern
17,fairness
17,account
17,autistic
17,woman
17,strong
17,sense
17,justice
17,hyper
17,empathy
17,report
17,literature
17,participant
17,report
17,autistic
17,woman
17,hyper-empathetic
17,autistic
17,male
17,reflect
17,statement
17,measure
17,clinicians
17,similarly
17,note
17,heighten
17,emotional
17,empathy
17,accompany
17,challenge
17,cognitive
17,empathy
17,characteristic
17,autistic
17,woman
17,assessment
17,trait
17,clinically
17,support
17,inclusion
17,item
17,questionnaire
17,autistic
17,people
17,genders
17,report
17,experience
17,hyper
17,empathy
17,research
17,autistic
17,woman
17,emotional
17,cognitive
17,empathy
17,compare
17,autistic
17,male
17,emotional
17,empathy
17,report
17,study
17,heighten
17,autistic
17,people
17,comparison
17,non-autistic
17,people
17,finding
17,mix
17,study
17,level
17,emotional
17,empathy
17,autistic
17,non-autistic
17,individual
17,mixed
17,finding
17,inclusion
17,design
17,item
17,emotional
17,empathy
17,enable
17,accurate
17,investigation
17,construct
17,statement
17,similarly
17,recognise
17,recent
17,revision
17,cati
17,include
17,item
17,addressing
17,empathy
17,overload
17,aspect
17,autism
17,construct
17,identify
17,participant
17,overlook
17,measure
17,suggest
17,poor
17,content
17,validity
17,population
17,perceive
17,autistic
17,woman
17,socialise
17,female
17,inclusion
17,additional
17,construct
17,warrants
17,investigation
17,clinician
17,researcher
17,collaboration
17,autistic
17,community
17,determine
17,incorporate
17,screening
17,measure
17,diagnostic
17,assessment
17,instrument
17,capture
17,broader
17,autistic
17,experience
17,inclusion
17,guide
17,intend
17,purpose
17,measure
17,suitable
17,context
17,broader
17,issue
17,questionnaire
17,broader
17,issue
17,questionnaire
17,item
17,identify
17,apply
17,autistic
17,population
17,require
17,investigation
17,experience
17,autistic
17,people
17,gender
17,include
17,study
17,aspect
17,questionnaire
17,identify
17,non-autism
17,friendly
17,plo
17,january
17,measure
17,perceive
17,portray
17,autistic
17,trait
17,deficit
17,perspective
17,align
17,neurodiversity
17,paradigm
17,leave
17,participant
17,feeling
17,judge
17,offend
17,suggest
17,rephrase
17,statement
17,stigmatising
17,ideally
17,collaboration
17,autistic
17,individual
17,hechler
17,ratto
17,develop
17,measure
17,current
17,conceptualisation
17,autism
17,deeme
17,stigmatising
17,consistent
17,finding
17,literature
17,measure
17,autistic
17,population
17,autistic
17,woman
17,participant
17,highlight
17,item
17,overly
17,specific
17,pertain
17,sensory
17,sensitivity
17,perceive
17,lack
17,context
17,account
17,variation
17,behaviour
17,situation
17,specificity
17,statement
17,enhance
17,incorpora
17,broader
17,range
17,instance
17,hechler
17,ratto
17,lack
17,context
17,address
17,clarify
17,situational
17,variable
17,interaction
17,stranger
17,close
17,acquaintance
17,bapq
17,incorporate
17,asterisk
17,explanation
17,scale
17,approach
17,risk
17,overlook
17,experience
17,familiar
17,environment
17,indoor
17,outdoor
17,setting
17,distinguish
17,prefer
17,nicolaidis
17,suggest
17,include
17,preface
17,instruction
17,provide
17,context
17,response
17,scale
17,insufficiently
17,precise
17,challenge
17,participant
17,differentiate
17,category
17,align
17,exist
17,account
17,autistic
17,people
17,response
17,scale
17,option
17,survey
17,measure
17,participant
17,study
17,raad
17,response
17,scale
17,'true
17,true
17,true
17,true
17,helpful
17,distinguishing
17,masking
17,behaviour
17,life
17,stage
17,address
17,scale
17,developer
17,improve
17,clarity
17,quantify
17,frequency
17,response
17,option
17,occasionally
17,time
17,week
17,possibly
17,pair
17,frequency
17,intensity
17,scale
17,infrequent
17,occurrence
17,intense
17,impactful
17,day
17,functioning
17,nicolaidis
17,suggest
17,add
17,graphics
17,increase
17,clarity
17,response
17,option
17,finally
17,concern
17,raise
17,requirement
17,insight
17,respond
17,questionnaire
17,previously
17,note
17,autistic
17,woman
17,cat
17,study
17,issue
17,identify
17,measure
17,participants
17,feel
17,unfair
17,expect
17,autistic
17,individual
17,accurately
17,compare
17,behaviour
17,perception
17,neurotypical
17,individual
17,understanding
17,typical
17,influence
17,interaction
17,neurodivergent
17,family
17,friend
17,participant
17,emphasise
17,difficulty
17,understanding
17,question
17,note
17,significant
17,knowledge
17,autism
17,require
17,report
17,consult
17,close
17,friend
17,relative
17,clarification
17,confirmation
17,aligning
17,report
17,autistic
17,woman
17,study
17,opportunity
17,clarify
17,response
17,confuse
17,item
17,wording
17,exacerbate
17,participant
17,statement
17,literally
17,broader
17,instructional
17,caveat
17,explain
17,expression
17,specific
17,trait
17,vary
17,widely
17,person
17,person
17,importantly
17,limitation
17,highlight
17,risk
17,-reliance
17,questionnaire
17,cut
17,score
17,evaluation
17,autistic
17,trait
17,result
17,measure
17,regard
17,preliminary
17,underscore
17,importance
17,supplementing
17,questionnaire
17,qualitative
17,approaches
17,research
17,context
17,screening
17,autism
17,primary
17,care
17,setting
17,inclusion
17,qualitative
17,input
17,frequently
17,regard
17,participant
17,study
17,consistent
17,cook
17,recommendation
17,holistic
17,assessments
17,method
17,address
17,inherent
17,constraint
17,report
17,instrument
17,remain
17,routine
17,capture
17,autistic
17,trait
17,follow
17,discussion
17,screen
17,tool
17,completion
17,mitigate
17,issue
17,highlight
17,participant
17,individual
17,contextualise
17,response
17,provide
17,behavioural
17,experience
17,absent
17,questionnaire
17,measure
17,enable
17,researchers
17,healthcare
17,professional
17,probe
17,aspect
17,respondent
17,recognise
17,related
17,autism
17,clinician
17,autistic
17,woman
17,challenge
17,complete
17,questionnaire
17,require
17,prompting
17,question
17,vague
17,suggest
17,trait
17,informative
17,differential
17,diagnosis
17,specific
17,time
17,plo
17,january
17,qualitative
17,assessment
17,challenge
17,feasible
17,primary
17,care
17,setting
17,screen
17,autism
17,research
17,contexts
17,healthcare
17,professional
17,influence
17,biase
17,constrain
17,systemic
17,barriers
17,include
17,limited
17,time
17,insufficient
17,knowledge
17,recognise
17,subtler
17,autistic
17,trait
17,autism
17,broadly
17,underfund
17,wider
17,pressure
17,healthcare
17,system
17,hinder
17,collection
17,comprehensive
17,clinical
17,picture
17,feasibility
17,issue
17,pronounce
17,research
17,contexts
17,study
17,involve
17,thousand
17,participant
17,individual
17,follow
17,interview
17,impractical
17,effort
17,direct
17,address
17,limitation
17,level
17,measurement
17,tool
17,standardise
17,instrument
17,remain
17,practical
17,option
17,term
17,ease
17,cost
17,time
17,efficiency
17,limitation
17,qualitative
17,study
17,aim
17,generalisability
17,finding
17,represent
17,diverse
17,experience
17,autistic
17,woman
17,afab
17,gender
17,diverse
17,individual
17,sample
17,recruit
17,social
17,media
17,biase
17,population
17,capacity
17,platform
17,algorithm
17,shape
17,public
17,opinion
17,remain
17,unclear
17,extent
17,discourse
17,site
17,influenced
17,participant
17,view
17,participation
17,skew
17,individual
17,topic
17,stronger
17,opinion
17,accurately
17,represent
17,demographic
17,specific
17,platform
17,recruit
17,participant
17,university
17,-educated
17,pre-existing
17,research
17,partly
17,recruitment
17,autistica
17,network
17,prolific
17,platform
17,specifically
17,design
17,individual
17,participate
17,research
17,future
17,research
17,benefit
17,explore
17,experience
17,autistic
17,socialise
17,male
17,identify
17,conventional
17,presentation
17,autism
17,understand
17,potential
17,difference
17,similarity
17,experience
17,perception
17,autism
17,measure
17,additionally
17,participant
17,cultural
17,background
17,cultural
17,difference
17,autism
17,understood
17,influence
17,response
17,future
17,study
17,culturally
17,homogeneous
17,samples
17,ensure
17,relevance
17,autism
17,measure
17,item
17,influence
17,cultural
17,factor
17,additionally
17,abbreviate
17,version
17,autism
17,spectrum
17,quotient
17,ritvo
17,autism
17,asperger
17,diagnostic
17,scale
17,revise
17,reduce
17,participant
17,burden
17,limitation
17,measure
17,possibly
17,identify
17,version
17,discussion
17,specific
17,version
17,miss
17,inclusion
17,individual
17,identify
17,autistic
17,strength
17,underdiagnosis
17,misdiagnosis
17,delay
17,diagnosis
17,experience
17,woman
17,intention
17,include
17,perspectife
17,individual
17,potentially
17,overlook
17,current
17,autism
17,measure
17,recognise
17,limit
17,participation
17,formally
17,diagnose
17,individual
17,reinforce
17,exist
17,biase
17,approach
17,limitation
17,identification
17,independently
17,verify
17,evolve
17,time
17,future
17,research
17,prioritise
17,individual
17,maintain
17,autistic
17,identity
17,period
17,time
17,address
17,concern
17,study
17,screen
17,identify
17,participant
17,report
17,tool
17,opt
17,concern
17,regard
17,potential
17,gender
17,bia
17,tool
17,reassuringly
17,grow
17,evidence
17,support
17,inclusion
17,people
17,identify
17,autistic
17,finding
17,align
17,formally
17,diagnose
17,observe
17,study
17,conclusion
17,study
17,examine
17,perspectife
17,autistic
17,woman
17,gender
17,diverse
17,individual
17,socialise
17,female
17,raad
17,bapq
17,finding
17,highlight
17,unsatisfactory
17,content
17,validity
17,tool
17,assessing
17,autism
17,woman
17,socialise
17,female
17,possibly
17,autistic
17,people
17,broadly
17,insights
17,study
17,benefit
17,individual
17,overlook
17,current
17,autism
17,measure
17,autistic
17,woman
17,socialise
17,female
17,provide
17,guidance
17,improve
17,relevance
17,questionnaire
17,plo
17,january
17,experience
17,hope
17,future
17,scale
17,developer
17,finding
17,screen
17,practice
17,inclusive
17,support
17,information
17,table
17,interview
17,guide
17,pdf
17,table
17,demographic
17,characteristic
17,participant
17,acknowledgment
17,express
17,sincere
17,gratitude
17,autistic
17,individual
17,provide
17,feedback
17,study
17,material
17,manuscript
17,participate
17,study
17,valuable
17,contribution
17,engage
17,discussion
17,extend
17,dorota
17,ali
17,valuable
17,comment
17,manuscript
17,contribution
17,conceptualization
17,nora
17,uglik
17,marucha
17,silia
17,vitoratou
17,francesca
17,happé
17,hannah
17,belcher
17,data
17,curation
17,nora
17,uglik
17,marucha
17,formal
17,analysis
17,nora
17,uglik
17,marucha
17,investigation
17,nora
17,uglik
17,marucha
17,methodology
17,nora
17,uglik
17,marucha
17,francesca
17,happé
17,hannah
17,belcher
17,project
17,administration
17,nora
17,uglik
17,marucha
17,serafina
17,supervision
17,silia
17,vitoratou
17,francesca
17,happé
17,hannah
17,belcher
17,visualization
17,nora
17,uglik
17,marucha
17,write
17,draft
17,nora
17,uglik
17,marucha
17,write
17,review
17,editing
17,nora
17,uglik
17,marucha
17,serafina
17,silia
17,vitoratou
17,francesca
17,happé
17,hannah
17,belcher
